weather_scenario,speed_knots,fuel_type,shore_power_decision,distance_nm,cargo_demand_tonnes,deadline_hours,predicted_fuel_lph_avg,fuel_price_per_litre_placeholder,wtw_kgco2e_per_litre_placeholder,pred_linear_regression_lph,pred_svm_svr_lph,pred_random_forest_lph,pred_extra_trees_lph,pred_histgradientboosting_lph,pred_neural_network_mlp_lph,pred_xgboost_lph,pred_lightgbm_lph,pred_catboost_lph,pred_linear_regression_voyage_litres,pred_linear_regression_fuel_cost_placeholder,pred_linear_regression_wtw_kgco2e_placeholder,pred_svm_svr_voyage_litres,pred_svm_svr_fuel_cost_placeholder,pred_svm_svr_wtw_kgco2e_placeholder,pred_random_forest_voyage_litres,pred_random_forest_fuel_cost_placeholder,pred_random_forest_wtw_kgco2e_placeholder,pred_extra_trees_voyage_litres,pred_extra_trees_fuel_cost_placeholder,pred_extra_trees_wtw_kgco2e_placeholder,pred_histgradientboosting_voyage_litres,pred_histgradientboosting_fuel_cost_placeholder,pred_histgradientboosting_wtw_kgco2e_placeholder,pred_neural_network_mlp_voyage_litres,pred_neural_network_mlp_fuel_cost_placeholder,pred_neural_network_mlp_wtw_kgco2e_placeholder,pred_xgboost_voyage_litres,pred_xgboost_fuel_cost_placeholder,pred_xgboost_wtw_kgco2e_placeholder,pred_lightgbm_voyage_litres,pred_lightgbm_fuel_cost_placeholder,pred_lightgbm_wtw_kgco2e_placeholder,pred_catboost_voyage_litres,pred_catboost_fuel_cost_placeholder,pred_catboost_wtw_kgco2e_placeholder
Normal,8.0,Conventional,0,1000,70000,100,367.35840036352965,0.8,3.2,310.91208234975124,437.55240516166094,278.5810028338722,486.8176050654759,398.9482816256427,172.00576808999568,412.9028015136719,357.47819208479353,451.02746454690265,38864.01029371891,31091.20823497513,124364.83293990052,54694.050645207615,43755.24051616609,175020.96206466437,34822.62535423403,27858.100283387223,111432.40113354888,60852.20063318449,48681.7605065476,194727.0420261904,49868.53520320534,39894.82816256428,159579.3126502571,21500.72101124946,17200.57680899957,68802.30723599828,51612.85018920898,41290.28015136719,165161.12060546875,44684.77401059919,35747.819208479355,142991.27683391742,56378.43306836283,45102.74645469026,180410.98581876105
Normal,8.0,Conventional,1,1000,70000,100,367.35840036352965,0.8,3.2,310.91208234975124,437.55240516166094,278.5810028338722,486.8176050654759,398.9482816256427,172.00576808999568,412.9028015136719,357.47819208479353,451.02746454690265,38864.01029371891,31091.20823497513,124364.83293990052,54694.050645207615,43755.24051616609,175020.96206466437,34822.62535423403,27858.100283387223,111432.40113354888,60852.20063318449,48681.7605065476,194727.0420261904,49868.53520320534,39894.82816256428,159579.3126502571,21500.72101124946,17200.57680899957,68802.30723599828,51612.85018920898,41290.28015136719,165161.12060546875,44684.77401059919,35747.819208479355,142991.27683391742,56378.43306836283,45102.74645469026,180410.98581876105
Normal,8.0,LNG,0,1000,70000,100,367.35840036352965,0.65,2.75,310.91208234975124,437.55240516166094,278.5810028338722,486.8176050654759,398.9482816256427,172.00576808999568,412.9028015136719,357.47819208479353,451.02746454690265,38864.01029371891,25261.60669091729,106876.028307727,54694.050645207615,35551.13291938495,150408.63927432094,34822.62535423403,22634.70648025212,95762.21972414358,60852.20063318449,39553.93041156992,167343.55174125734,49868.53520320534,32414.547882083472,137138.47180881468,21500.72101124946,13975.46865731215,59126.98278093602,51612.85018920898,33548.35262298584,141935.3380203247,44684.77401059919,29045.103106889477,122883.12852914775,56378.43306836283,36645.98149443584,155040.69093799777
Normal,8.0,LNG,1,1000,70000,100,367.35840036352965,0.65,2.75,310.91208234975124,437.55240516166094,278.5810028338722,486.8176050654759,398.9482816256427,172.00576808999568,412.9028015136719,357.47819208479353,451.02746454690265,38864.01029371891,25261.60669091729,106876.028307727,54694.050645207615,35551.13291938495,150408.63927432094,34822.62535423403,22634.70648025212,95762.21972414358,60852.20063318449,39553.93041156992,167343.55174125734,49868.53520320534,32414.547882083472,137138.47180881468,21500.72101124946,13975.46865731215,59126.98278093602,51612.85018920898,33548.35262298584,141935.3380203247,44684.77401059919,29045.103106889477,122883.12852914775,56378.43306836283,36645.98149443584,155040.69093799777
Normal,8.0,Methanol,0,1000,70000,100,367.35840036352965,0.55,1.9,310.91208234975124,437.55240516166094,278.5810028338722,486.8176050654759,398.9482816256427,172.00576808999568,412.9028015136719,357.47819208479353,451.02746454690265,38864.01029371891,21375.2056615454,73841.61955806593,54694.050645207615,30081.72785486419,103918.69622589448,34822.62535423403,19152.44394482872,66162.98817304465,60852.20063318449,33468.71034825147,115619.18120305052,49868.53520320534,27427.69436176294,94750.21688609014,21500.72101124946,11825.396556187205,40851.369921373975,51612.85018920898,28387.067604064945,98064.41535949708,44684.77401059919,24576.62570582956,84901.07062013846,56378.43306836283,31008.13818759956,107119.02282988936
Normal,8.0,Methanol,1,1000,70000,100,367.35840036352965,0.55,1.9,310.91208234975124,437.55240516166094,278.5810028338722,486.8176050654759,398.9482816256427,172.00576808999568,412.9028015136719,357.47819208479353,451.02746454690265,38864.01029371891,21375.2056615454,73841.61955806593,54694.050645207615,30081.72785486419,103918.69622589448,34822.62535423403,19152.44394482872,66162.98817304465,60852.20063318449,33468.71034825147,115619.18120305052,49868.53520320534,27427.69436176294,94750.21688609014,21500.72101124946,11825.396556187205,40851.369921373975,51612.85018920898,28387.067604064945,98064.41535949708,44684.77401059919,24576.62570582956,84901.07062013846,56378.43306836283,31008.13818759956,107119.02282988936
Normal,8.0,Hydrogen,0,1000,70000,100,367.35840036352965,1.2,0.5,310.91208234975124,437.55240516166094,278.5810028338722,486.8176050654759,398.9482816256427,172.00576808999568,412.9028015136719,357.47819208479353,451.02746454690265,38864.01029371891,46636.812352462686,19432.005146859454,54694.050645207615,65632.86077424913,27347.025322603808,34822.62535423403,41787.15042508083,17411.312677117014,60852.20063318449,73022.64075982138,30426.100316592245,49868.53520320534,59842.242243846405,24934.26760160267,21500.72101124946,25800.865213499357,10750.36050562473,51612.85018920898,61935.42022705078,25806.42509460449,44684.77401059919,53621.72881271903,22342.387005299595,56378.43306836283,67654.1196820354,28189.21653418141
Normal,8.0,Hydrogen,1,1000,70000,100,367.35840036352965,1.2,0.5,310.91208234975124,437.55240516166094,278.5810028338722,486.8176050654759,398.9482816256427,172.00576808999568,412.9028015136719,357.47819208479353,451.02746454690265,38864.01029371891,46636.812352462686,19432.005146859454,54694.050645207615,65632.86077424913,27347.025322603808,34822.62535423403,41787.15042508083,17411.312677117014,60852.20063318449,73022.64075982138,30426.100316592245,49868.53520320534,59842.242243846405,24934.26760160267,21500.72101124946,25800.865213499357,10750.36050562473,51612.85018920898,61935.42022705078,25806.42509460449,44684.77401059919,53621.72881271903,22342.387005299595,56378.43306836283,67654.1196820354,28189.21653418141
Normal,8.0,Ammonia,0,1000,70000,100,367.35840036352965,0.7,0.8,310.91208234975124,437.55240516166094,278.5810028338722,486.8176050654759,398.9482816256427,172.00576808999568,412.9028015136719,357.47819208479353,451.02746454690265,38864.01029371891,27204.807205603232,31091.20823497513,54694.050645207615,38285.835451645326,43755.24051616609,34822.62535423403,24375.83774796382,27858.100283387223,60852.20063318449,42596.54044322914,48681.7605065476,49868.53520320534,34907.97464224374,39894.82816256428,21500.72101124946,15050.50470787462,17200.57680899957,51612.85018920898,36128.99513244629,41290.28015136719,44684.77401059919,31279.34180741943,35747.819208479355,56378.43306836283,39464.90314785398,45102.74645469026
Normal,8.0,Ammonia,1,1000,70000,100,367.35840036352965,0.7,0.8,310.91208234975124,437.55240516166094,278.5810028338722,486.8176050654759,398.9482816256427,172.00576808999568,412.9028015136719,357.47819208479353,451.02746454690265,38864.01029371891,27204.807205603232,31091.20823497513,54694.050645207615,38285.835451645326,43755.24051616609,34822.62535423403,24375.83774796382,27858.100283387223,60852.20063318449,42596.54044322914,48681.7605065476,49868.53520320534,34907.97464224374,39894.82816256428,21500.72101124946,15050.50470787462,17200.57680899957,51612.85018920898,36128.99513244629,41290.28015136719,44684.77401059919,31279.34180741943,35747.819208479355,56378.43306836283,39464.90314785398,45102.74645469026
Normal,9.0,Conventional,0,1000,70000,100,430.16328382282455,0.8,3.2,371.645813557256,539.9119514915341,280.1993581910651,536.9795037078369,456.805215523996,252.04540611177788,449.4788208007813,443.0920262348962,541.3114587862781,41293.979284139554,33035.18342731165,132140.7337092466,59990.21683239267,47992.17346591414,191968.69386365652,31133.262021229453,24906.60961698357,99626.43846793426,59664.38930087076,47731.51144069661,190926.04576278644,50756.13505822178,40604.908046577424,162419.6321863097,28005.04512353088,22404.0360988247,89616.1443952988,49942.091200086805,39953.672960069445,159814.69184027778,49232.44735943291,39385.957887546334,157543.83155018534,60145.71764291978,48116.57411433583,192466.2964573433
Normal,9.0,Conventional,1,1000,70000,100,430.16328382282455,0.8,3.2,371.645813557256,539.9119514915341,280.1993581910651,536.9795037078369,456.805215523996,252.04540611177788,449.4788208007813,443.0920262348962,541.3114587862781,41293.979284139554,33035.18342731165,132140.7337092466,59990.21683239267,47992.17346591414,191968.69386365652,31133.262021229453,24906.60961698357,99626.43846793426,59664.38930087076,47731.51144069661,190926.04576278644,50756.13505822178,40604.908046577424,162419.6321863097,28005.04512353088,22404.0360988247,89616.1443952988,49942.091200086805,39953.672960069445,159814.69184027778,49232.44735943291,39385.957887546334,157543.83155018534,60145.71764291978,48116.57411433583,192466.2964573433
Normal,9.0,LNG,0,1000,70000,100,430.16328382282455,0.65,2.75,371.645813557256,539.9119514915341,280.1993581910651,536.9795037078369,456.805215523996,252.04540611177788,449.4788208007813,443.0920262348962,541.3114587862781,41293.979284139554,26841.086534690712,113558.44303138377,59990.21683239267,38993.64094105524,164973.09628907984,31133.262021229453,20236.620313799147,85616.470558381,59664.38930087076,38781.85304556599,164077.0705773946,50756.13505822178,32991.487787844155,139579.3714101099,28005.04512353088,18203.27933029507,77013.8740897099,49942.091200086805,32462.359280056426,137340.75080023872,49232.44735943291,32001.090783631396,135389.2302384405,60145.71764291978,39094.71646789786,165400.72351802938
Normal,9.0,LNG,1,1000,70000,100,430.16328382282455,0.65,2.75,371.645813557256,539.9119514915341,280.1993581910651,536.9795037078369,456.805215523996,252.04540611177788,449.4788208007813,443.0920262348962,541.3114587862781,41293.979284139554,26841.086534690712,113558.44303138377,59990.21683239267,38993.64094105524,164973.09628907984,31133.262021229453,20236.620313799147,85616.470558381,59664.38930087076,38781.85304556599,164077.0705773946,50756.13505822178,32991.487787844155,139579.3714101099,28005.04512353088,18203.27933029507,77013.8740897099,49942.091200086805,32462.359280056426,137340.75080023872,49232.44735943291,32001.090783631396,135389.2302384405,60145.71764291978,39094.71646789786,165400.72351802938
Normal,9.0,Methanol,0,1000,70000,100,430.16328382282455,0.55,1.9,371.645813557256,539.9119514915341,280.1993581910651,536.9795037078369,456.805215523996,252.04540611177788,449.4788208007813,443.0920262348962,541.3114587862781,41293.979284139554,22711.688606276755,78458.56063986514,59990.21683239267,32994.61925781597,113981.41198154606,31133.262021229453,17123.2941116762,59153.19784033596,59664.38930087076,32815.41411547892,113362.33967165444,50756.13505822178,27915.87428202198,96436.65661062136,28005.04512353088,15402.774817941983,53209.58573470866,49942.091200086805,27468.150160047742,94889.97328016492,49232.44735943291,27077.846047688105,93541.64998292252,60145.71764291978,33080.14470360588,114276.86352154758
Normal,9.0,Methanol,1,1000,70000,100,430.16328382282455,0.55,1.9,371.645813557256,539.9119514915341,280.1993581910651,536.9795037078369,456.805215523996,252.04540611177788,449.4788208007813,443.0920262348962,541.3114587862781,41293.979284139554,22711.688606276755,78458.56063986514,59990.21683239267,32994.61925781597,113981.41198154606,31133.262021229453,17123.2941116762,59153.19784033596,59664.38930087076,32815.41411547892,113362.33967165444,50756.13505822178,27915.87428202198,96436.65661062136,28005.04512353088,15402.774817941983,53209.58573470866,49942.091200086805,27468.150160047742,94889.97328016492,49232.44735943291,27077.846047688105,93541.64998292252,60145.71764291978,33080.14470360588,114276.86352154758
Normal,9.0,Hydrogen,0,1000,70000,100,430.16328382282455,1.2,0.5,371.645813557256,539.9119514915341,280.1993581910651,536.9795037078369,456.805215523996,252.04540611177788,449.4788208007813,443.0920262348962,541.3114587862781,41293.979284139554,49552.77514096746,20646.989642069777,59990.21683239267,71988.2601988712,29995.108416196334,31133.262021229453,37359.91442547534,15566.631010614728,59664.38930087076,71597.2671610449,29832.19465043538,50756.13505822178,60907.36206986613,25378.06752911089,28005.04512353088,33606.054148237046,14002.522561765438,49942.091200086805,59930.50944010416,24971.0456000434,49232.44735943291,59078.93683131949,24616.22367971645,60145.71764291978,72174.86117150373,30072.85882145989
Normal,9.0,Hydrogen,1,1000,70000,100,430.16328382282455,1.2,0.5,371.645813557256,539.9119514915341,280.1993581910651,536.9795037078369,456.805215523996,252.04540611177788,449.4788208007813,443.0920262348962,541.3114587862781,41293.979284139554,49552.77514096746,20646.989642069777,59990.21683239267,71988.2601988712,29995.108416196334,31133.262021229453,37359.91442547534,15566.631010614728,59664.38930087076,71597.2671610449,29832.19465043538,50756.13505822178,60907.36206986613,25378.06752911089,28005.04512353088,33606.054148237046,14002.522561765438,49942.091200086805,59930.50944010416,24971.0456000434,49232.44735943291,59078.93683131949,24616.22367971645,60145.71764291978,72174.86117150373,30072.85882145989
Normal,9.0,Ammonia,0,1000,70000,100,430.16328382282455,0.7,0.8,371.645813557256,539.9119514915341,280.1993581910651,536.9795037078369,456.805215523996,252.04540611177788,449.4788208007813,443.0920262348962,541.3114587862781,41293.979284139554,28905.785498897687,33035.18342731165,59990.21683239267,41993.15178267487,47992.17346591414,31133.262021229453,21793.283414860616,24906.60961698357,59664.38930087076,41765.07251060953,47731.51144069661,50756.13505822178,35529.29454075524,40604.908046577424,28005.04512353088,19603.53158647161,22404.0360988247,49942.091200086805,34959.46384006076,39953.672960069445,49232.44735943291,34462.713151603035,39385.957887546334,60145.71764291978,42102.00235004384,48116.57411433583
Normal,9.0,Ammonia,1,1000,70000,100,430.16328382282455,0.7,0.8,371.645813557256,539.9119514915341,280.1993581910651,536.9795037078369,456.805215523996,252.04540611177788,449.4788208007813,443.0920262348962,541.3114587862781,41293.979284139554,28905.785498897687,33035.18342731165,59990.21683239267,41993.15178267487,47992.17346591414,31133.262021229453,21793.283414860616,24906.60961698357,59664.38930087076,41765.07251060953,47731.51144069661,50756.13505822178,35529.29454075524,40604.908046577424,28005.04512353088,19603.53158647161,22404.0360988247,49942.091200086805,34959.46384006076,39953.672960069445,49232.44735943291,34462.713151603035,39385.957887546334,60145.71764291978,42102.00235004384,48116.57411433583
Normal,10.0,Conventional,0,1000,70000,100,473.6343768136676,0.8,3.2,432.37954476476096,652.6128138402777,271.8682198787247,607.802169361111,461.55048627176126,346.2801321301944,498.0434265136719,456.26428863249424,535.9083099300125,43237.954476476094,34590.36358118088,138361.4543247235,65261.281384027774,52209.02510722222,208836.1004288889,27186.821987872467,21749.45759029797,86997.8303611919,60780.2169361111,48624.17354888888,194496.69419555552,46155.048627176126,36924.0389017409,147696.1556069636,34628.01321301944,27702.41057041555,110809.6422816622,49804.34265136719,39843.47412109375,159373.896484375,45626.42886324942,36501.14309059954,146004.57236239815,53590.83099300125,42872.66479440101,171490.659177604
Normal,10.0,Conventional,1,1000,70000,100,473.6343768136676,0.8,3.2,432.37954476476096,652.6128138402777,271.8682198787247,607.802169361111,461.55048627176126,346.2801321301944,498.0434265136719,456.26428863249424,535.9083099300125,43237.954476476094,34590.36358118088,138361.4543247235,65261.281384027774,52209.02510722222,208836.1004288889,27186.821987872467,21749.45759029797,86997.8303611919,60780.2169361111,48624.17354888888,194496.69419555552,46155.048627176126,36924.0389017409,147696.1556069636,34628.01321301944,27702.41057041555,110809.6422816622,49804.34265136719,39843.47412109375,159373.896484375,45626.42886324942,36501.14309059954,146004.57236239815,53590.83099300125,42872.66479440101,171490.659177604
Normal,10.0,LNG,0,1000,70000,100,473.6343768136676,0.65,2.75,432.37954476476096,652.6128138402777,271.8682198787247,607.802169361111,461.55048627176126,346.2801321301944,498.0434265136719,456.26428863249424,535.9083099300125,43237.954476476094,28104.670409709463,118904.37481030928,65261.281384027774,42419.83289961806,179468.52380607638,27186.821987872467,17671.434292117105,74763.76046664928,60780.2169361111,39507.141008472216,167145.59657430553,46155.048627176126,30000.78160766448,126926.38372473436,34628.01321301944,22508.20858846264,95227.03633580344,49804.34265136719,32372.822723388672,136961.94229125977,45626.42886324942,29657.178761112125,125472.67937393591,53590.83099300125,34834.04014545081,147374.78523075342
Normal,10.0,LNG,1,1000,70000,100,473.6343768136676,0.65,2.75,432.37954476476096,652.6128138402777,271.8682198787247,607.802169361111,461.55048627176126,346.2801321301944,498.0434265136719,456.26428863249424,535.9083099300125,43237.954476476094,28104.670409709463,118904.37481030928,65261.281384027774,42419.83289961806,179468.52380607638,27186.821987872467,17671.434292117105,74763.76046664928,60780.2169361111,39507.141008472216,167145.59657430553,46155.048627176126,30000.78160766448,126926.38372473436,34628.01321301944,22508.20858846264,95227.03633580344,49804.34265136719,32372.822723388672,136961.94229125977,45626.42886324942,29657.178761112125,125472.67937393591,53590.83099300125,34834.04014545081,147374.78523075342
Normal,10.0,Methanol,0,1000,70000,100,473.6343768136676,0.55,1.9,432.37954476476096,652.6128138402777,271.8682198787247,607.802169361111,461.55048627176126,346.2801321301944,498.0434265136719,456.26428863249424,535.9083099300125,43237.954476476094,23780.87496206185,82152.11350530457,65261.281384027774,35893.70476121528,123996.43462965277,27186.821987872467,14952.752093329858,51654.96177695769,60780.2169361111,33429.119314861106,115482.41217861108,46155.048627176126,25385.27674494687,87694.59239163464,34628.01321301944,19045.40726716069,65793.22510473694,49804.34265136719,27392.38845825196,94628.25103759766,45626.42886324942,25094.535874787183,86690.2148401739,53590.83099300125,29474.95704615069,101822.57888670237
Normal,10.0,Methanol,1,1000,70000,100,473.6343768136676,0.55,1.9,432.37954476476096,652.6128138402777,271.8682198787247,607.802169361111,461.55048627176126,346.2801321301944,498.0434265136719,456.26428863249424,535.9083099300125,43237.954476476094,23780.87496206185,82152.11350530457,65261.281384027774,35893.70476121528,123996.43462965277,27186.821987872467,14952.752093329858,51654.96177695769,60780.2169361111,33429.119314861106,115482.41217861108,46155.048627176126,25385.27674494687,87694.59239163464,34628.01321301944,19045.40726716069,65793.22510473694,49804.34265136719,27392.38845825196,94628.25103759766,45626.42886324942,25094.535874787183,86690.2148401739,53590.83099300125,29474.95704615069,101822.57888670237
Normal,10.0,Hydrogen,0,1000,70000,100,473.6343768136676,1.2,0.5,432.37954476476096,652.6128138402777,271.8682198787247,607.802169361111,461.55048627176126,346.2801321301944,498.0434265136719,456.26428863249424,535.9083099300125,43237.954476476094,51885.54537177131,21618.977238238047,65261.281384027774,78313.53766083333,32630.640692013887,27186.821987872467,32624.18638544696,13593.410993936232,60780.2169361111,72936.26032333332,30390.10846805555,46155.048627176126,55386.05835261135,23077.524313588063,34628.01321301944,41553.61585562333,17314.00660650972,49804.34265136719,59765.21118164063,24902.171325683597,45626.42886324942,54751.714635899305,22813.21443162471,53590.83099300125,64308.99719160149,26795.415496500624
Normal,10.0,Hydrogen,1,1000,70000,100,473.6343768136676,1.2,0.5,432.37954476476096,652.6128138402777,271.8682198787247,607.802169361111,461.55048627176126,346.2801321301944,498.0434265136719,456.26428863249424,535.9083099300125,43237.954476476094,51885.54537177131,21618.977238238047,65261.281384027774,78313.53766083333,32630.640692013887,27186.821987872467,32624.18638544696,13593.410993936232,60780.2169361111,72936.26032333332,30390.10846805555,46155.048627176126,55386.05835261135,23077.524313588063,34628.01321301944,41553.61585562333,17314.00660650972,49804.34265136719,59765.21118164063,24902.171325683597,45626.42886324942,54751.714635899305,22813.21443162471,53590.83099300125,64308.99719160149,26795.415496500624
Normal,10.0,Ammonia,0,1000,70000,100,473.6343768136676,0.7,0.8,432.37954476476096,652.6128138402777,271.8682198787247,607.802169361111,461.55048627176126,346.2801321301944,498.0434265136719,456.26428863249424,535.9083099300125,43237.954476476094,30266.568133533263,34590.36358118088,65261.281384027774,45682.89696881944,52209.02510722222,27186.821987872467,19030.775391510724,21749.45759029797,60780.2169361111,42546.15185527777,48624.17354888888,46155.048627176126,32308.534039023285,36924.0389017409,34628.01321301944,24239.609249113608,27702.41057041555,49804.34265136719,34863.03985595703,39843.47412109375,45626.42886324942,31938.50020427459,36501.14309059954,53590.83099300125,37513.58169510087,42872.66479440101
Normal,10.0,Ammonia,1,1000,70000,100,473.6343768136676,0.7,0.8,432.37954476476096,652.6128138402777,271.8682198787247,607.802169361111,461.55048627176126,346.2801321301944,498.0434265136719,456.26428863249424,535.9083099300125,43237.954476476094,30266.568133533263,34590.36358118088,65261.281384027774,45682.89696881944,52209.02510722222,27186.821987872467,19030.775391510724,21749.45759029797,60780.2169361111,42546.15185527777,48624.17354888888,46155.048627176126,32308.534039023285,36924.0389017409,34628.01321301944,24239.609249113608,27702.41057041555,49804.34265136719,34863.03985595703,39843.47412109375,45626.42886324942,31938.50020427459,36501.14309059954,53590.83099300125,37513.58169510087,42872.66479440101
Normal,11.0,Conventional,0,1000,70000,100,738.8466365671943,0.8,3.2,493.11327597226574,760.7425642208487,833.7729598473104,816.5473983333338,851.6748660894666,455.1643294123637,863.5213012695312,746.9444749019045,828.1385590577238,44828.47963384234,35862.783707073875,143451.1348282955,69158.41492916807,55326.73194333445,221306.9277733378,75797.54180430096,60638.03344344077,242552.13377376308,74231.58166666671,59385.26533333337,237541.0613333335,77424.98782631515,61939.99026105213,247759.9610442085,41378.57540112397,33102.86032089918,132411.4412835967,78501.9364790483,62801.54918323864,251206.19673295456,67904.04317290042,54323.234538320336,217292.9381532813,75285.32355070217,60228.25884056174,240913.03536224697
Normal,11.0,Conventional,1,1000,70000,100,738.8466365671943,0.8,3.2,493.11327597226574,760.7425642208487,833.7729598473104,816.5473983333338,851.6748660894666,455.1643294123637,863.5213012695312,746.9444749019045,828.1385590577238,44828.47963384234,35862.783707073875,143451.1348282955,69158.41492916807,55326.73194333445,221306.9277733378,75797.54180430096,60638.03344344077,242552.13377376308,74231.58166666671,59385.26533333337,237541.0613333335,77424.98782631515,61939.99026105213,247759.9610442085,41378.57540112397,33102.86032089918,132411.4412835967,78501.9364790483,62801.54918323864,251206.19673295456,67904.04317290042,54323.234538320336,217292.9381532813,75285.32355070217,60228.25884056174,240913.03536224697
Normal,11.0,LNG,0,1000,70000,100,738.8466365671943,0.65,2.75,493.11327597226574,760.7425642208487,833.7729598473104,816.5473983333338,851.6748660894666,455.1643294123637,863.5213012695312,746.9444749019045,828.1385590577238,44828.47963384234,29138.51176199752,123278.31899306644,69158.41492916807,44952.96970395924,190185.64105521215,75797.54180430096,49268.40217279562,208443.23996182764,74231.58166666671,48250.52808333336,204136.84958333345,77424.98782631515,50326.242087104845,212918.71652236665,41378.57540112397,26896.074010730583,113791.08235309093,78501.9364790483,51026.25871138139,215880.3253173828,67904.04317290042,44137.62806238527,186736.11872547612,75285.32355070217,48935.46030795642,207034.639764431
Normal,11.0,LNG,1,1000,70000,100,738.8466365671943,0.65,2.75,493.11327597226574,760.7425642208487,833.7729598473104,816.5473983333338,851.6748660894666,455.1643294123637,863.5213012695312,746.9444749019045,828.1385590577238,44828.47963384234,29138.51176199752,123278.31899306644,69158.41492916807,44952.96970395924,190185.64105521215,75797.54180430096,49268.40217279562,208443.23996182764,74231.58166666671,48250.52808333336,204136.84958333345,77424.98782631515,50326.242087104845,212918.71652236665,41378.57540112397,26896.074010730583,113791.08235309093,78501.9364790483,51026.25871138139,215880.3253173828,67904.04317290042,44137.62806238527,186736.11872547612,75285.32355070217,48935.46030795642,207034.639764431
Normal,11.0,Methanol,0,1000,70000,100,738.8466365671943,0.55,1.9,493.11327597226574,760.7425642208487,833.7729598473104,816.5473983333338,851.6748660894666,455.1643294123637,863.5213012695312,746.9444749019045,828.1385590577238,44828.47963384234,24655.66379861329,85174.11130430044,69158.41492916807,38037.12821104244,131400.98836541933,75797.54180430096,41688.64799236553,144015.3294281718,74231.58166666671,40827.36991666669,141040.00516666673,77424.98782631515,42583.74330447333,147107.47686999876,41378.57540112397,22758.216470618187,78619.29326213554,78501.9364790483,43176.06506347656,149153.67931019174,67904.04317290042,37347.22374509523,129017.6820285108,75285.32355070217,41406.9279528862,143042.11474633412
Normal,11.0,Methanol,1,1000,70000,100,738.8466365671943,0.55,1.9,493.11327597226574,760.7425642208487,833.7729598473104,816.5473983333338,851.6748660894666,455.1643294123637,863.5213012695312,746.9444749019045,828.1385590577238,44828.47963384234,24655.66379861329,85174.11130430044,69158.41492916807,38037.12821104244,131400.98836541933,75797.54180430096,41688.64799236553,144015.3294281718,74231.58166666671,40827.36991666669,141040.00516666673,77424.98782631515,42583.74330447333,147107.47686999876,41378.57540112397,22758.216470618187,78619.29326213554,78501.9364790483,43176.06506347656,149153.67931019174,67904.04317290042,37347.22374509523,129017.6820285108,75285.32355070217,41406.9279528862,143042.11474633412
Normal,11.0,Hydrogen,0,1000,70000,100,738.8466365671943,1.2,0.5,493.11327597226574,760.7425642208487,833.7729598473104,816.5473983333338,851.6748660894666,455.1643294123637,863.5213012695312,746.9444749019045,828.1385590577238,44828.47963384234,53794.175560610805,22414.23981692117,69158.41492916807,82990.09791500168,34579.20746458403,75797.54180430096,90957.05016516114,37898.77090215048,74231.58166666671,89077.89800000004,37115.79083333336,77424.98782631515,92909.98539157816,38712.49391315757,41378.57540112397,49654.29048134876,20689.287700561985,78501.9364790483,94202.32377485796,39250.96823952415,67904.04317290042,81484.8518074805,33952.02158645021,75285.32355070217,90342.3882608426,37642.66177535109
Normal,11.0,Hydrogen,1,1000,70000,100,738.8466365671943,1.2,0.5,493.11327597226574,760.7425642208487,833.7729598473104,816.5473983333338,851.6748660894666,455.1643294123637,863.5213012695312,746.9444749019045,828.1385590577238,44828.47963384234,53794.175560610805,22414.23981692117,69158.41492916807,82990.09791500168,34579.20746458403,75797.54180430096,90957.05016516114,37898.77090215048,74231.58166666671,89077.89800000004,37115.79083333336,77424.98782631515,92909.98539157816,38712.49391315757,41378.57540112397,49654.29048134876,20689.287700561985,78501.9364790483,94202.32377485796,39250.96823952415,67904.04317290042,81484.8518074805,33952.02158645021,75285.32355070217,90342.3882608426,37642.66177535109
Normal,11.0,Ammonia,0,1000,70000,100,738.8466365671943,0.7,0.8,493.11327597226574,760.7425642208487,833.7729598473104,816.5473983333338,851.6748660894666,455.1643294123637,863.5213012695312,746.9444749019045,828.1385590577238,44828.47963384234,31379.935743689635,35862.783707073875,69158.41492916807,48410.890450417646,55326.73194333445,75797.54180430096,53058.27926301066,60638.03344344077,74231.58166666671,51962.10716666669,59385.26533333337,77424.98782631515,54197.4914784206,61939.99026105213,41378.57540112397,28965.002780786777,33102.86032089918,78501.9364790483,54951.3555353338,62801.54918323864,67904.04317290042,47532.83022103029,54323.234538320336,75285.32355070217,52699.72648549152,60228.25884056174
Normal,11.0,Ammonia,1,1000,70000,100,738.8466365671943,0.7,0.8,493.11327597226574,760.7425642208487,833.7729598473104,816.5473983333338,851.6748660894666,455.1643294123637,863.5213012695312,746.9444749019045,828.1385590577238,44828.47963384234,31379.935743689635,35862.783707073875,69158.41492916807,48410.890450417646,55326.73194333445,75797.54180430096,53058.27926301066,60638.03344344077,74231.58166666671,51962.10716666669,59385.26533333337,77424.98782631515,54197.4914784206,61939.99026105213,41378.57540112397,28965.002780786777,33102.86032089918,78501.9364790483,54951.3555353338,62801.54918323864,67904.04317290042,47532.83022103029,54323.234538320336,75285.32355070217,52699.72648549152,60228.25884056174
Normal,12.0,Conventional,0,1000,70000,100,831.1419685798032,0.8,3.2,553.8470071797706,846.6147781650354,921.5939659155462,939.2491705208338,922.8435700187384,578.8867227439324,904.0594482421876,875.4812876462554,937.7017667859296,46153.91726498088,36923.13381198471,147692.53524793882,70551.23151375295,56440.98521100237,225763.94084400943,76799.49715962885,61439.59772770308,245758.39091081236,78270.76421006948,62616.61136805559,250466.44547222237,76903.63083489488,61522.90466791591,246091.61867166363,48240.56022866103,38592.44818292883,154369.7927317153,75338.28735351562,60270.6298828125,241082.51953125,72956.77397052127,58365.41917641703,233461.6767056681,78141.81389882746,62513.45111906197,250053.80447624787
Normal,12.0,Conventional,1,1000,70000,100,831.1419685798032,0.8,3.2,553.8470071797706,846.6147781650354,921.5939659155462,939.2491705208338,922.8435700187384,578.8867227439324,904.0594482421876,875.4812876462554,937.7017667859296,46153.91726498088,36923.13381198471,147692.53524793882,70551.23151375295,56440.98521100237,225763.94084400943,76799.49715962885,61439.59772770308,245758.39091081236,78270.76421006948,62616.61136805559,250466.44547222237,76903.63083489488,61522.90466791591,246091.61867166363,48240.56022866103,38592.44818292883,154369.7927317153,75338.28735351562,60270.6298828125,241082.51953125,72956.77397052127,58365.41917641703,233461.6767056681,78141.81389882746,62513.45111906197,250053.80447624787
Normal,12.0,LNG,0,1000,70000,100,831.1419685798032,0.65,2.75,553.8470071797706,846.6147781650354,921.5939659155462,939.2491705208338,922.8435700187384,578.8867227439324,904.0594482421876,875.4812876462554,937.7017667859296,46153.91726498088,30000.04622223757,126923.27247869744,70551.23151375295,45858.30048393942,194015.88666282065,76799.49715962885,49919.67315375876,211198.61718897932,78270.76421006948,50875.99673654517,215244.60157769104,76903.63083489488,49987.36004268168,211484.9847959609,48240.56022866103,31356.36414862967,132661.54062881783,75338.28735351562,48969.88677978516,207180.290222168,72956.77397052127,47421.90308083883,200631.1284189335,78141.81389882746,50792.17903423785,214889.9882217755
Normal,12.0,LNG,1,1000,70000,100,831.1419685798032,0.65,2.75,553.8470071797706,846.6147781650354,921.5939659155462,939.2491705208338,922.8435700187384,578.8867227439324,904.0594482421876,875.4812876462554,937.7017667859296,46153.91726498088,30000.04622223757,126923.27247869744,70551.23151375295,45858.30048393942,194015.88666282065,76799.49715962885,49919.67315375876,211198.61718897932,78270.76421006948,50875.99673654517,215244.60157769104,76903.63083489488,49987.36004268168,211484.9847959609,48240.56022866103,31356.36414862967,132661.54062881783,75338.28735351562,48969.88677978516,207180.290222168,72956.77397052127,47421.90308083883,200631.1284189335,78141.81389882746,50792.17903423785,214889.9882217755
Normal,12.0,Methanol,0,1000,70000,100,831.1419685798032,0.55,1.9,553.8470071797706,846.6147781650354,921.5939659155462,939.2491705208338,922.8435700187384,578.8867227439324,904.0594482421876,875.4812876462554,937.7017667859296,46153.91726498088,25384.654495739487,87692.44280346367,70551.23151375295,38803.177332564126,134047.3398761306,76799.49715962885,42239.723437795874,145919.0446032948,78270.76421006948,43048.92031553822,148714.451999132,76903.63083489488,42296.99695919219,146116.89858630026,48240.56022866103,26532.308125763568,91657.06443445596,75338.28735351562,41436.0580444336,143142.7459716797,72956.77397052127,40126.2256837867,138617.8705439904,78141.81389882746,42977.99764435511,148469.44640777216
Normal,12.0,Methanol,1,1000,70000,100,831.1419685798032,0.55,1.9,553.8470071797706,846.6147781650354,921.5939659155462,939.2491705208338,922.8435700187384,578.8867227439324,904.0594482421876,875.4812876462554,937.7017667859296,46153.91726498088,25384.654495739487,87692.44280346367,70551.23151375295,38803.177332564126,134047.3398761306,76799.49715962885,42239.723437795874,145919.0446032948,78270.76421006948,43048.92031553822,148714.451999132,76903.63083489488,42296.99695919219,146116.89858630026,48240.56022866103,26532.308125763568,91657.06443445596,75338.28735351562,41436.0580444336,143142.7459716797,72956.77397052127,40126.2256837867,138617.8705439904,78141.81389882746,42977.99764435511,148469.44640777216
Normal,12.0,Hydrogen,0,1000,70000,100,831.1419685798032,1.2,0.5,553.8470071797706,846.6147781650354,921.5939659155462,939.2491705208338,922.8435700187384,578.8867227439324,904.0594482421876,875.4812876462554,937.7017667859296,46153.91726498088,55384.70071797706,23076.95863249044,70551.23151375295,84661.47781650354,35275.61575687648,76799.49715962885,92159.3965915546,38399.748579814426,78270.76421006948,93924.91705208336,39135.38210503474,76903.63083489488,92284.35700187384,38451.81541744744,48240.56022866103,57888.67227439323,24120.280114330515,75338.28735351562,90405.94482421876,37669.14367675781,72956.77397052127,87548.12876462552,36478.38698526064,78141.81389882746,93770.17667859296,39070.90694941373
Normal,12.0,Hydrogen,1,1000,70000,100,831.1419685798032,1.2,0.5,553.8470071797706,846.6147781650354,921.5939659155462,939.2491705208338,922.8435700187384,578.8867227439324,904.0594482421876,875.4812876462554,937.7017667859296,46153.91726498088,55384.70071797706,23076.95863249044,70551.23151375295,84661.47781650354,35275.61575687648,76799.49715962885,92159.3965915546,38399.748579814426,78270.76421006948,93924.91705208336,39135.38210503474,76903.63083489488,92284.35700187384,38451.81541744744,48240.56022866103,57888.67227439323,24120.280114330515,75338.28735351562,90405.94482421876,37669.14367675781,72956.77397052127,87548.12876462552,36478.38698526064,78141.81389882746,93770.17667859296,39070.90694941373
Normal,12.0,Ammonia,0,1000,70000,100,831.1419685798032,0.7,0.8,553.8470071797706,846.6147781650354,921.5939659155462,939.2491705208338,922.8435700187384,578.8867227439324,904.0594482421876,875.4812876462554,937.7017667859296,46153.91726498088,32307.74208548661,36923.13381198471,70551.23151375295,49385.86205962706,56440.98521100237,76799.49715962885,53759.6480117402,61439.59772770308,78270.76421006948,54789.53494704863,62616.61136805559,76903.63083489488,53832.54158442641,61522.90466791591,48240.56022866103,33768.39216006272,38592.44818292883,75338.28735351562,52736.80114746094,60270.6298828125,72956.77397052127,51069.741779364886,58365.41917641703,78141.81389882746,54699.26972917922,62513.45111906197
Normal,12.0,Ammonia,1,1000,70000,100,831.1419685798032,0.7,0.8,553.8470071797706,846.6147781650354,921.5939659155462,939.2491705208338,922.8435700187384,578.8867227439324,904.0594482421876,875.4812876462554,937.7017667859296,46153.91726498088,32307.74208548661,36923.13381198471,70551.23151375295,49385.86205962706,56440.98521100237,76799.49715962885,53759.6480117402,61439.59772770308,78270.76421006948,54789.53494704863,62616.61136805559,76903.63083489488,53832.54158442641,61522.90466791591,48240.56022866103,33768.39216006272,38592.44818292883,75338.28735351562,52736.80114746094,60270.6298828125,72956.77397052127,51069.741779364886,58365.41917641703,78141.81389882746,54699.26972917922,62513.45111906197
Normal,13.0,Conventional,0,1000,70000,100,914.3550471467822,0.8,3.2,614.5807383872755,896.9379264120572,995.4481048552894,1006.8759402604168,999.9176545596632,714.2185636688719,998.9392700195312,995.1700132166824,1007.1072129412538,47275.44141440581,37820.35313152465,151281.4125260986,68995.2251086198,55196.18008689584,220784.72034758332,76572.93114271457,61258.34491417166,245033.37965668665,77451.99540464744,61961.59632371796,247846.38529487184,76916.74265843563,61533.394126748506,246133.576506994,54939.88951299014,43951.91161039212,175807.64644156847,76841.48230919472,61473.18584735578,245892.74338942312,76551.53947820634,61241.23158256507,244964.9263302603,77469.78561086567,61975.82848869254,247903.31395477016
Normal,13.0,Conventional,1,1000,70000,100,914.3550471467822,0.8,3.2,614.5807383872755,896.9379264120572,995.4481048552894,1006.8759402604168,999.9176545596632,714.2185636688719,998.9392700195312,995.1700132166824,1007.1072129412538,47275.44141440581,37820.35313152465,151281.4125260986,68995.2251086198,55196.18008689584,220784.72034758332,76572.93114271457,61258.34491417166,245033.37965668665,77451.99540464744,61961.59632371796,247846.38529487184,76916.74265843563,61533.394126748506,246133.576506994,54939.88951299014,43951.91161039212,175807.64644156847,76841.48230919472,61473.18584735578,245892.74338942312,76551.53947820634,61241.23158256507,244964.9263302603,77469.78561086567,61975.82848869254,247903.31395477016
Normal,13.0,LNG,0,1000,70000,100,914.3550471467822,0.65,2.75,614.5807383872755,896.9379264120572,995.4481048552894,1006.8759402604168,999.9176545596632,714.2185636688719,998.9392700195312,995.1700132166824,1007.1072129412538,47275.44141440581,30729.036919363774,130007.46388961596,68995.2251086198,44846.89632060287,189736.8690487044,76572.93114271457,49772.40524276447,210575.56064246508,77451.99540464744,50343.79701302084,212992.9873627805,76916.74265843563,49995.88272798316,211521.042310698,54939.88951299014,35710.9281834436,151084.6961607229,76841.48230919472,49946.96350097657,211314.07635028547,76551.53947820634,49758.50066083412,210516.73356506744,77469.78561086567,50355.36064706269,213041.9104298806
Normal,13.0,LNG,1,1000,70000,100,914.3550471467822,0.65,2.75,614.5807383872755,896.9379264120572,995.4481048552894,1006.8759402604168,999.9176545596632,714.2185636688719,998.9392700195312,995.1700132166824,1007.1072129412538,47275.44141440581,30729.036919363774,130007.46388961596,68995.2251086198,44846.89632060287,189736.8690487044,76572.93114271457,49772.40524276447,210575.56064246508,77451.99540464744,50343.79701302084,212992.9873627805,76916.74265843563,49995.88272798316,211521.042310698,54939.88951299014,35710.9281834436,151084.6961607229,76841.48230919472,49946.96350097657,211314.07635028547,76551.53947820634,49758.50066083412,210516.73356506744,77469.78561086567,50355.36064706269,213041.9104298806
Normal,13.0,Methanol,0,1000,70000,100,914.3550471467822,0.55,1.9,614.5807383872755,896.9379264120572,995.4481048552894,1006.8759402604168,999.9176545596632,714.2185636688719,998.9392700195312,995.1700132166824,1007.1072129412538,47275.44141440581,26001.4927779232,89823.33868737104,68995.2251086198,37947.37380974089,131090.9277063776,76572.93114271457,42115.11212849302,145488.5691711577,77451.99540464744,42598.597472556095,147158.79126883013,76916.74265843563,42304.2084621396,146141.81105102767,54939.88951299014,30216.93923214458,104385.79007468128,76841.48230919472,42262.8152700571,145998.81638746997,76551.53947820634,42103.34671301349,145447.92500859202,77469.78561086567,42608.382085976125,147192.59266064476
Normal,13.0,Methanol,1,1000,70000,100,914.3550471467822,0.55,1.9,614.5807383872755,896.9379264120572,995.4481048552894,1006.8759402604168,999.9176545596632,714.2185636688719,998.9392700195312,995.1700132166824,1007.1072129412538,47275.44141440581,26001.4927779232,89823.33868737104,68995.2251086198,37947.37380974089,131090.9277063776,76572.93114271457,42115.11212849302,145488.5691711577,77451.99540464744,42598.597472556095,147158.79126883013,76916.74265843563,42304.2084621396,146141.81105102767,54939.88951299014,30216.93923214458,104385.79007468128,76841.48230919472,42262.8152700571,145998.81638746997,76551.53947820634,42103.34671301349,145447.92500859202,77469.78561086567,42608.382085976125,147192.59266064476
Normal,13.0,Hydrogen,0,1000,70000,100,914.3550471467822,1.2,0.5,614.5807383872755,896.9379264120572,995.4481048552894,1006.8759402604168,999.9176545596632,714.2185636688719,998.9392700195312,995.1700132166824,1007.1072129412538,47275.44141440581,56730.52969728697,23637.720707202905,68995.2251086198,82794.27013034375,34497.6125543099,76572.93114271457,91887.51737125748,38286.46557135729,77451.99540464744,92942.39448557694,38725.99770232372,76916.74265843563,92300.09119012277,38458.37132921781,54939.88951299014,65927.86741558817,27469.94475649507,76841.48230919472,92209.77877103366,38420.74115459736,76551.53947820634,91861.8473738476,38275.76973910317,77469.78561086567,92963.7427330388,38734.89280543284
Normal,13.0,Hydrogen,1,1000,70000,100,914.3550471467822,1.2,0.5,614.5807383872755,896.9379264120572,995.4481048552894,1006.8759402604168,999.9176545596632,714.2185636688719,998.9392700195312,995.1700132166824,1007.1072129412538,47275.44141440581,56730.52969728697,23637.720707202905,68995.2251086198,82794.27013034375,34497.6125543099,76572.93114271457,91887.51737125748,38286.46557135729,77451.99540464744,92942.39448557694,38725.99770232372,76916.74265843563,92300.09119012277,38458.37132921781,54939.88951299014,65927.86741558817,27469.94475649507,76841.48230919472,92209.77877103366,38420.74115459736,76551.53947820634,91861.8473738476,38275.76973910317,77469.78561086567,92963.7427330388,38734.89280543284
Normal,13.0,Ammonia,0,1000,70000,100,914.3550471467822,0.7,0.8,614.5807383872755,896.9379264120572,995.4481048552894,1006.8759402604168,999.9176545596632,714.2185636688719,998.9392700195312,995.1700132166824,1007.1072129412538,47275.44141440581,33092.808990084064,37820.35313152465,68995.2251086198,48296.65757603385,55196.18008689584,76572.93114271457,53601.0517999002,61258.34491417166,77451.99540464744,54216.39678325321,61961.59632371796,76916.74265843563,53841.71986090494,61533.394126748506,54939.88951299014,38457.9226590931,43951.91161039212,76841.48230919472,53789.0376164363,61473.18584735578,76551.53947820634,53586.07763474443,61241.23158256507,77469.78561086567,54228.84992760597,61975.82848869254
Normal,13.0,Ammonia,1,1000,70000,100,914.3550471467822,0.7,0.8,614.5807383872755,896.9379264120572,995.4481048552894,1006.8759402604168,999.9176545596632,714.2185636688719,998.9392700195312,995.1700132166824,1007.1072129412538,47275.44141440581,33092.808990084064,37820.35313152465,68995.2251086198,48296.65757603385,55196.18008689584,76572.93114271457,53601.0517999002,61258.34491417166,77451.99540464744,54216.39678325321,61961.59632371796,76916.74265843563,53841.71986090494,61533.394126748506,54939.88951299014,38457.9226590931,43951.91161039212,76841.48230919472,53789.0376164363,61473.18584735578,76551.53947820634,53586.07763474443,61241.23158256507,77469.78561086567,54228.84992760597,61975.82848869254
Normal,14.0,Conventional,0,1000,70000,100,954.0342796629872,0.8,3.2,675.3144695947802,908.5420459459272,974.2057986069829,1050.3409423259802,1020.550989410596,861.0405906715774,1035.8182373046875,1030.7579631608623,1029.7374799454906,48236.74782819859,38589.39826255888,154357.5930502355,64895.86042470909,51916.68833976728,207666.75335906912,69586.12847192734,55668.90277754187,222675.6111101675,75024.3530232843,60019.48241862745,240077.9296745098,72896.499243614,58317.199394891206,233268.7975795648,61502.89933368411,49202.31946694729,196809.27786778915,73987.01695033482,59189.613560267855,236758.45424107145,73625.56879720445,58900.45503776357,235601.82015105427,73552.67713896361,58842.141711170894,235368.5668446836
Normal,14.0,Conventional,1,1000,70000,100,954.0342796629872,0.8,3.2,675.3144695947802,908.5420459459272,974.2057986069829,1050.3409423259802,1020.550989410596,861.0405906715774,1035.8182373046875,1030.7579631608623,1029.7374799454906,48236.74782819859,38589.39826255888,154357.5930502355,64895.86042470909,51916.68833976728,207666.75335906912,69586.12847192734,55668.90277754187,222675.6111101675,75024.3530232843,60019.48241862745,240077.9296745098,72896.499243614,58317.199394891206,233268.7975795648,61502.89933368411,49202.31946694729,196809.27786778915,73987.01695033482,59189.613560267855,236758.45424107145,73625.56879720445,58900.45503776357,235601.82015105427,73552.67713896361,58842.141711170894,235368.5668446836
Normal,14.0,LNG,0,1000,70000,100,954.0342796629872,0.65,2.75,675.3144695947802,908.5420459459272,974.2057986069829,1050.3409423259802,1020.550989410596,861.0405906715774,1035.8182373046875,1030.7579631608623,1029.7374799454906,48236.74782819859,31353.886088329084,132651.0565275461,64895.86042470909,42182.309276060914,178463.61616795,69586.12847192734,45230.983506752775,191361.85329780015,75024.3530232843,48765.8294651348,206316.97081403184,72896.499243614,47382.7245083491,200465.3729199385,61502.89933368411,39976.884566894674,169132.9731676313,73987.01695033482,48091.56101771764,203464.29661342077,73625.56879720445,47856.6197181829,202470.31419231225,73552.67713896361,47809.24014032635,202269.86213214992
Normal,14.0,LNG,1,1000,70000,100,954.0342796629872,0.65,2.75,675.3144695947802,908.5420459459272,974.2057986069829,1050.3409423259802,1020.550989410596,861.0405906715774,1035.8182373046875,1030.7579631608623,1029.7374799454906,48236.74782819859,31353.886088329084,132651.0565275461,64895.86042470909,42182.309276060914,178463.61616795,69586.12847192734,45230.983506752775,191361.85329780015,75024.3530232843,48765.8294651348,206316.97081403184,72896.499243614,47382.7245083491,200465.3729199385,61502.89933368411,39976.884566894674,169132.9731676313,73987.01695033482,48091.56101771764,203464.29661342077,73625.56879720445,47856.6197181829,202470.31419231225,73552.67713896361,47809.24014032635,202269.86213214992
Normal,14.0,Methanol,0,1000,70000,100,954.0342796629872,0.55,1.9,675.3144695947802,908.5420459459272,974.2057986069829,1050.3409423259802,1020.550989410596,861.0405906715774,1035.8182373046875,1030.7579631608623,1029.7374799454906,48236.74782819859,26530.211305509227,91649.82087357732,64895.86042470909,35692.723233590004,123302.13480694727,69586.12847192734,38272.37065956004,132213.64409666194,75024.3530232843,41263.39416280637,142546.27074424017,72896.499243614,40093.074583987705,138503.3485628666,61502.89933368411,33826.59463352626,116855.5087339998,73987.01695033482,40692.85932268416,140575.33220563614,73625.56879720445,40494.06283846245,139888.58071468846,73552.67713896361,40453.97242642999,139750.08656403085
Normal,14.0,Methanol,1,1000,70000,100,954.0342796629872,0.55,1.9,675.3144695947802,908.5420459459272,974.2057986069829,1050.3409423259802,1020.550989410596,861.0405906715774,1035.8182373046875,1030.7579631608623,1029.7374799454906,48236.74782819859,26530.211305509227,91649.82087357732,64895.86042470909,35692.723233590004,123302.13480694727,69586.12847192734,38272.37065956004,132213.64409666194,75024.3530232843,41263.39416280637,142546.27074424017,72896.499243614,40093.074583987705,138503.3485628666,61502.89933368411,33826.59463352626,116855.5087339998,73987.01695033482,40692.85932268416,140575.33220563614,73625.56879720445,40494.06283846245,139888.58071468846,73552.67713896361,40453.97242642999,139750.08656403085
Normal,14.0,Hydrogen,0,1000,70000,100,954.0342796629872,1.2,0.5,675.3144695947802,908.5420459459272,974.2057986069829,1050.3409423259802,1020.550989410596,861.0405906715774,1035.8182373046875,1030.7579631608623,1029.7374799454906,48236.74782819859,57884.0973938383,24118.37391409929,64895.86042470909,77875.0325096509,32447.930212354546,69586.12847192734,83503.3541663128,34793.06423596367,75024.3530232843,90029.22362794116,37512.17651164215,72896.499243614,87475.7990923368,36448.249621807,61502.89933368411,73803.47920042093,30751.44966684205,73987.01695033482,88784.42034040178,36993.50847516741,73625.56879720445,88350.68255664535,36812.78439860223,73552.67713896361,88263.21256675634,36776.338569481806
Normal,14.0,Hydrogen,1,1000,70000,100,954.0342796629872,1.2,0.5,675.3144695947802,908.5420459459272,974.2057986069829,1050.3409423259802,1020.550989410596,861.0405906715774,1035.8182373046875,1030.7579631608623,1029.7374799454906,48236.74782819859,57884.0973938383,24118.37391409929,64895.86042470909,77875.0325096509,32447.930212354546,69586.12847192734,83503.3541663128,34793.06423596367,75024.3530232843,90029.22362794116,37512.17651164215,72896.499243614,87475.7990923368,36448.249621807,61502.89933368411,73803.47920042093,30751.44966684205,73987.01695033482,88784.42034040178,36993.50847516741,73625.56879720445,88350.68255664535,36812.78439860223,73552.67713896361,88263.21256675634,36776.338569481806
Normal,14.0,Ammonia,0,1000,70000,100,954.0342796629872,0.7,0.8,675.3144695947802,908.5420459459272,974.2057986069829,1050.3409423259802,1020.550989410596,861.0405906715774,1035.8182373046875,1030.7579631608623,1029.7374799454906,48236.74782819859,33765.72347973901,38589.39826255888,64895.86042470909,45427.10229729636,51916.68833976728,69586.12847192734,48710.289930349136,55668.90277754187,75024.3530232843,52517.04711629901,60019.48241862745,72896.499243614,51027.5494705298,58317.199394891206,61502.89933368411,43052.02953357888,49202.31946694729,73987.01695033482,51790.91186523437,59189.613560267855,73625.56879720445,51537.89815804312,58900.45503776357,73552.67713896361,51486.87399727453,58842.141711170894
Normal,14.0,Ammonia,1,1000,70000,100,954.0342796629872,0.7,0.8,675.3144695947802,908.5420459459272,974.2057986069829,1050.3409423259802,1020.550989410596,861.0405906715774,1035.8182373046875,1030.7579631608623,1029.7374799454906,48236.74782819859,33765.72347973901,38589.39826255888,64895.86042470909,45427.10229729636,51916.68833976728,69586.12847192734,48710.289930349136,55668.90277754187,75024.3530232843,52517.04711629901,60019.48241862745,72896.499243614,51027.5494705298,58317.199394891206,61502.89933368411,43052.02953357888,49202.31946694729,73987.01695033482,51790.91186523437,59189.613560267855,73625.56879720445,51537.89815804312,58900.45503776357,73552.67713896361,51486.87399727453,58842.141711170894
Normal,15.0,Conventional,0,1000,70000,100,974.0740543193724,0.8,3.2,736.048200802285,889.5519565822599,969.9699685533142,1050.81147140625,1021.4414434524308,1008.2248177806772,1036.551513671875,1029.4005260960548,1024.6665905292057,49069.880053485664,39255.90404278853,157023.61617115414,59303.46377215066,47442.77101772053,189771.0840708821,64664.66457022095,51731.731656176766,206926.92662470703,70054.09809375,56043.278475,224173.1139,68096.09623016205,54476.87698412964,217907.50793651852,67214.98785204516,53771.99028163613,215087.9611265445,69103.43424479167,55282.74739583334,221130.98958333337,68626.701739737,54901.3613917896,219605.4455671584,68311.10603528038,54648.88482822431,218595.5393128972
Normal,15.0,Conventional,1,1000,70000,100,974.0740543193724,0.8,3.2,736.048200802285,889.5519565822599,969.9699685533142,1050.81147140625,1021.4414434524308,1008.2248177806772,1036.551513671875,1029.4005260960548,1024.6665905292057,49069.880053485664,39255.90404278853,157023.61617115414,59303.46377215066,47442.77101772053,189771.0840708821,64664.66457022095,51731.731656176766,206926.92662470703,70054.09809375,56043.278475,224173.1139,68096.09623016205,54476.87698412964,217907.50793651852,67214.98785204516,53771.99028163613,215087.9611265445,69103.43424479167,55282.74739583334,221130.98958333337,68626.701739737,54901.3613917896,219605.4455671584,68311.10603528038,54648.88482822431,218595.5393128972
Normal,15.0,LNG,0,1000,70000,100,974.0740543193724,0.65,2.75,736.048200802285,889.5519565822599,969.9699685533142,1050.81147140625,1021.4414434524308,1008.2248177806772,1036.551513671875,1029.4005260960548,1024.6665905292057,49069.880053485664,31895.42203476568,134942.17014708556,59303.46377215066,38547.25145189793,163084.5253734143,64664.66457022095,42032.03197064362,177827.8275681076,70054.09809375,45535.1637609375,192648.7697578125,68096.09623016205,44262.46254960533,187264.2646329456,67214.98785204516,43689.74210382936,184841.2165931242,69103.43424479167,44917.232259114586,190034.4441731771,68626.701739737,44607.356130829045,188723.42978427676,68311.10603528038,44402.21892293225,187855.54159702105
Normal,15.0,LNG,1,1000,70000,100,974.0740543193724,0.65,2.75,736.048200802285,889.5519565822599,969.9699685533142,1050.81147140625,1021.4414434524308,1008.2248177806772,1036.551513671875,1029.4005260960548,1024.6665905292057,49069.880053485664,31895.42203476568,134942.17014708556,59303.46377215066,38547.25145189793,163084.5253734143,64664.66457022095,42032.03197064362,177827.8275681076,70054.09809375,45535.1637609375,192648.7697578125,68096.09623016205,44262.46254960533,187264.2646329456,67214.98785204516,43689.74210382936,184841.2165931242,69103.43424479167,44917.232259114586,190034.4441731771,68626.701739737,44607.356130829045,188723.42978427676,68311.10603528038,44402.21892293225,187855.54159702105
Normal,15.0,Methanol,0,1000,70000,100,974.0740543193724,0.55,1.9,736.048200802285,889.5519565822599,969.9699685533142,1050.81147140625,1021.4414434524308,1008.2248177806772,1036.551513671875,1029.4005260960548,1024.6665905292057,49069.880053485664,26988.43402941712,93232.77210162276,59303.46377215066,32616.905074682865,112676.58116708625,64664.66457022095,35565.56551362153,122862.8626834198,70054.09809375,38529.7539515625,133102.786378125,68096.09623016205,37452.85292658913,129382.58283730788,67214.98785204516,36968.24331862484,127708.4769188858,69103.43424479167,38006.88883463542,131296.52506510416,68626.701739737,37744.68595685535,130390.73330550028,68311.10603528038,37571.10831940421,129791.10146703271
Normal,15.0,Methanol,1,1000,70000,100,974.0740543193724,0.55,1.9,736.048200802285,889.5519565822599,969.9699685533142,1050.81147140625,1021.4414434524308,1008.2248177806772,1036.551513671875,1029.4005260960548,1024.6665905292057,49069.880053485664,26988.43402941712,93232.77210162276,59303.46377215066,32616.905074682865,112676.58116708625,64664.66457022095,35565.56551362153,122862.8626834198,70054.09809375,38529.7539515625,133102.786378125,68096.09623016205,37452.85292658913,129382.58283730788,67214.98785204516,36968.24331862484,127708.4769188858,69103.43424479167,38006.88883463542,131296.52506510416,68626.701739737,37744.68595685535,130390.73330550028,68311.10603528038,37571.10831940421,129791.10146703271
Normal,15.0,Hydrogen,0,1000,70000,100,974.0740543193724,1.2,0.5,736.048200802285,889.5519565822599,969.9699685533142,1050.81147140625,1021.4414434524308,1008.2248177806772,1036.551513671875,1029.4005260960548,1024.6665905292057,49069.880053485664,58883.85606418279,24534.940026742832,59303.46377215066,71164.15652658079,29651.73188607533,64664.66457022095,77597.59748426513,32332.332285110475,70054.09809375,84064.9177125,35027.049046875,68096.09623016205,81715.31547619445,34048.04811508102,67214.98785204516,80657.98542245419,33607.49392602258,69103.43424479167,82924.12109375,34551.71712239584,68626.701739737,82352.04208768439,34313.3508698685,68311.10603528038,81973.32724233645,34155.55301764019
Normal,15.0,Hydrogen,1,1000,70000,100,974.0740543193724,1.2,0.5,736.048200802285,889.5519565822599,969.9699685533142,1050.81147140625,1021.4414434524308,1008.2248177806772,1036.551513671875,1029.4005260960548,1024.6665905292057,49069.880053485664,58883.85606418279,24534.940026742832,59303.46377215066,71164.15652658079,29651.73188607533,64664.66457022095,77597.59748426513,32332.332285110475,70054.09809375,84064.9177125,35027.049046875,68096.09623016205,81715.31547619445,34048.04811508102,67214.98785204516,80657.98542245419,33607.49392602258,69103.43424479167,82924.12109375,34551.71712239584,68626.701739737,82352.04208768439,34313.3508698685,68311.10603528038,81973.32724233645,34155.55301764019
Normal,15.0,Ammonia,0,1000,70000,100,974.0740543193724,0.7,0.8,736.048200802285,889.5519565822599,969.9699685533142,1050.81147140625,1021.4414434524308,1008.2248177806772,1036.551513671875,1029.4005260960548,1024.6665905292057,49069.880053485664,34348.916037439965,39255.90404278853,59303.46377215066,41512.42464050546,47442.77101772053,64664.66457022095,45265.26519915466,51731.731656176766,70054.09809375,49037.868665625,56043.278475,68096.09623016205,47667.26736111343,54476.87698412964,67214.98785204516,47050.49149643161,53771.99028163613,69103.43424479167,48372.40397135416,55282.74739583334,68626.701739737,48038.69121781589,54901.3613917896,68311.10603528038,47817.77422469626,54648.88482822431
Normal,15.0,Ammonia,1,1000,70000,100,974.0740543193724,0.7,0.8,736.048200802285,889.5519565822599,969.9699685533142,1050.81147140625,1021.4414434524308,1008.2248177806772,1036.551513671875,1029.4005260960548,1024.6665905292057,49069.880053485664,34348.916037439965,39255.90404278853,59303.46377215066,41512.42464050546,47442.77101772053,64664.66457022095,45265.26519915466,51731.731656176766,70054.09809375,49037.868665625,56043.278475,68096.09623016205,47667.26736111343,54476.87698412964,67214.98785204516,47050.49149643161,53771.99028163613,69103.43424479167,48372.40397135416,55282.74739583334,68626.701739737,48038.69121781589,54901.3613917896,68311.10603528038,47817.77422469626,54648.88482822431
Normal,16.0,Conventional,0,1000,70000,100,1046.6930182624017,0.8,3.2,796.7819320097899,855.5150859718269,1091.9769385924455,1108.4992603645835,1107.0365794006646,1155.8798152588297,1122.5260009765625,1100.011693253239,1082.0098585336732,49798.870750611866,39839.09660048949,159356.38640195798,53469.69287323918,42775.75429859135,171103.01719436538,68248.55866202785,54598.84692962228,218395.38771848916,69281.20377278648,55424.96301822919,221699.85207291675,69189.78621254154,55351.82897003324,221407.31588013296,72242.48845367685,57793.99076294148,231175.96305176592,70157.87506103516,56126.300048828125,224505.2001953125,68750.73082832743,55000.584662661946,220002.33865064775,67625.61615835458,54100.49292668366,216401.97170673465
Normal,16.0,Conventional,1,1000,70000,100,1046.6930182624017,0.8,3.2,796.7819320097899,855.5150859718269,1091.9769385924455,1108.4992603645835,1107.0365794006646,1155.8798152588297,1122.5260009765625,1100.011693253239,1082.0098585336732,49798.870750611866,39839.09660048949,159356.38640195798,53469.69287323918,42775.75429859135,171103.01719436538,68248.55866202785,54598.84692962228,218395.38771848916,69281.20377278648,55424.96301822919,221699.85207291675,69189.78621254154,55351.82897003324,221407.31588013296,72242.48845367685,57793.99076294148,231175.96305176592,70157.87506103516,56126.300048828125,224505.2001953125,68750.73082832743,55000.584662661946,220002.33865064775,67625.61615835458,54100.49292668366,216401.97170673465
Normal,16.0,LNG,0,1000,70000,100,1046.6930182624017,0.65,2.75,796.7819320097899,855.5150859718269,1091.9769385924455,1108.4992603645835,1107.0365794006646,1155.8798152588297,1122.5260009765625,1100.011693253239,1082.0098585336732,49798.870750611866,32369.265987897717,136946.89456418264,53469.69287323918,34755.30036760547,147041.65540140774,68248.55866202785,44361.5631303181,187683.5363205766,69281.20377278648,45032.782452311214,190523.3103751628,69189.78621254154,44973.361038152005,190271.91208448925,72242.48845367685,46957.61749488996,198666.8432476113,70157.87506103516,45602.61878967285,192934.15641784668,68750.73082832743,44687.97503841284,189064.50977790044,67625.61615835458,43956.65050293048,185970.44443547507
Normal,16.0,LNG,1,1000,70000,100,1046.6930182624017,0.65,2.75,796.7819320097899,855.5150859718269,1091.9769385924455,1108.4992603645835,1107.0365794006646,1155.8798152588297,1122.5260009765625,1100.011693253239,1082.0098585336732,49798.870750611866,32369.265987897717,136946.89456418264,53469.69287323918,34755.30036760547,147041.65540140774,68248.55866202785,44361.5631303181,187683.5363205766,69281.20377278648,45032.782452311214,190523.3103751628,69189.78621254154,44973.361038152005,190271.91208448925,72242.48845367685,46957.61749488996,198666.8432476113,70157.87506103516,45602.61878967285,192934.15641784668,68750.73082832743,44687.97503841284,189064.50977790044,67625.61615835458,43956.65050293048,185970.44443547507
Normal,16.0,Methanol,0,1000,70000,100,1046.6930182624017,0.55,1.9,796.7819320097899,855.5150859718269,1091.9769385924455,1108.4992603645835,1107.0365794006646,1155.8798152588297,1122.5260009765625,1100.011693253239,1082.0098585336732,49798.870750611866,27389.378912836528,94617.85442616254,53469.69287323918,29408.331080281558,101592.41645915444,68248.55866202785,37536.70726411532,129672.2614578529,69281.20377278648,38104.66207503257,131634.2871682943,69189.78621254154,38054.38241689785,131460.59380382893,72242.48845367685,39733.36864952227,137260.728061986,70157.87506103516,38586.831283569336,133299.9626159668,68750.73082832743,37812.90195558009,130626.38857382211,67625.61615835458,37194.08888709502,128488.67070087368
Normal,16.0,Methanol,1,1000,70000,100,1046.6930182624017,0.55,1.9,796.7819320097899,855.5150859718269,1091.9769385924455,1108.4992603645835,1107.0365794006646,1155.8798152588297,1122.5260009765625,1100.011693253239,1082.0098585336732,49798.870750611866,27389.378912836528,94617.85442616254,53469.69287323918,29408.331080281558,101592.41645915444,68248.55866202785,37536.70726411532,129672.2614578529,69281.20377278648,38104.66207503257,131634.2871682943,69189.78621254154,38054.38241689785,131460.59380382893,72242.48845367685,39733.36864952227,137260.728061986,70157.87506103516,38586.831283569336,133299.9626159668,68750.73082832743,37812.90195558009,130626.38857382211,67625.61615835458,37194.08888709502,128488.67070087368
Normal,16.0,Hydrogen,0,1000,70000,100,1046.6930182624017,1.2,0.5,796.7819320097899,855.5150859718269,1091.9769385924455,1108.4992603645835,1107.0365794006646,1155.8798152588297,1122.5260009765625,1100.011693253239,1082.0098585336732,49798.870750611866,59758.64490073424,24899.435375305933,53469.69287323918,64163.63144788702,26734.84643661959,68248.55866202785,81898.27039443342,34124.279331013924,69281.20377278648,83137.44452734377,34640.60188639324,69189.78621254154,83027.74345504984,34594.89310627077,72242.48845367685,86690.98614441222,36121.244226838426,70157.87506103516,84189.45007324219,35078.93753051758,68750.73082832743,82500.87699399292,34375.36541416372,67625.61615835458,81150.73939002548,33812.80807917729
Normal,16.0,Hydrogen,1,1000,70000,100,1046.6930182624017,1.2,0.5,796.7819320097899,855.5150859718269,1091.9769385924455,1108.4992603645835,1107.0365794006646,1155.8798152588297,1122.5260009765625,1100.011693253239,1082.0098585336732,49798.870750611866,59758.64490073424,24899.435375305933,53469.69287323918,64163.63144788702,26734.84643661959,68248.55866202785,81898.27039443342,34124.279331013924,69281.20377278648,83137.44452734377,34640.60188639324,69189.78621254154,83027.74345504984,34594.89310627077,72242.48845367685,86690.98614441222,36121.244226838426,70157.87506103516,84189.45007324219,35078.93753051758,68750.73082832743,82500.87699399292,34375.36541416372,67625.61615835458,81150.73939002548,33812.80807917729
Normal,16.0,Ammonia,0,1000,70000,100,1046.6930182624017,0.7,0.8,796.7819320097899,855.5150859718269,1091.9769385924455,1108.4992603645835,1107.0365794006646,1155.8798152588297,1122.5260009765625,1100.011693253239,1082.0098585336732,49798.870750611866,34859.209525428305,39839.09660048949,53469.69287323918,37428.78501126743,42775.75429859135,68248.55866202785,47773.99106341949,54598.84692962228,69281.20377278648,48496.84264095053,55424.96301822919,69189.78621254154,48432.85034877907,55351.82897003324,72242.48845367685,50569.7419175738,57793.99076294148,70157.87506103516,49110.51254272461,56126.300048828125,68750.73082832743,48125.5115798292,55000.584662661946,67625.61615835458,47337.9313108482,54100.49292668366
Normal,16.0,Ammonia,1,1000,70000,100,1046.6930182624017,0.7,0.8,796.7819320097899,855.5150859718269,1091.9769385924455,1108.4992603645835,1107.0365794006646,1155.8798152588297,1122.5260009765625,1100.011693253239,1082.0098585336732,49798.870750611866,34859.209525428305,39839.09660048949,53469.69287323918,37428.78501126743,42775.75429859135,68248.55866202785,47773.99106341949,54598.84692962228,69281.20377278648,48496.84264095053,55424.96301822919,69189.78621254154,48432.85034877907,55351.82897003324,72242.48845367685,50569.7419175738,57793.99076294148,70157.87506103516,49110.51254272461,56126.300048828125,68750.73082832743,48125.5115798292,55000.584662661946,67625.61615835458,47337.9313108482,54100.49292668366
Bad Weather,8.0,Conventional,0,1000,70000,100,806.458940248714,0.8,3.2,392.2760302521253,865.8186023485479,969.4205410471552,733.621038527778,951.3061184684238,364.16156962443097,1035.5836181640625,1009.7883055768818,936.1546382290212,49034.50378151567,39227.603025212535,156910.41210085014,108227.32529356849,86581.8602348548,346327.4409394192,121177.5676308944,96942.05410471551,387768.2164188621,91702.62981597224,73362.1038527778,293448.4154111112,118913.26480855298,95130.6118468424,380522.4473873696,45520.19620305387,36416.1569624431,145664.6278497724,129447.9522705078,103558.36181640624,414233.447265625,126223.53819711025,100978.8305576882,403915.3222307528,117019.32977862764,93615.46382290212,374461.8552916085
Bad Weather,8.0,Conventional,1,1000,70000,100,806.458940248714,0.8,3.2,392.2760302521253,865.8186023485479,969.4205410471552,733.621038527778,951.3061184684238,364.16156962443097,1035.5836181640625,1009.7883055768818,936.1546382290212,49034.50378151567,39227.603025212535,156910.41210085014,108227.32529356849,86581.8602348548,346327.4409394192,121177.5676308944,96942.05410471551,387768.2164188621,91702.62981597224,73362.1038527778,293448.4154111112,118913.26480855298,95130.6118468424,380522.4473873696,45520.19620305387,36416.1569624431,145664.6278497724,129447.9522705078,103558.36181640624,414233.447265625,126223.53819711025,100978.8305576882,403915.3222307528,117019.32977862764,93615.46382290212,374461.8552916085
Bad Weather,8.0,LNG,0,1000,70000,100,806.458940248714,0.65,2.75,392.2760302521253,865.8186023485479,969.4205410471552,733.621038527778,951.3061184684238,364.16156962443097,1035.5836181640625,1009.7883055768818,936.1546382290212,49034.50378151567,31872.427457985184,134844.8853991681,108227.32529356849,70347.76144081952,297625.1445573133,121177.5676308944,78765.41896008137,333238.31098495965,91702.62981597224,59606.709380381966,252182.2319939237,118913.26480855298,77293.62212555944,327011.4782235207,45520.19620305387,29588.127531985017,125180.53955839814,129447.9522705078,84141.16897583008,355981.8687438965,126223.53819711025,82045.29982812166,347114.73004205315,117019.32977862764,76062.56435610798,321803.15689122607
Bad Weather,8.0,LNG,1,1000,70000,100,806.458940248714,0.65,2.75,392.2760302521253,865.8186023485479,969.4205410471552,733.621038527778,951.3061184684238,364.16156962443097,1035.5836181640625,1009.7883055768818,936.1546382290212,49034.50378151567,31872.427457985184,134844.8853991681,108227.32529356849,70347.76144081952,297625.1445573133,121177.5676308944,78765.41896008137,333238.31098495965,91702.62981597224,59606.709380381966,252182.2319939237,118913.26480855298,77293.62212555944,327011.4782235207,45520.19620305387,29588.127531985017,125180.53955839814,129447.9522705078,84141.16897583008,355981.8687438965,126223.53819711025,82045.29982812166,347114.73004205315,117019.32977862764,76062.56435610798,321803.15689122607
Bad Weather,8.0,Methanol,0,1000,70000,100,806.458940248714,0.55,1.9,392.2760302521253,865.8186023485479,969.4205410471552,733.621038527778,951.3061184684238,364.16156962443097,1035.5836181640625,1009.7883055768818,936.1546382290212,49034.50378151567,26968.97707983362,93165.55718487976,108227.32529356849,59525.02891146267,205631.9180577801,121177.5676308944,66647.66219699194,230237.37849869937,91702.62981597224,50436.44639878474,174234.99665034725,118913.26480855298,65402.29564470414,225935.20313625064,45520.19620305387,25036.10791167963,86488.37278580235,129447.9522705078,71196.3737487793,245951.10931396484,126223.53819711025,69422.94600841064,239824.72257450945,117019.32977862764,64360.63137824521,222336.72657939253
Bad Weather,8.0,Methanol,1,1000,70000,100,806.458940248714,0.55,1.9,392.2760302521253,865.8186023485479,969.4205410471552,733.621038527778,951.3061184684238,364.16156962443097,1035.5836181640625,1009.7883055768818,936.1546382290212,49034.50378151567,26968.97707983362,93165.55718487976,108227.32529356849,59525.02891146267,205631.9180577801,121177.5676308944,66647.66219699194,230237.37849869937,91702.62981597224,50436.44639878474,174234.99665034725,118913.26480855298,65402.29564470414,225935.20313625064,45520.19620305387,25036.10791167963,86488.37278580235,129447.9522705078,71196.3737487793,245951.10931396484,126223.53819711025,69422.94600841064,239824.72257450945,117019.32977862764,64360.63137824521,222336.72657939253
Bad Weather,8.0,Hydrogen,0,1000,70000,100,806.458940248714,1.2,0.5,392.2760302521253,865.8186023485479,969.4205410471552,733.621038527778,951.3061184684238,364.16156962443097,1035.5836181640625,1009.7883055768818,936.1546382290212,49034.50378151567,58841.4045378188,24517.251890757834,108227.32529356849,129872.79035228216,54113.66264678424,121177.5676308944,145413.0811570733,60588.783815447205,91702.62981597224,110043.1557791667,45851.314907986125,118913.26480855298,142695.91777026356,59456.63240427649,45520.19620305387,54624.23544366464,22760.09810152693,129447.9522705078,155337.54272460938,64723.97613525391,126223.53819711025,151468.24583653227,63111.76909855512,117019.32977862764,140423.19573435318,58509.66488931383
Bad Weather,8.0,Hydrogen,1,1000,70000,100,806.458940248714,1.2,0.5,392.2760302521253,865.8186023485479,969.4205410471552,733.621038527778,951.3061184684238,364.16156962443097,1035.5836181640625,1009.7883055768818,936.1546382290212,49034.50378151567,58841.4045378188,24517.251890757834,108227.32529356849,129872.79035228216,54113.66264678424,121177.5676308944,145413.0811570733,60588.783815447205,91702.62981597224,110043.1557791667,45851.314907986125,118913.26480855298,142695.91777026356,59456.63240427649,45520.19620305387,54624.23544366464,22760.09810152693,129447.9522705078,155337.54272460938,64723.97613525391,126223.53819711025,151468.24583653227,63111.76909855512,117019.32977862764,140423.19573435318,58509.66488931383
Bad Weather,8.0,Ammonia,0,1000,70000,100,806.458940248714,0.7,0.8,392.2760302521253,865.8186023485479,969.4205410471552,733.621038527778,951.3061184684238,364.16156962443097,1035.5836181640625,1009.7883055768818,936.1546382290212,49034.50378151567,34324.15264706097,39227.603025212535,108227.32529356849,75759.12770549793,86581.8602348548,121177.5676308944,84824.29734162608,96942.05410471551,91702.62981597224,64191.84087118057,73362.1038527778,118913.26480855298,83239.28536598707,95130.6118468424,45520.19620305387,31864.137342137707,36416.1569624431,129447.9522705078,90613.56658935548,103558.36181640624,126223.53819711025,88356.47673797715,100978.8305576882,117019.32977862764,81913.53084503935,93615.46382290212
Bad Weather,8.0,Ammonia,1,1000,70000,100,806.458940248714,0.7,0.8,392.2760302521253,865.8186023485479,969.4205410471552,733.621038527778,951.3061184684238,364.16156962443097,1035.5836181640625,1009.7883055768818,936.1546382290212,49034.50378151567,34324.15264706097,39227.603025212535,108227.32529356849,75759.12770549793,86581.8602348548,121177.5676308944,84824.29734162608,96942.05410471551,91702.62981597224,64191.84087118057,73362.1038527778,118913.26480855298,83239.28536598707,95130.6118468424,45520.19620305387,31864.137342137707,36416.1569624431,129447.9522705078,90613.56658935548,103558.36181640624,126223.53819711025,88356.47673797715,100978.8305576882,117019.32977862764,81913.53084503935,93615.46382290212
Bad Weather,9.0,Conventional,0,1000,70000,100,820.8881435935011,0.8,3.2,453.0097614596301,924.1138418893248,958.227024848058,747.8948994444447,955.8394194078812,415.52419395844976,996.594482421875,995.32385714904,941.4658117628072,50334.4179399589,40267.53435196712,161070.1374078685,102679.31576548053,82143.45261238443,328573.8104495377,106469.669427562,85175.7355420496,340702.9421681984,83099.43327160497,66479.54661728398,265918.1864691359,106204.379934209,84963.50394736721,339854.01578946883,46169.354884272194,36935.48390741776,147741.93562967103,110732.72026909722,88586.17621527778,354344.7048611111,110591.53968322669,88473.23174658134,353892.92698632536,104607.31241808968,83685.84993447176,334743.399737887
Bad Weather,9.0,Conventional,1,1000,70000,100,820.8881435935011,0.8,3.2,453.0097614596301,924.1138418893248,958.227024848058,747.8948994444447,955.8394194078812,415.52419395844976,996.594482421875,995.32385714904,941.4658117628072,50334.4179399589,40267.53435196712,161070.1374078685,102679.31576548053,82143.45261238443,328573.8104495377,106469.669427562,85175.7355420496,340702.9421681984,83099.43327160497,66479.54661728398,265918.1864691359,106204.379934209,84963.50394736721,339854.01578946883,46169.354884272194,36935.48390741776,147741.93562967103,110732.72026909722,88586.17621527778,354344.7048611111,110591.53968322669,88473.23174658134,353892.92698632536,104607.31241808968,83685.84993447176,334743.399737887
Bad Weather,9.0,LNG,0,1000,70000,100,820.8881435935011,0.65,2.75,453.0097614596301,924.1138418893248,958.227024848058,747.8948994444447,955.8394194078812,415.52419395844976,996.594482421875,995.32385714904,941.4658117628072,50334.4179399589,32717.371660973284,138419.64933488696,102679.31576548053,66741.55524756234,282368.11835507146,106469.669427562,69205.2851279153,292791.5909257955,83099.43327160497,54014.63162654323,228523.44149691367,106204.379934209,69032.84695723586,292062.04481907474,46169.354884272194,30010.080674776927,126965.72593174851,110732.72026909722,71976.26817491319,304514.9807400174,110591.53968322669,71884.50079409734,304126.73412887333,104607.31241808968,67994.7530717583,287670.10914974666
Bad Weather,9.0,LNG,1,1000,70000,100,820.8881435935011,0.65,2.75,453.0097614596301,924.1138418893248,958.227024848058,747.8948994444447,955.8394194078812,415.52419395844976,996.594482421875,995.32385714904,941.4658117628072,50334.4179399589,32717.371660973284,138419.64933488696,102679.31576548053,66741.55524756234,282368.11835507146,106469.669427562,69205.2851279153,292791.5909257955,83099.43327160497,54014.63162654323,228523.44149691367,106204.379934209,69032.84695723586,292062.04481907474,46169.354884272194,30010.080674776927,126965.72593174851,110732.72026909722,71976.26817491319,304514.9807400174,110591.53968322669,71884.50079409734,304126.73412887333,104607.31241808968,67994.7530717583,287670.10914974666
Bad Weather,9.0,Methanol,0,1000,70000,100,820.8881435935011,0.55,1.9,453.0097614596301,924.1138418893248,958.227024848058,747.8948994444447,955.8394194078812,415.52419395844976,996.594482421875,995.32385714904,941.4658117628072,50334.4179399589,27683.9298669774,95635.3940859219,102679.31576548053,56473.62367101429,195090.699954413,106469.669427562,58558.3181851591,202292.3719123678,83099.43327160497,45704.68829938274,157888.92321604944,106204.379934209,58412.40896381496,201788.3218749971,46169.354884272194,25393.14518634971,87721.77428011717,110732.72026909722,60902.99614800348,210392.16851128472,110591.53968322669,60825.34682577467,210123.92539813067,104607.31241808968,57534.02182994933,198753.8935943704
Bad Weather,9.0,Methanol,1,1000,70000,100,820.8881435935011,0.55,1.9,453.0097614596301,924.1138418893248,958.227024848058,747.8948994444447,955.8394194078812,415.52419395844976,996.594482421875,995.32385714904,941.4658117628072,50334.4179399589,27683.9298669774,95635.3940859219,102679.31576548053,56473.62367101429,195090.699954413,106469.669427562,58558.3181851591,202292.3719123678,83099.43327160497,45704.68829938274,157888.92321604944,106204.379934209,58412.40896381496,201788.3218749971,46169.354884272194,25393.14518634971,87721.77428011717,110732.72026909722,60902.99614800348,210392.16851128472,110591.53968322669,60825.34682577467,210123.92539813067,104607.31241808968,57534.02182994933,198753.8935943704
Bad Weather,9.0,Hydrogen,0,1000,70000,100,820.8881435935011,1.2,0.5,453.0097614596301,924.1138418893248,958.227024848058,747.8948994444447,955.8394194078812,415.52419395844976,996.594482421875,995.32385714904,941.4658117628072,50334.4179399589,60401.30152795067,25167.20896997945,102679.31576548053,123215.17891857662,51339.65788274026,106469.669427562,127763.6033130744,53234.834713781,83099.43327160497,99719.31992592596,41549.71663580248,106204.379934209,127445.2559210508,53102.1899671045,46169.354884272194,55403.22586112663,23084.677442136097,110732.72026909722,132879.26432291666,55366.36013454861,110591.53968322669,132709.847619872,55295.769841613335,104607.31241808968,125528.7749017076,52303.65620904484
Bad Weather,9.0,Hydrogen,1,1000,70000,100,820.8881435935011,1.2,0.5,453.0097614596301,924.1138418893248,958.227024848058,747.8948994444447,955.8394194078812,415.52419395844976,996.594482421875,995.32385714904,941.4658117628072,50334.4179399589,60401.30152795067,25167.20896997945,102679.31576548053,123215.17891857662,51339.65788274026,106469.669427562,127763.6033130744,53234.834713781,83099.43327160497,99719.31992592596,41549.71663580248,106204.379934209,127445.2559210508,53102.1899671045,46169.354884272194,55403.22586112663,23084.677442136097,110732.72026909722,132879.26432291666,55366.36013454861,110591.53968322669,132709.847619872,55295.769841613335,104607.31241808968,125528.7749017076,52303.65620904484
Bad Weather,9.0,Ammonia,0,1000,70000,100,820.8881435935011,0.7,0.8,453.0097614596301,924.1138418893248,958.227024848058,747.8948994444447,955.8394194078812,415.52419395844976,996.594482421875,995.32385714904,941.4658117628072,50334.4179399589,35234.09255797123,40267.53435196712,102679.31576548053,71875.52103583637,82143.45261238443,106469.669427562,74528.7685992934,85175.7355420496,83099.43327160497,58169.60329012347,66479.54661728398,106204.379934209,74343.0659539463,84963.50394736721,46169.354884272194,32318.548418990533,36935.48390741776,110732.72026909722,77512.90418836805,88586.17621527778,110591.53968322669,77414.07777825867,88473.23174658134,104607.31241808968,73225.11869266277,83685.84993447176
Bad Weather,9.0,Ammonia,1,1000,70000,100,820.8881435935011,0.7,0.8,453.0097614596301,924.1138418893248,958.227024848058,747.8948994444447,955.8394194078812,415.52419395844976,996.594482421875,995.32385714904,941.4658117628072,50334.4179399589,35234.09255797123,40267.53435196712,102679.31576548053,71875.52103583637,82143.45261238443,106469.669427562,74528.7685992934,85175.7355420496,83099.43327160497,58169.60329012347,66479.54661728398,106204.379934209,74343.0659539463,84963.50394736721,46169.354884272194,32318.548418990533,36935.48390741776,110732.72026909722,77512.90418836805,88586.17621527778,110591.53968322669,77414.07777825867,88473.23174658134,104607.31241808968,73225.11869266277,83685.84993447176
Bad Weather,10.0,Conventional,0,1000,70000,100,843.9682950259918,0.8,3.2,513.7434926671351,970.7071255937968,960.148932507153,777.7257405902785,956.3461664203384,483.0801497686931,990.0613403320312,1003.5976442353086,940.304063119192,51374.34926671352,41099.47941337081,164397.91765348325,97070.71255937968,77656.57004750373,310626.2801900149,96014.8932507153,76811.91460057224,307247.658402289,77772.57405902786,62218.05924722229,248872.2369888892,95634.61664203384,76507.69331362707,306030.77325450827,48308.01497686931,38646.41198149545,154585.6479259818,99006.13403320312,79204.9072265625,316819.62890625,100359.76442353088,80287.8115388247,321151.2461552988,94030.4063119192,75224.32504953536,300897.3001981414
Bad Weather,10.0,Conventional,1,1000,70000,100,843.9682950259918,0.8,3.2,513.7434926671351,970.7071255937968,960.148932507153,777.7257405902785,956.3461664203384,483.0801497686931,990.0613403320312,1003.5976442353086,940.304063119192,51374.34926671352,41099.47941337081,164397.91765348325,97070.71255937968,77656.57004750373,310626.2801900149,96014.8932507153,76811.91460057224,307247.658402289,77772.57405902786,62218.05924722229,248872.2369888892,95634.61664203384,76507.69331362707,306030.77325450827,48308.01497686931,38646.41198149545,154585.6479259818,99006.13403320312,79204.9072265625,316819.62890625,100359.76442353088,80287.8115388247,321151.2461552988,94030.4063119192,75224.32504953536,300897.3001981414
Bad Weather,10.0,LNG,0,1000,70000,100,843.9682950259918,0.65,2.75,513.7434926671351,970.7071255937968,960.148932507153,777.7257405902785,956.3461664203384,483.0801497686931,990.0613403320312,1003.5976442353086,940.304063119192,51374.34926671352,33393.32702336379,141279.46048346217,97070.71255937968,63095.96316359678,266944.45953829406,96014.8932507153,62409.68061296494,264040.95643946703,77772.57405902786,50552.17313836811,213874.57866232665,95634.61664203384,62162.50081732199,262995.19576559303,48308.01497686931,31400.20973496505,132847.0411863906,99006.13403320312,64353.98712158203,272266.8685913086,100359.76442353088,65233.846875295065,275989.3521647099,94030.4063119192,61119.76410274748,258583.61735777772
Bad Weather,10.0,LNG,1,1000,70000,100,843.9682950259918,0.65,2.75,513.7434926671351,970.7071255937968,960.148932507153,777.7257405902785,956.3461664203384,483.0801497686931,990.0613403320312,1003.5976442353086,940.304063119192,51374.34926671352,33393.32702336379,141279.46048346217,97070.71255937968,63095.96316359678,266944.45953829406,96014.8932507153,62409.68061296494,264040.95643946703,77772.57405902786,50552.17313836811,213874.57866232665,95634.61664203384,62162.50081732199,262995.19576559303,48308.01497686931,31400.20973496505,132847.0411863906,99006.13403320312,64353.98712158203,272266.8685913086,100359.76442353088,65233.846875295065,275989.3521647099,94030.4063119192,61119.76410274748,258583.61735777772
Bad Weather,10.0,Methanol,0,1000,70000,100,843.9682950259918,0.55,1.9,513.7434926671351,970.7071255937968,960.148932507153,777.7257405902785,956.3461664203384,483.0801497686931,990.0613403320312,1003.5976442353086,940.304063119192,51374.34926671352,28255.892096692434,97611.26360675567,97070.71255937968,53388.89190765882,184434.35386282136,96014.8932507153,52808.191287893416,182428.29717635905,77772.57405902786,42774.91573246533,147767.89071215293,95634.61664203384,52599.03915311861,181705.77161986427,48308.01497686931,26569.408237278123,91785.22845605169,99006.13403320312,54453.373718261726,188111.65466308597,100359.76442353088,55197.87043294199,190683.55240470864,94030.4063119192,51716.72347155555,178657.77199264645
Bad Weather,10.0,Methanol,1,1000,70000,100,843.9682950259918,0.55,1.9,513.7434926671351,970.7071255937968,960.148932507153,777.7257405902785,956.3461664203384,483.0801497686931,990.0613403320312,1003.5976442353086,940.304063119192,51374.34926671352,28255.892096692434,97611.26360675567,97070.71255937968,53388.89190765882,184434.35386282136,96014.8932507153,52808.191287893416,182428.29717635905,77772.57405902786,42774.91573246533,147767.89071215293,95634.61664203384,52599.03915311861,181705.77161986427,48308.01497686931,26569.408237278123,91785.22845605169,99006.13403320312,54453.373718261726,188111.65466308597,100359.76442353088,55197.87043294199,190683.55240470864,94030.4063119192,51716.72347155555,178657.77199264645
Bad Weather,10.0,Hydrogen,0,1000,70000,100,843.9682950259918,1.2,0.5,513.7434926671351,970.7071255937968,960.148932507153,777.7257405902785,956.3461664203384,483.0801497686931,990.0613403320312,1003.5976442353086,940.304063119192,51374.34926671352,61649.219120056216,25687.17463335676,97070.71255937968,116484.8550712556,48535.35627968983,96014.8932507153,115217.87190085834,48007.44662535765,77772.57405902786,93327.08887083342,38886.28702951393,95634.61664203384,114761.5399704406,47817.30832101691,48308.01497686931,57969.61797224317,24154.00748843465,99006.13403320312,118807.36083984376,49503.06701660156,100359.76442353088,120431.71730823704,50179.88221176544,94030.4063119192,112836.487574303,47015.20315595959
Bad Weather,10.0,Hydrogen,1,1000,70000,100,843.9682950259918,1.2,0.5,513.7434926671351,970.7071255937968,960.148932507153,777.7257405902785,956.3461664203384,483.0801497686931,990.0613403320312,1003.5976442353086,940.304063119192,51374.34926671352,61649.219120056216,25687.17463335676,97070.71255937968,116484.8550712556,48535.35627968983,96014.8932507153,115217.87190085834,48007.44662535765,77772.57405902786,93327.08887083342,38886.28702951393,95634.61664203384,114761.5399704406,47817.30832101691,48308.01497686931,57969.61797224317,24154.00748843465,99006.13403320312,118807.36083984376,49503.06701660156,100359.76442353088,120431.71730823704,50179.88221176544,94030.4063119192,112836.487574303,47015.20315595959
Bad Weather,10.0,Ammonia,0,1000,70000,100,843.9682950259918,0.7,0.8,513.7434926671351,970.7071255937968,960.148932507153,777.7257405902785,956.3461664203384,483.0801497686931,990.0613403320312,1003.5976442353086,940.304063119192,51374.34926671352,35962.04448669946,41099.47941337081,97070.71255937968,67949.49879156577,77656.57004750373,96014.8932507153,67210.4252755007,76811.91460057224,77772.57405902786,54440.801841319495,62218.05924722229,95634.61664203384,66944.23164942367,76507.69331362707,48308.01497686931,33815.61048380852,38646.41198149545,99006.13403320312,69304.29382324219,79204.9072265625,100359.76442353088,70251.83509647161,80287.8115388247,94030.4063119192,65821.28441834342,75224.32504953536
Bad Weather,10.0,Ammonia,1,1000,70000,100,843.9682950259918,0.7,0.8,513.7434926671351,970.7071255937968,960.148932507153,777.7257405902785,956.3461664203384,483.0801497686931,990.0613403320312,1003.5976442353086,940.304063119192,51374.34926671352,35962.04448669946,41099.47941337081,97070.71255937968,67949.49879156577,77656.57004750373,96014.8932507153,67210.4252755007,76811.91460057224,77772.57405902786,54440.801841319495,62218.05924722229,95634.61664203384,66944.23164942367,76507.69331362707,48308.01497686931,33815.61048380852,38646.41198149545,99006.13403320312,69304.29382324219,79204.9072265625,100359.76442353088,70251.83509647161,80287.8115388247,94030.4063119192,65821.28441834342,75224.32504953536
Bad Weather,11.0,Conventional,0,1000,70000,100,860.5545313190489,0.8,3.2,574.4772238746398,1003.91346835255,922.7687787290878,875.3835378125002,981.8123663421964,569.6764650485599,928.9578857421876,926.7764118120564,961.2246441576624,52225.20217042179,41780.16173633744,167120.64694534976,91264.86075932274,73011.8886074582,292047.5544298328,83888.07079355343,67110.45663484275,268441.826539371,79580.3216193182,63664.25729545456,254657.02918181824,89255.6696674724,71404.53573397791,285618.14293591166,51788.769549869074,41431.01563989526,165724.06255958104,84450.71688565341,67560.57350852274,270242.29403409094,84252.40107382332,67401.92085905866,269607.68343623466,87384.05855978749,69907.24684783,279628.98739132
Bad Weather,11.0,Conventional,1,1000,70000,100,860.5545313190489,0.8,3.2,574.4772238746398,1003.91346835255,922.7687787290878,875.3835378125002,981.8123663421964,569.6764650485599,928.9578857421876,926.7764118120564,961.2246441576624,52225.20217042179,41780.16173633744,167120.64694534976,91264.86075932274,73011.8886074582,292047.5544298328,83888.07079355343,67110.45663484275,268441.826539371,79580.3216193182,63664.25729545456,254657.02918181824,89255.6696674724,71404.53573397791,285618.14293591166,51788.769549869074,41431.01563989526,165724.06255958104,84450.71688565341,67560.57350852274,270242.29403409094,84252.40107382332,67401.92085905866,269607.68343623466,87384.05855978749,69907.24684783,279628.98739132
Bad Weather,11.0,LNG,0,1000,70000,100,860.5545313190489,0.65,2.75,574.4772238746398,1003.91346835255,922.7687787290878,875.3835378125002,981.8123663421964,569.6764650485599,928.9578857421876,926.7764118120564,961.2246441576624,52225.20217042179,33946.381410774164,143619.30596865993,91264.86075932274,59322.15949355978,250978.36708813751,83888.07079355343,54527.24601580973,230692.19468227192,79580.3216193182,51727.20905255684,218845.8844531251,89255.6696674724,58016.185283857056,245453.0915855491,51788.769549869074,33662.7002074149,142419.11626213996,84450.71688565341,54892.96597567472,232239.47143554688,84252.40107382332,54764.06069798516,231694.1029530141,87384.05855978749,56799.63806386187,240306.1610394156
Bad Weather,11.0,LNG,1,1000,70000,100,860.5545313190489,0.65,2.75,574.4772238746398,1003.91346835255,922.7687787290878,875.3835378125002,981.8123663421964,569.6764650485599,928.9578857421876,926.7764118120564,961.2246441576624,52225.20217042179,33946.381410774164,143619.30596865993,91264.86075932274,59322.15949355978,250978.36708813751,83888.07079355343,54527.24601580973,230692.19468227192,79580.3216193182,51727.20905255684,218845.8844531251,89255.6696674724,58016.185283857056,245453.0915855491,51788.769549869074,33662.7002074149,142419.11626213996,84450.71688565341,54892.96597567472,232239.47143554688,84252.40107382332,54764.06069798516,231694.1029530141,87384.05855978749,56799.63806386187,240306.1610394156
Bad Weather,11.0,Methanol,0,1000,70000,100,860.5545313190489,0.55,1.9,574.4772238746398,1003.91346835255,922.7687787290878,875.3835378125002,981.8123663421964,569.6764650485599,928.9578857421876,926.7764118120564,961.2246441576624,52225.20217042179,28723.861193731987,99227.8841238014,91264.86075932274,50195.67341762751,173403.2354427132,83888.07079355343,46138.43893645439,159387.3345077515,79580.3216193182,43769.17689062501,151202.61107670458,89255.6696674724,49090.618317109824,169585.77236819753,51788.769549869074,28483.823252427992,98398.66214475124,84450.71688565341,46447.89428710938,160456.36208274149,84252.40107382332,46338.82059060283,160079.5620402643,87384.05855978749,48061.23220788312,166029.71126359623
Bad Weather,11.0,Methanol,1,1000,70000,100,860.5545313190489,0.55,1.9,574.4772238746398,1003.91346835255,922.7687787290878,875.3835378125002,981.8123663421964,569.6764650485599,928.9578857421876,926.7764118120564,961.2246441576624,52225.20217042179,28723.861193731987,99227.8841238014,91264.86075932274,50195.67341762751,173403.2354427132,83888.07079355343,46138.43893645439,159387.3345077515,79580.3216193182,43769.17689062501,151202.61107670458,89255.6696674724,49090.618317109824,169585.77236819753,51788.769549869074,28483.823252427992,98398.66214475124,84450.71688565341,46447.89428710938,160456.36208274149,84252.40107382332,46338.82059060283,160079.5620402643,87384.05855978749,48061.23220788312,166029.71126359623
Bad Weather,11.0,Hydrogen,0,1000,70000,100,860.5545313190489,1.2,0.5,574.4772238746398,1003.91346835255,922.7687787290878,875.3835378125002,981.8123663421964,569.6764650485599,928.9578857421876,926.7764118120564,961.2246441576624,52225.20217042179,62670.242604506144,26112.601085210896,91264.86075932274,109517.83291118727,45632.43037966137,83888.07079355343,100665.68495226411,41944.03539677672,79580.3216193182,95496.38594318184,39790.1608096591,89255.6696674724,107106.80360096689,44627.8348337362,51788.769549869074,62146.52345984289,25894.384774934537,84450.71688565341,101340.86026278407,42225.35844282671,84252.40107382332,101102.88128858796,42126.20053691166,87384.05855978749,104860.87027174498,43692.029279893744
Bad Weather,11.0,Hydrogen,1,1000,70000,100,860.5545313190489,1.2,0.5,574.4772238746398,1003.91346835255,922.7687787290878,875.3835378125002,981.8123663421964,569.6764650485599,928.9578857421876,926.7764118120564,961.2246441576624,52225.20217042179,62670.242604506144,26112.601085210896,91264.86075932274,109517.83291118727,45632.43037966137,83888.07079355343,100665.68495226411,41944.03539677672,79580.3216193182,95496.38594318184,39790.1608096591,89255.6696674724,107106.80360096689,44627.8348337362,51788.769549869074,62146.52345984289,25894.384774934537,84450.71688565341,101340.86026278407,42225.35844282671,84252.40107382332,101102.88128858796,42126.20053691166,87384.05855978749,104860.87027174498,43692.029279893744
Bad Weather,11.0,Ammonia,0,1000,70000,100,860.5545313190489,0.7,0.8,574.4772238746398,1003.91346835255,922.7687787290878,875.3835378125002,981.8123663421964,569.6764650485599,928.9578857421876,926.7764118120564,961.2246441576624,52225.20217042179,36557.64151929525,41780.16173633744,91264.86075932274,63885.40253152591,73011.8886074582,83888.07079355343,58721.6495554874,67110.45663484275,79580.3216193182,55706.22513352274,63664.25729545456,89255.6696674724,62478.96876723067,71404.53573397791,51788.769549869074,36252.13868490835,41431.01563989526,84450.71688565341,59115.50181995738,67560.57350852274,84252.40107382332,58976.68075167632,67401.92085905866,87384.05855978749,61168.84099185124,69907.24684783
Bad Weather,11.0,Ammonia,1,1000,70000,100,860.5545313190489,0.7,0.8,574.4772238746398,1003.91346835255,922.7687787290878,875.3835378125002,981.8123663421964,569.6764650485599,928.9578857421876,926.7764118120564,961.2246441576624,52225.20217042179,36557.64151929525,41780.16173633744,91264.86075932274,63885.40253152591,73011.8886074582,83888.07079355343,58721.6495554874,67110.45663484275,79580.3216193182,55706.22513352274,63664.25729545456,89255.6696674724,62478.96876723067,71404.53573397791,51788.769549869074,36252.13868490835,41431.01563989526,84450.71688565341,59115.50181995738,67560.57350852274,84252.40107382332,58976.68075167632,67401.92085905866,87384.05855978749,61168.84099185124,69907.24684783
Bad Weather,12.0,Conventional,0,1000,70000,100,905.1469437309364,0.8,3.2,635.2109550821447,1023.4171822246152,983.9516749922384,952.9351911979172,984.5154924536298,673.9177784873006,958.2462768554688,961.875685178318,972.2522571067942,52934.24625684539,42347.39700547632,169389.58802190528,85284.7651853846,68227.81214830768,272911.24859323073,81995.97291601988,65596.7783328159,262387.1133312636,79411.26593315975,63529.012746527806,254116.0509861112,82042.95770446915,65634.36616357532,262537.4646543013,56159.81487394171,44927.85189915337,179711.40759661348,79853.85640462239,63883.08512369792,255532.3404947917,80156.30709819317,64125.04567855454,256500.18271421816,81021.02142556618,64816.81714045295,259267.2685618118
Bad Weather,12.0,Conventional,1,1000,70000,100,905.1469437309364,0.8,3.2,635.2109550821447,1023.4171822246152,983.9516749922384,952.9351911979172,984.5154924536298,673.9177784873006,958.2462768554688,961.875685178318,972.2522571067942,52934.24625684539,42347.39700547632,169389.58802190528,85284.7651853846,68227.81214830768,272911.24859323073,81995.97291601988,65596.7783328159,262387.1133312636,79411.26593315975,63529.012746527806,254116.0509861112,82042.95770446915,65634.36616357532,262537.4646543013,56159.81487394171,44927.85189915337,179711.40759661348,79853.85640462239,63883.08512369792,255532.3404947917,80156.30709819317,64125.04567855454,256500.18271421816,81021.02142556618,64816.81714045295,259267.2685618118
Bad Weather,12.0,LNG,0,1000,70000,100,905.1469437309364,0.65,2.75,635.2109550821447,1023.4171822246152,983.9516749922384,952.9351911979172,984.5154924536298,673.9177784873006,958.2462768554688,961.875685178318,972.2522571067942,52934.24625684539,34407.26006694951,145569.17720632482,85284.7651853846,55435.09737049999,234533.10425980767,81995.97291601988,53297.38239541292,225488.92551905467,79411.26593315975,51617.322856553845,218380.9813161893,82042.95770446915,53327.92250790495,225618.1336872902,56159.81487394171,36503.87966806211,154439.4909033397,79853.85640462239,51905.00666300456,219598.1051127116,80156.30709819317,52101.59961382556,220429.8445200312,81021.02142556618,52663.66392661802,222807.808920307
Bad Weather,12.0,LNG,1,1000,70000,100,905.1469437309364,0.65,2.75,635.2109550821447,1023.4171822246152,983.9516749922384,952.9351911979172,984.5154924536298,673.9177784873006,958.2462768554688,961.875685178318,972.2522571067942,52934.24625684539,34407.26006694951,145569.17720632482,85284.7651853846,55435.09737049999,234533.10425980767,81995.97291601988,53297.38239541292,225488.92551905467,79411.26593315975,51617.322856553845,218380.9813161893,82042.95770446915,53327.92250790495,225618.1336872902,56159.81487394171,36503.87966806211,154439.4909033397,79853.85640462239,51905.00666300456,219598.1051127116,80156.30709819317,52101.59961382556,220429.8445200312,81021.02142556618,52663.66392661802,222807.808920307
Bad Weather,12.0,Methanol,0,1000,70000,100,905.1469437309364,0.55,1.9,635.2109550821447,1023.4171822246152,983.9516749922384,952.9351911979172,984.5154924536298,673.9177784873006,958.2462768554688,961.875685178318,972.2522571067942,52934.24625684539,29113.835441264968,100575.06788800623,85284.7651853846,46906.62085196154,162041.05385223075,81995.97291601988,45097.78510381094,155792.34854043776,79411.26593315975,43676.19626323787,150881.40527300353,82042.95770446915,45123.62673745804,155881.6196384914,56159.81487394171,30887.89818066794,106703.64826048924,79853.85640462239,43919.62102254232,151722.32716878253,80156.30709819317,44085.96890400624,152296.983486567,81021.02142556618,44561.56178406141,153939.94070857574
Bad Weather,12.0,Methanol,1,1000,70000,100,905.1469437309364,0.55,1.9,635.2109550821447,1023.4171822246152,983.9516749922384,952.9351911979172,984.5154924536298,673.9177784873006,958.2462768554688,961.875685178318,972.2522571067942,52934.24625684539,29113.835441264968,100575.06788800623,85284.7651853846,46906.62085196154,162041.05385223075,81995.97291601988,45097.78510381094,155792.34854043776,79411.26593315975,43676.19626323787,150881.40527300353,82042.95770446915,45123.62673745804,155881.6196384914,56159.81487394171,30887.89818066794,106703.64826048924,79853.85640462239,43919.62102254232,151722.32716878253,80156.30709819317,44085.96890400624,152296.983486567,81021.02142556618,44561.56178406141,153939.94070857574
Bad Weather,12.0,Hydrogen,0,1000,70000,100,905.1469437309364,1.2,0.5,635.2109550821447,1023.4171822246152,983.9516749922384,952.9351911979172,984.5154924536298,673.9177784873006,958.2462768554688,961.875685178318,972.2522571067942,52934.24625684539,63521.09550821447,26467.123128422696,85284.7651853846,102341.71822246152,42642.3825926923,81995.97291601988,98395.16749922384,40997.98645800994,79411.26593315975,95293.5191197917,39705.63296657988,82042.95770446915,98451.54924536298,41021.47885223458,56159.81487394171,67391.77784873005,28079.90743697085,79853.85640462239,95824.62768554686,39926.9282023112,80156.30709819317,96187.5685178318,40078.15354909658,81021.02142556618,97225.2257106794,40510.51071278309
Bad Weather,12.0,Hydrogen,1,1000,70000,100,905.1469437309364,1.2,0.5,635.2109550821447,1023.4171822246152,983.9516749922384,952.9351911979172,984.5154924536298,673.9177784873006,958.2462768554688,961.875685178318,972.2522571067942,52934.24625684539,63521.09550821447,26467.123128422696,85284.7651853846,102341.71822246152,42642.3825926923,81995.97291601988,98395.16749922384,40997.98645800994,79411.26593315975,95293.5191197917,39705.63296657988,82042.95770446915,98451.54924536298,41021.47885223458,56159.81487394171,67391.77784873005,28079.90743697085,79853.85640462239,95824.62768554686,39926.9282023112,80156.30709819317,96187.5685178318,40078.15354909658,81021.02142556618,97225.2257106794,40510.51071278309
Bad Weather,12.0,Ammonia,0,1000,70000,100,905.1469437309364,0.7,0.8,635.2109550821447,1023.4171822246152,983.9516749922384,952.9351911979172,984.5154924536298,673.9177784873006,958.2462768554688,961.875685178318,972.2522571067942,52934.24625684539,37053.97237979177,42347.39700547632,85284.7651853846,59699.335629769215,68227.81214830768,81995.97291601988,57397.18104121391,65596.7783328159,79411.26593315975,55587.886153211824,63529.012746527806,82042.95770446915,57430.0703931284,65634.36616357532,56159.81487394171,39311.87041175919,44927.85189915337,79853.85640462239,55897.69948323567,63883.08512369792,80156.30709819317,56109.41496873521,64125.04567855454,81021.02142556618,56714.71499789633,64816.81714045295
Bad Weather,12.0,Ammonia,1,1000,70000,100,905.1469437309364,0.7,0.8,635.2109550821447,1023.4171822246152,983.9516749922384,952.9351911979172,984.5154924536298,673.9177784873006,958.2462768554688,961.875685178318,972.2522571067942,52934.24625684539,37053.97237979177,42347.39700547632,85284.7651853846,59699.335629769215,68227.81214830768,81995.97291601988,57397.18104121391,65596.7783328159,79411.26593315975,55587.886153211824,63529.012746527806,82042.95770446915,57430.0703931284,65634.36616357532,56159.81487394171,39311.87041175919,44927.85189915337,79853.85640462239,55897.69948323567,63883.08512369792,80156.30709819317,56109.41496873521,64125.04567855454,81021.02142556618,56714.71499789633,64816.81714045295
Bad Weather,13.0,Conventional,0,1000,70000,100,942.0600966956124,0.8,3.2,695.9446862896496,1030.314888321747,1001.3029936696416,1012.9745904270836,985.832554183404,786.0220911122302,985.1958618164062,990.5655056992152,990.3876987411332,53534.20663766535,42827.365310132285,171309.46124052914,79254.99140936516,63403.99312749213,253615.97250996853,77023.30720535704,61618.64576428563,246474.58305714253,77921.1223405449,62336.89787243592,249347.59148974367,75833.2733987234,60666.61871897872,242666.4748759149,60463.23777786386,48370.590222291095,193482.3608891644,75784.29706280048,60627.43765024039,242509.7506009616,76197.34659224731,60957.87727379785,243831.5090951914,76183.66913393332,60946.93530714666,243787.74122858664
Bad Weather,13.0,Conventional,1,1000,70000,100,942.0600966956124,0.8,3.2,695.9446862896496,1030.314888321747,1001.3029936696416,1012.9745904270836,985.832554183404,786.0220911122302,985.1958618164062,990.5655056992152,990.3876987411332,53534.20663766535,42827.365310132285,171309.46124052914,79254.99140936516,63403.99312749213,253615.97250996853,77023.30720535704,61618.64576428563,246474.58305714253,77921.1223405449,62336.89787243592,249347.59148974367,75833.2733987234,60666.61871897872,242666.4748759149,60463.23777786386,48370.590222291095,193482.3608891644,75784.29706280048,60627.43765024039,242509.7506009616,76197.34659224731,60957.87727379785,243831.5090951914,76183.66913393332,60946.93530714666,243787.74122858664
Bad Weather,13.0,LNG,0,1000,70000,100,942.0600966956124,0.65,2.75,695.9446862896496,1030.314888321747,1001.3029936696416,1012.9745904270836,985.832554183404,786.0220911122302,985.1958618164062,990.5655056992152,990.3876987411332,53534.20663766535,34797.23431448248,147219.06825357972,79254.99140936516,51515.74441608736,217951.2263757542,77023.30720535704,50065.14968348207,211814.09481473183,77921.1223405449,50648.72952135419,214283.08643649847,75833.2733987234,49291.62770917021,208541.5018464893,60463.23777786386,39301.10455561151,166273.90388912562,75784.29706280048,49259.79309082032,208406.8169227013,76197.34659224731,49528.27528496076,209542.7031286801,76183.66913393332,49519.38493705666,209505.09011831664
Bad Weather,13.0,LNG,1,1000,70000,100,942.0600966956124,0.65,2.75,695.9446862896496,1030.314888321747,1001.3029936696416,1012.9745904270836,985.832554183404,786.0220911122302,985.1958618164062,990.5655056992152,990.3876987411332,53534.20663766535,34797.23431448248,147219.06825357972,79254.99140936516,51515.74441608736,217951.2263757542,77023.30720535704,50065.14968348207,211814.09481473183,77921.1223405449,50648.72952135419,214283.08643649847,75833.2733987234,49291.62770917021,208541.5018464893,60463.23777786386,39301.10455561151,166273.90388912562,75784.29706280048,49259.79309082032,208406.8169227013,76197.34659224731,49528.27528496076,209542.7031286801,76183.66913393332,49519.38493705666,209505.09011831664
Bad Weather,13.0,Methanol,0,1000,70000,100,942.0600966956124,0.55,1.9,695.9446862896496,1030.314888321747,1001.3029936696416,1012.9745904270836,985.832554183404,786.0220911122302,985.1958618164062,990.5655056992152,990.3876987411332,53534.20663766535,29443.813650715947,101714.99261156416,79254.99140936516,43590.24527515084,150584.4836777938,77023.30720535704,42362.81896294637,146344.28369017836,77921.1223405449,42856.6172872997,148050.1324470353,75833.2733987234,41708.30036929787,144083.21945757445,60463.23777786386,33254.78077782513,114880.15177794133,75784.29706280048,41681.36338454027,143990.1644193209,76197.34659224731,41908.54062573602,144774.95852526987,76183.66913393332,41901.01802366333,144748.9713544733
Bad Weather,13.0,Methanol,1,1000,70000,100,942.0600966956124,0.55,1.9,695.9446862896496,1030.314888321747,1001.3029936696416,1012.9745904270836,985.832554183404,786.0220911122302,985.1958618164062,990.5655056992152,990.3876987411332,53534.20663766535,29443.813650715947,101714.99261156416,79254.99140936516,43590.24527515084,150584.4836777938,77023.30720535704,42362.81896294637,146344.28369017836,77921.1223405449,42856.6172872997,148050.1324470353,75833.2733987234,41708.30036929787,144083.21945757445,60463.23777786386,33254.78077782513,114880.15177794133,75784.29706280048,41681.36338454027,143990.1644193209,76197.34659224731,41908.54062573602,144774.95852526987,76183.66913393332,41901.01802366333,144748.9713544733
Bad Weather,13.0,Hydrogen,0,1000,70000,100,942.0600966956124,1.2,0.5,695.9446862896496,1030.314888321747,1001.3029936696416,1012.9745904270836,985.832554183404,786.0220911122302,985.1958618164062,990.5655056992152,990.3876987411332,53534.20663766535,64241.04796519842,26767.10331883268,79254.99140936516,95105.9896912382,39627.49570468258,77023.30720535704,92427.96864642845,38511.65360267852,77921.1223405449,93505.34680865388,38960.56117027245,75833.2733987234,90999.92807846807,37916.6366993617,60463.23777786386,72555.88533343663,30231.61888893193,75784.29706280048,90941.15647536058,37892.14853140024,76197.34659224731,91436.81591069677,38098.673296123656,76183.66913393332,91420.40296071998,38091.83456696666
Bad Weather,13.0,Hydrogen,1,1000,70000,100,942.0600966956124,1.2,0.5,695.9446862896496,1030.314888321747,1001.3029936696416,1012.9745904270836,985.832554183404,786.0220911122302,985.1958618164062,990.5655056992152,990.3876987411332,53534.20663766535,64241.04796519842,26767.10331883268,79254.99140936516,95105.9896912382,39627.49570468258,77023.30720535704,92427.96864642845,38511.65360267852,77921.1223405449,93505.34680865388,38960.56117027245,75833.2733987234,90999.92807846807,37916.6366993617,60463.23777786386,72555.88533343663,30231.61888893193,75784.29706280048,90941.15647536058,37892.14853140024,76197.34659224731,91436.81591069677,38098.673296123656,76183.66913393332,91420.40296071998,38091.83456696666
Bad Weather,13.0,Ammonia,0,1000,70000,100,942.0600966956124,0.7,0.8,695.9446862896496,1030.314888321747,1001.3029936696416,1012.9745904270836,985.832554183404,786.0220911122302,985.1958618164062,990.5655056992152,990.3876987411332,53534.20663766535,37473.944646365744,42827.365310132285,79254.99140936516,55478.49398655561,63403.99312749213,77023.30720535704,53916.31504374992,61618.64576428563,77921.1223405449,54544.78563838143,62336.89787243592,75833.2733987234,53083.29137910638,60666.61871897872,60463.23777786386,42324.2664445047,48370.590222291095,75784.29706280048,53049.007943960336,60627.43765024039,76197.34659224731,53338.14261457312,60957.87727379785,76183.66913393332,53328.56839375332,60946.93530714666
Bad Weather,13.0,Ammonia,1,1000,70000,100,942.0600966956124,0.7,0.8,695.9446862896496,1030.314888321747,1001.3029936696416,1012.9745904270836,985.832554183404,786.0220911122302,985.1958618164062,990.5655056992152,990.3876987411332,53534.20663766535,37473.944646365744,42827.365310132285,79254.99140936516,55478.49398655561,63403.99312749213,77023.30720535704,53916.31504374992,61618.64576428563,77921.1223405449,54544.78563838143,62336.89787243592,75833.2733987234,53083.29137910638,60666.61871897872,60463.23777786386,42324.2664445047,48370.590222291095,75784.29706280048,53049.007943960336,60627.43765024039,76197.34659224731,53338.14261457312,60957.87727379785,76183.66913393332,53328.56839375332,60946.93530714666
Bad Weather,14.0,Conventional,0,1000,70000,100,997.880251501324,0.8,3.2,756.6784174971543,1026.9743379848546,1040.4299987275008,1097.954705739583,1028.4942082814885,903.4483431117192,1069.4879150390625,1016.7467020688172,1040.7076350617367,54048.45839265388,43238.76671412311,172955.06685649243,73355.30985606104,58684.24788484883,234736.99153939533,74316.42848053577,59453.14278442862,237812.5711377145,78425.33612425592,62740.268899404735,250961.0755976189,73463.87202010633,58771.09761608506,235084.39046434025,64532.02450797994,51625.61960638396,206502.47842553584,76391.9939313616,61113.59514508929,244454.3805803572,72624.76443348694,58099.81154678956,232399.24618715825,74336.25964726691,59469.00771781353,237876.03087125413
Bad Weather,14.0,Conventional,1,1000,70000,100,997.880251501324,0.8,3.2,756.6784174971543,1026.9743379848546,1040.4299987275008,1097.954705739583,1028.4942082814885,903.4483431117192,1069.4879150390625,1016.7467020688172,1040.7076350617367,54048.45839265388,43238.76671412311,172955.06685649243,73355.30985606104,58684.24788484883,234736.99153939533,74316.42848053577,59453.14278442862,237812.5711377145,78425.33612425592,62740.268899404735,250961.0755976189,73463.87202010633,58771.09761608506,235084.39046434025,64532.02450797994,51625.61960638396,206502.47842553584,76391.9939313616,61113.59514508929,244454.3805803572,72624.76443348694,58099.81154678956,232399.24618715825,74336.25964726691,59469.00771781353,237876.03087125413
Bad Weather,14.0,LNG,0,1000,70000,100,997.880251501324,0.65,2.75,756.6784174971543,1026.9743379848546,1040.4299987275008,1097.954705739583,1028.4942082814885,903.4483431117192,1069.4879150390625,1016.7467020688172,1040.7076350617367,54048.45839265388,35131.49795522502,148633.26057979817,73355.30985606104,47680.95140643968,201727.10210416783,74316.42848053577,48305.678512348255,204370.1783214734,78425.33612425592,50976.46848076635,215669.67434170377,73463.87202010633,47751.51681306912,202025.6480552924,64532.02450797994,41945.81593018697,177463.06739694485,76391.9939313616,49654.79605538504,210077.9833112444,72624.76443348694,47206.09688176651,199718.10219208908,74336.25964726691,48318.56877072349,204424.714029984
Bad Weather,14.0,LNG,1,1000,70000,100,997.880251501324,0.65,2.75,756.6784174971543,1026.9743379848546,1040.4299987275008,1097.954705739583,1028.4942082814885,903.4483431117192,1069.4879150390625,1016.7467020688172,1040.7076350617367,54048.45839265388,35131.49795522502,148633.26057979817,73355.30985606104,47680.95140643968,201727.10210416783,74316.42848053577,48305.678512348255,204370.1783214734,78425.33612425592,50976.46848076635,215669.67434170377,73463.87202010633,47751.51681306912,202025.6480552924,64532.02450797994,41945.81593018697,177463.06739694485,76391.9939313616,49654.79605538504,210077.9833112444,72624.76443348694,47206.09688176651,199718.10219208908,74336.25964726691,48318.56877072349,204424.714029984
Bad Weather,14.0,Methanol,0,1000,70000,100,997.880251501324,0.55,1.9,756.6784174971543,1026.9743379848546,1040.4299987275008,1097.954705739583,1028.4942082814885,903.4483431117192,1069.4879150390625,1016.7467020688172,1040.7076350617367,54048.45839265388,29726.65211595964,102692.07094604235,73355.30985606104,40345.42042083357,139375.08872651597,74316.42848053577,40874.03566429468,141201.21411301795,78425.33612425592,43133.93486834076,149008.13863608625,73463.87202010633,40405.12961105848,139581.35683820202,64532.02450797994,35492.61347938897,122610.84656516188,76391.9939313616,42015.596662248885,145144.78846958705,72624.76443348694,39943.62043841782,137987.05242362517,74336.25964726691,40884.942805996805,141238.89332980712
Bad Weather,14.0,Methanol,1,1000,70000,100,997.880251501324,0.55,1.9,756.6784174971543,1026.9743379848546,1040.4299987275008,1097.954705739583,1028.4942082814885,903.4483431117192,1069.4879150390625,1016.7467020688172,1040.7076350617367,54048.45839265388,29726.65211595964,102692.07094604235,73355.30985606104,40345.42042083357,139375.08872651597,74316.42848053577,40874.03566429468,141201.21411301795,78425.33612425592,43133.93486834076,149008.13863608625,73463.87202010633,40405.12961105848,139581.35683820202,64532.02450797994,35492.61347938897,122610.84656516188,76391.9939313616,42015.596662248885,145144.78846958705,72624.76443348694,39943.62043841782,137987.05242362517,74336.25964726691,40884.942805996805,141238.89332980712
Bad Weather,14.0,Hydrogen,0,1000,70000,100,997.880251501324,1.2,0.5,756.6784174971543,1026.9743379848546,1040.4299987275008,1097.954705739583,1028.4942082814885,903.4483431117192,1069.4879150390625,1016.7467020688172,1040.7076350617367,54048.45839265388,64858.15007118466,27024.22919632694,73355.30985606104,88026.37182727324,36677.65492803052,74316.42848053577,89179.71417664293,37158.21424026789,78425.33612425592,94110.4033491071,39212.66806212796,73463.87202010633,88156.64642412758,36731.93601005316,64532.02450797994,77438.42940957593,32266.01225398997,76391.9939313616,91670.39271763392,38195.9969656808,72624.76443348694,87149.71732018433,36312.38221674347,74336.25964726691,89203.5115767203,37168.129823633455
Bad Weather,14.0,Hydrogen,1,1000,70000,100,997.880251501324,1.2,0.5,756.6784174971543,1026.9743379848546,1040.4299987275008,1097.954705739583,1028.4942082814885,903.4483431117192,1069.4879150390625,1016.7467020688172,1040.7076350617367,54048.45839265388,64858.15007118466,27024.22919632694,73355.30985606104,88026.37182727324,36677.65492803052,74316.42848053577,89179.71417664293,37158.21424026789,78425.33612425592,94110.4033491071,39212.66806212796,73463.87202010633,88156.64642412758,36731.93601005316,64532.02450797994,77438.42940957593,32266.01225398997,76391.9939313616,91670.39271763392,38195.9969656808,72624.76443348694,87149.71732018433,36312.38221674347,74336.25964726691,89203.5115767203,37168.129823633455
Bad Weather,14.0,Ammonia,0,1000,70000,100,997.880251501324,0.7,0.8,756.6784174971543,1026.9743379848546,1040.4299987275008,1097.954705739583,1028.4942082814885,903.4483431117192,1069.4879150390625,1016.7467020688172,1040.7076350617367,54048.45839265388,37833.92087485772,43238.76671412311,73355.30985606104,51348.716899242725,58684.24788484883,74316.42848053577,52021.49993637504,59453.14278442862,78425.33612425592,54897.73528697914,62740.268899404735,73463.87202010633,51424.71041407443,58771.09761608506,64532.02450797994,45172.41715558596,51625.61960638396,76391.9939313616,53474.39575195312,61113.59514508929,72624.76443348694,50837.335103440855,58099.81154678956,74336.25964726691,52035.38175308683,59469.00771781353
Bad Weather,14.0,Ammonia,1,1000,70000,100,997.880251501324,0.7,0.8,756.6784174971543,1026.9743379848546,1040.4299987275008,1097.954705739583,1028.4942082814885,903.4483431117192,1069.4879150390625,1016.7467020688172,1040.7076350617367,54048.45839265388,37833.92087485772,43238.76671412311,73355.30985606104,51348.716899242725,58684.24788484883,74316.42848053577,52021.49993637504,59453.14278442862,78425.33612425592,54897.73528697914,62740.268899404735,73463.87202010633,51424.71041407443,58771.09761608506,64532.02450797994,45172.41715558596,51625.61960638396,76391.9939313616,53474.39575195312,61113.59514508929,72624.76443348694,50837.335103440855,58099.81154678956,74336.25964726691,52035.38175308683,59469.00771781353
Bad Weather,15.0,Conventional,0,1000,70000,100,1022.9269722789456,0.8,3.2,817.4121487046591,1016.5322803100796,1045.9539426499616,1117.587178958333,1028.7865890515218,1023.8443048435356,1078.0545654296875,1018.2510716793385,1059.9206688833938,54494.14324697727,43595.31459758182,174381.25839032728,67768.81868733864,54215.05494987092,216860.2197994837,69730.26284333077,55784.21027466462,223136.84109865848,74505.81193055553,59604.64954444443,238418.5981777777,68585.77260343479,54868.61808274783,219474.47233099127,68256.28698956905,54605.02959165524,218420.11836662097,71870.30436197917,57496.24348958334,229984.97395833337,67883.40477862256,54306.72382289805,217226.8952915922,70661.37792555959,56529.10234044767,226116.4093617907
Bad Weather,15.0,Conventional,1,1000,70000,100,1022.9269722789456,0.8,3.2,817.4121487046591,1016.5322803100796,1045.9539426499616,1117.587178958333,1028.7865890515218,1023.8443048435356,1078.0545654296875,1018.2510716793385,1059.9206688833938,54494.14324697727,43595.31459758182,174381.25839032728,67768.81868733864,54215.05494987092,216860.2197994837,69730.26284333077,55784.21027466462,223136.84109865848,74505.81193055553,59604.64954444443,238418.5981777777,68585.77260343479,54868.61808274783,219474.47233099127,68256.28698956905,54605.02959165524,218420.11836662097,71870.30436197917,57496.24348958334,229984.97395833337,67883.40477862256,54306.72382289805,217226.8952915922,70661.37792555959,56529.10234044767,226116.4093617907
Bad Weather,15.0,LNG,0,1000,70000,100,1022.9269722789456,0.65,2.75,817.4121487046591,1016.5322803100796,1045.9539426499616,1117.587178958333,1028.7865890515218,1023.8443048435356,1078.0545654296875,1018.2510716793385,1059.9206688833938,54494.14324697727,35421.19311053523,149858.8939291875,67768.81868733864,44049.73214677012,186364.25139018128,69730.26284333077,45324.670848165,191758.2228191596,74505.81193055553,48428.7777548611,204890.9828090277,68585.77260343479,44580.75219223261,188610.8746594457,68256.28698956905,44366.58654321989,187704.7892213149,71870.30436197917,46715.69783528646,197643.33699544272,67883.40477862256,44124.21310610466,186679.36314121203,70661.37792555959,45929.89565161373,194318.78929528885
Bad Weather,15.0,LNG,1,1000,70000,100,1022.9269722789456,0.65,2.75,817.4121487046591,1016.5322803100796,1045.9539426499616,1117.587178958333,1028.7865890515218,1023.8443048435356,1078.0545654296875,1018.2510716793385,1059.9206688833938,54494.14324697727,35421.19311053523,149858.8939291875,67768.81868733864,44049.73214677012,186364.25139018128,69730.26284333077,45324.670848165,191758.2228191596,74505.81193055553,48428.7777548611,204890.9828090277,68585.77260343479,44580.75219223261,188610.8746594457,68256.28698956905,44366.58654321989,187704.7892213149,71870.30436197917,46715.69783528646,197643.33699544272,67883.40477862256,44124.21310610466,186679.36314121203,70661.37792555959,45929.89565161373,194318.78929528885
Bad Weather,15.0,Methanol,0,1000,70000,100,1022.9269722789456,0.55,1.9,817.4121487046591,1016.5322803100796,1045.9539426499616,1117.587178958333,1028.7865890515218,1023.8443048435356,1078.0545654296875,1018.2510716793385,1059.9206688833938,54494.14324697727,29971.7787858375,103538.8721692568,67768.81868733864,37272.850278036254,128760.75550594342,69730.26284333077,38351.64456383193,132487.49940232845,74505.81193055553,40978.19656180555,141561.0426680555,68585.77260343479,37722.17493188914,130312.96794652609,68256.28698956905,37540.95784426298,129686.9452801812,71870.30436197917,39528.66739908855,136553.5782877604,67883.40477862256,37335.87262824241,128978.46907938283,70661.37792555959,38863.757859057776,134256.6180585632
Bad Weather,15.0,Methanol,1,1000,70000,100,1022.9269722789456,0.55,1.9,817.4121487046591,1016.5322803100796,1045.9539426499616,1117.587178958333,1028.7865890515218,1023.8443048435356,1078.0545654296875,1018.2510716793385,1059.9206688833938,54494.14324697727,29971.7787858375,103538.8721692568,67768.81868733864,37272.850278036254,128760.75550594342,69730.26284333077,38351.64456383193,132487.49940232845,74505.81193055553,40978.19656180555,141561.0426680555,68585.77260343479,37722.17493188914,130312.96794652609,68256.28698956905,37540.95784426298,129686.9452801812,71870.30436197917,39528.66739908855,136553.5782877604,67883.40477862256,37335.87262824241,128978.46907938283,70661.37792555959,38863.757859057776,134256.6180585632
Bad Weather,15.0,Hydrogen,0,1000,70000,100,1022.9269722789456,1.2,0.5,817.4121487046591,1016.5322803100796,1045.9539426499616,1117.587178958333,1028.7865890515218,1023.8443048435356,1078.0545654296875,1018.2510716793385,1059.9206688833938,54494.14324697727,65392.97189637272,27247.071623488635,67768.81868733864,81322.58242480637,33884.40934366932,69730.26284333077,83676.31541199693,34865.131421665385,74505.81193055553,89406.97431666663,37252.905965277765,68585.77260343479,82302.92712412174,34292.88630171739,68256.28698956905,81907.54438748286,34128.14349478453,71870.30436197917,86244.365234375,35935.152180989586,67883.40477862256,81460.08573434707,33941.70238931128,70661.37792555959,84793.6535106715,35330.688962779794
Bad Weather,15.0,Hydrogen,1,1000,70000,100,1022.9269722789456,1.2,0.5,817.4121487046591,1016.5322803100796,1045.9539426499616,1117.587178958333,1028.7865890515218,1023.8443048435356,1078.0545654296875,1018.2510716793385,1059.9206688833938,54494.14324697727,65392.97189637272,27247.071623488635,67768.81868733864,81322.58242480637,33884.40934366932,69730.26284333077,83676.31541199693,34865.131421665385,74505.81193055553,89406.97431666663,37252.905965277765,68585.77260343479,82302.92712412174,34292.88630171739,68256.28698956905,81907.54438748286,34128.14349478453,71870.30436197917,86244.365234375,35935.152180989586,67883.40477862256,81460.08573434707,33941.70238931128,70661.37792555959,84793.6535106715,35330.688962779794
Bad Weather,15.0,Ammonia,0,1000,70000,100,1022.9269722789456,0.7,0.8,817.4121487046591,1016.5322803100796,1045.9539426499616,1117.587178958333,1028.7865890515218,1023.8443048435356,1078.0545654296875,1018.2510716793385,1059.9206688833938,54494.14324697727,38145.900272884086,43595.31459758182,67768.81868733864,47438.17308113705,54215.05494987092,69730.26284333077,48811.183990331534,55784.21027466462,74505.81193055553,52154.06835138887,59604.64954444443,68585.77260343479,48010.04082240435,54868.61808274783,68256.28698956905,47779.40089269834,54605.02959165524,71870.30436197917,50309.21305338541,57496.24348958334,67883.40477862256,47518.383345035785,54306.72382289805,70661.37792555959,49462.96454789171,56529.10234044767
Bad Weather,15.0,Ammonia,1,1000,70000,100,1022.9269722789456,0.7,0.8,817.4121487046591,1016.5322803100796,1045.9539426499616,1117.587178958333,1028.7865890515218,1023.8443048435356,1078.0545654296875,1018.2510716793385,1059.9206688833938,54494.14324697727,38145.900272884086,43595.31459758182,67768.81868733864,47438.17308113705,54215.05494987092,69730.26284333077,48811.183990331534,55784.21027466462,74505.81193055553,52154.06835138887,59604.64954444443,68585.77260343479,48010.04082240435,54868.61808274783,68256.28698956905,47779.40089269834,54605.02959165524,71870.30436197917,50309.21305338541,57496.24348958334,67883.40477862256,47518.383345035785,54306.72382289805,70661.37792555959,49462.96454789171,56529.10234044767
Bad Weather,16.0,Conventional,0,1000,70000,100,1083.9064702917,0.8,3.2,878.145879912164,1002.123799480604,1149.3287776365405,1142.9154697395836,1118.1679098001805,1145.3578790365557,1154.120361328125,1090.1916197065625,1074.806535984986,54884.11749451025,43907.2939956082,175629.1759824328,62632.73746753774,50106.1899740302,200424.7598961208,71833.04860228377,57466.43888182702,229865.7555273081,71432.21685872397,57145.77348697918,228583.09394791676,69885.49436251126,55908.39549000902,223633.58196003607,71584.86743978472,57267.89395182778,229071.5758073111,72132.52258300781,57706.01806640625,230824.072265625,68136.97623166016,54509.580985328124,218038.3239413125,67175.40849906162,53740.326799249306,214961.3071969972
Bad Weather,16.0,Conventional,1,1000,70000,100,1083.9064702917,0.8,3.2,878.145879912164,1002.123799480604,1149.3287776365405,1142.9154697395836,1118.1679098001805,1145.3578790365557,1154.120361328125,1090.1916197065625,1074.806535984986,54884.11749451025,43907.2939956082,175629.1759824328,62632.73746753774,50106.1899740302,200424.7598961208,71833.04860228377,57466.43888182702,229865.7555273081,71432.21685872397,57145.77348697918,228583.09394791676,69885.49436251126,55908.39549000902,223633.58196003607,71584.86743978472,57267.89395182778,229071.5758073111,72132.52258300781,57706.01806640625,230824.072265625,68136.97623166016,54509.580985328124,218038.3239413125,67175.40849906162,53740.326799249306,214961.3071969972
Bad Weather,16.0,LNG,0,1000,70000,100,1083.9064702917,0.65,2.75,878.145879912164,1002.123799480604,1149.3287776365405,1142.9154697395836,1118.1679098001805,1145.3578790365557,1154.120361328125,1090.1916197065625,1074.806535984986,54884.11749451025,35674.67637143166,150931.32310990317,62632.73746753774,40711.27935389953,172240.02803572878,71833.04860228377,46691.48159148445,197540.8836562804,71432.21685872397,46430.94095817058,196438.59636149093,69885.49436251126,45425.571335632325,192185.109496906,71584.86743978472,46530.16383586007,196858.385459408,72132.52258300781,46886.13967895508,198364.43710327148,68136.97623166016,44289.03455057911,187376.68463706545,67175.40849906162,43664.01552439006,184732.37337241948
Bad Weather,16.0,LNG,1,1000,70000,100,1083.9064702917,0.65,2.75,878.145879912164,1002.123799480604,1149.3287776365405,1142.9154697395836,1118.1679098001805,1145.3578790365557,1154.120361328125,1090.1916197065625,1074.806535984986,54884.11749451025,35674.67637143166,150931.32310990317,62632.73746753774,40711.27935389953,172240.02803572878,71833.04860228377,46691.48159148445,197540.8836562804,71432.21685872397,46430.94095817058,196438.59636149093,69885.49436251126,45425.571335632325,192185.109496906,71584.86743978472,46530.16383586007,196858.385459408,72132.52258300781,46886.13967895508,198364.43710327148,68136.97623166016,44289.03455057911,187376.68463706545,67175.40849906162,43664.01552439006,184732.37337241948
Bad Weather,16.0,Methanol,0,1000,70000,100,1083.9064702917,0.55,1.9,878.145879912164,1002.123799480604,1149.3287776365405,1142.9154697395836,1118.1679098001805,1145.3578790365557,1154.120361328125,1090.1916197065625,1074.806535984986,54884.11749451025,30186.26462198064,104279.82323956946,62632.73746753774,34448.00560714576,119002.2011883217,71833.04860228377,39508.17673125608,136482.79234433916,71432.21685872397,39287.719272298185,135721.21203157553,69885.49436251126,38437.0218993812,132782.4392887714,71584.86743978472,39371.6770918816,136011.24813559095,72132.52258300781,39672.8874206543,137051.79290771484,68136.97623166016,37475.33692741309,129460.25484015427,67175.40849906162,36946.4746744839,127633.27614821708
Bad Weather,16.0,Methanol,1,1000,70000,100,1083.9064702917,0.55,1.9,878.145879912164,1002.123799480604,1149.3287776365405,1142.9154697395836,1118.1679098001805,1145.3578790365557,1154.120361328125,1090.1916197065625,1074.806535984986,54884.11749451025,30186.26462198064,104279.82323956946,62632.73746753774,34448.00560714576,119002.2011883217,71833.04860228377,39508.17673125608,136482.79234433916,71432.21685872397,39287.719272298185,135721.21203157553,69885.49436251126,38437.0218993812,132782.4392887714,71584.86743978472,39371.6770918816,136011.24813559095,72132.52258300781,39672.8874206543,137051.79290771484,68136.97623166016,37475.33692741309,129460.25484015427,67175.40849906162,36946.4746744839,127633.27614821708
Bad Weather,16.0,Hydrogen,0,1000,70000,100,1083.9064702917,1.2,0.5,878.145879912164,1002.123799480604,1149.3287776365405,1142.9154697395836,1118.1679098001805,1145.3578790365557,1154.120361328125,1090.1916197065625,1074.806535984986,54884.11749451025,65860.9409934123,27442.058747255123,62632.73746753774,75159.28496104528,31316.36873376887,71833.04860228377,86199.65832274052,35916.524301141886,71432.21685872397,85718.66023046877,35716.108429361986,69885.49436251126,83862.59323501351,34942.74718125563,71584.86743978472,85901.84092774166,35792.43371989236,72132.52258300781,86559.02709960938,36066.26129150391,68136.97623166016,81764.37147799219,34068.48811583008,67175.40849906162,80610.49019887394,33587.70424953081
Bad Weather,16.0,Hydrogen,1,1000,70000,100,1083.9064702917,1.2,0.5,878.145879912164,1002.123799480604,1149.3287776365405,1142.9154697395836,1118.1679098001805,1145.3578790365557,1154.120361328125,1090.1916197065625,1074.806535984986,54884.11749451025,65860.9409934123,27442.058747255123,62632.73746753774,75159.28496104528,31316.36873376887,71833.04860228377,86199.65832274052,35916.524301141886,71432.21685872397,85718.66023046877,35716.108429361986,69885.49436251126,83862.59323501351,34942.74718125563,71584.86743978472,85901.84092774166,35792.43371989236,72132.52258300781,86559.02709960938,36066.26129150391,68136.97623166016,81764.37147799219,34068.48811583008,67175.40849906162,80610.49019887394,33587.70424953081
Bad Weather,16.0,Ammonia,0,1000,70000,100,1083.9064702917,0.7,0.8,878.145879912164,1002.123799480604,1149.3287776365405,1142.9154697395836,1118.1679098001805,1145.3578790365557,1154.120361328125,1090.1916197065625,1074.806535984986,54884.11749451025,38418.88224615717,43907.2939956082,62632.73746753774,43842.916227276415,50106.1899740302,71833.04860228377,50283.13402159864,57466.43888182702,71432.21685872397,50002.551801106776,57145.77348697918,69885.49436251126,48919.84605375788,55908.39549000902,71584.86743978472,50109.407207849305,57267.89395182778,72132.52258300781,50492.76580810547,57706.01806640625,68136.97623166016,47695.88336216211,54509.580985328124,67175.40849906162,47022.78594934313,53740.326799249306
Bad Weather,16.0,Ammonia,1,1000,70000,100,1083.9064702917,0.7,0.8,878.145879912164,1002.123799480604,1149.3287776365405,1142.9154697395836,1118.1679098001805,1145.3578790365557,1154.120361328125,1090.1916197065625,1074.806535984986,54884.11749451025,38418.88224615717,43907.2939956082,62632.73746753774,43842.916227276415,50106.1899740302,71833.04860228377,50283.13402159864,57466.43888182702,71432.21685872397,50002.551801106776,57145.77348697918,69885.49436251126,48919.84605375788,55908.39549000902,71584.86743978472,50109.407207849305,57267.89395182778,72132.52258300781,50492.76580810547,57706.01806640625,68136.97623166016,47695.88336216211,54509.580985328124,67175.40849906162,47022.78594934313,53740.326799249306
Severe Weather,8.0,Conventional,0,1000,70000,100,910.1750998581178,0.8,3.2,483.9957623209662,905.7244940334926,995.3780326719324,876.6624160104169,1059.360529791138,850.434703030391,1034.2354736328125,1002.8211171820208,982.963370049891,60499.47029012078,48399.576232096624,193598.3049283865,113215.56175418658,90572.44940334928,362289.79761339707,124422.25408399152,99537.80326719325,398151.2130687729,109582.80200130212,87666.2416010417,350664.9664041668,132420.06622389227,105936.05297911384,423744.2119164553,106304.33787879888,85043.47030303911,340173.88121215644,129279.43420410156,103423.54736328124,413694.189453125,125352.6396477526,100282.11171820208,401128.44687280833,122870.42125623635,98296.3370049891,393185.3480199564
Severe Weather,8.0,Conventional,1,1000,70000,100,910.1750998581178,0.8,3.2,483.9957623209662,905.7244940334926,995.3780326719324,876.6624160104169,1059.360529791138,850.434703030391,1034.2354736328125,1002.8211171820208,982.963370049891,60499.47029012078,48399.576232096624,193598.3049283865,113215.56175418658,90572.44940334928,362289.79761339707,124422.25408399152,99537.80326719325,398151.2130687729,109582.80200130212,87666.2416010417,350664.9664041668,132420.06622389227,105936.05297911384,423744.2119164553,106304.33787879888,85043.47030303911,340173.88121215644,129279.43420410156,103423.54736328124,413694.189453125,125352.6396477526,100282.11171820208,401128.44687280833,122870.42125623635,98296.3370049891,393185.3480199564
Severe Weather,8.0,LNG,0,1000,70000,100,910.1750998581178,0.65,2.75,483.9957623209662,905.7244940334926,995.3780326719324,876.6624160104169,1059.360529791138,850.434703030391,1034.2354736328125,1002.8211171820208,982.963370049891,60499.47029012078,39324.65568857851,166373.54329783213,113215.56175418658,73590.11514022129,311342.7948240131,124422.25408399152,80874.4651545945,342161.1987309767,109582.80200130212,71228.82130084638,301352.7055035808,132420.06622389227,86073.04304552998,364155.1821157037,106304.33787879888,69097.81962121927,292336.9291666969,129279.43420410156,84031.63223266602,355518.4440612793,125352.6396477526,81479.21577103919,344719.75903131964,122870.42125623635,79865.77381655364,337893.65845465
Severe Weather,8.0,LNG,1,1000,70000,100,910.1750998581178,0.65,2.75,483.9957623209662,905.7244940334926,995.3780326719324,876.6624160104169,1059.360529791138,850.434703030391,1034.2354736328125,1002.8211171820208,982.963370049891,60499.47029012078,39324.65568857851,166373.54329783213,113215.56175418658,73590.11514022129,311342.7948240131,124422.25408399152,80874.4651545945,342161.1987309767,109582.80200130212,71228.82130084638,301352.7055035808,132420.06622389227,86073.04304552998,364155.1821157037,106304.33787879888,69097.81962121927,292336.9291666969,129279.43420410156,84031.63223266602,355518.4440612793,125352.6396477526,81479.21577103919,344719.75903131964,122870.42125623635,79865.77381655364,337893.65845465
Severe Weather,8.0,Methanol,0,1000,70000,100,910.1750998581178,0.55,1.9,483.9957623209662,905.7244940334926,995.3780326719324,876.6624160104169,1059.360529791138,850.434703030391,1034.2354736328125,1002.8211171820208,982.963370049891,60499.47029012078,33274.70865956643,114948.99355122948,113215.56175418658,62268.55896480262,215109.5673329545,124422.25408399152,68432.23974619535,236402.2827595839,109582.80200130212,60270.54110071617,208207.323802474,132420.06622389227,72831.03642314076,251598.12582539528,106304.33787879888,58467.38583333939,201978.24196971787,129279.43420410156,71103.68881225586,245630.92498779297,125352.6396477526,68943.95180626394,238170.01533072992,122870.42125623635,67578.73169093001,233453.8003868491
Severe Weather,8.0,Methanol,1,1000,70000,100,910.1750998581178,0.55,1.9,483.9957623209662,905.7244940334926,995.3780326719324,876.6624160104169,1059.360529791138,850.434703030391,1034.2354736328125,1002.8211171820208,982.963370049891,60499.47029012078,33274.70865956643,114948.99355122948,113215.56175418658,62268.55896480262,215109.5673329545,124422.25408399152,68432.23974619535,236402.2827595839,109582.80200130212,60270.54110071617,208207.323802474,132420.06622389227,72831.03642314076,251598.12582539528,106304.33787879888,58467.38583333939,201978.24196971787,129279.43420410156,71103.68881225586,245630.92498779297,125352.6396477526,68943.95180626394,238170.01533072992,122870.42125623635,67578.73169093001,233453.8003868491
Severe Weather,8.0,Hydrogen,0,1000,70000,100,910.1750998581178,1.2,0.5,483.9957623209662,905.7244940334926,995.3780326719324,876.6624160104169,1059.360529791138,850.434703030391,1034.2354736328125,1002.8211171820208,982.963370049891,60499.47029012078,72599.36434814493,30249.73514506039,113215.56175418658,135858.67410502388,56607.78087709329,124422.25408399152,149306.70490078983,62211.127041995765,109582.80200130212,131499.36240156254,54791.40100065106,132420.06622389227,158904.0794686707,66210.03311194613,106304.33787879888,127565.20545455864,53152.16893939944,129279.43420410156,155135.32104492188,64639.71710205078,125352.6396477526,150423.1675773031,62676.3198238763,122870.42125623635,147444.50550748364,61435.21062811818
Severe Weather,8.0,Hydrogen,1,1000,70000,100,910.1750998581178,1.2,0.5,483.9957623209662,905.7244940334926,995.3780326719324,876.6624160104169,1059.360529791138,850.434703030391,1034.2354736328125,1002.8211171820208,982.963370049891,60499.47029012078,72599.36434814493,30249.73514506039,113215.56175418658,135858.67410502388,56607.78087709329,124422.25408399152,149306.70490078983,62211.127041995765,109582.80200130212,131499.36240156254,54791.40100065106,132420.06622389227,158904.0794686707,66210.03311194613,106304.33787879888,127565.20545455864,53152.16893939944,129279.43420410156,155135.32104492188,64639.71710205078,125352.6396477526,150423.1675773031,62676.3198238763,122870.42125623635,147444.50550748364,61435.21062811818
Severe Weather,8.0,Ammonia,0,1000,70000,100,910.1750998581178,0.7,0.8,483.9957623209662,905.7244940334926,995.3780326719324,876.6624160104169,1059.360529791138,850.434703030391,1034.2354736328125,1002.8211171820208,982.963370049891,60499.47029012078,42349.62920308454,48399.576232096624,113215.56175418658,79250.8932279306,90572.44940334928,124422.25408399152,87095.57785879407,99537.80326719325,109582.80200130212,76707.96140091147,87666.2416010417,132420.06622389227,92694.04635672458,105936.05297911384,106304.33787879888,74413.03651515921,85043.47030303911,129279.43420410156,90495.6039428711,103423.54736328124,125352.6396477526,87746.84775342682,100282.11171820208,122870.42125623635,86009.29487936545,98296.3370049891
Severe Weather,8.0,Ammonia,1,1000,70000,100,910.1750998581178,0.7,0.8,483.9957623209662,905.7244940334926,995.3780326719324,876.6624160104169,1059.360529791138,850.434703030391,1034.2354736328125,1002.8211171820208,982.963370049891,60499.47029012078,42349.62920308454,48399.576232096624,113215.56175418658,79250.8932279306,90572.44940334928,124422.25408399152,87095.57785879407,99537.80326719325,109582.80200130212,76707.96140091147,87666.2416010417,132420.06622389227,92694.04635672458,105936.05297911384,106304.33787879888,74413.03651515921,85043.47030303911,129279.43420410156,90495.6039428711,103423.54736328124,125352.6396477526,87746.84775342682,100282.11171820208,122870.42125623635,86009.29487936545,98296.3370049891
Severe Weather,9.0,Conventional,0,1000,70000,100,914.1686013041668,0.8,3.2,544.7294935284709,919.2174580966458,978.49771108675,868.8941619583338,1064.2274041330556,889.0080104543032,992.6439208984376,990.4386572518284,979.8605943296758,60525.49928094122,48420.39942475298,193681.5976990119,102135.27312184952,81708.21849747963,326832.8739899185,108721.9678985278,86977.57431882224,347910.29727528896,96543.7957731482,77235.03661851857,308940.1464740743,118247.48934811728,94597.99147849384,378391.9659139754,98778.66782825592,79022.93426260474,316091.737050419,110293.76898871528,88235.01519097223,352940.06076388893,110048.7396946476,88038.99175571809,352155.9670228724,108873.39936996395,87098.71949597118,348394.8779838847
Severe Weather,9.0,Conventional,1,1000,70000,100,914.1686013041668,0.8,3.2,544.7294935284709,919.2174580966458,978.49771108675,868.8941619583338,1064.2274041330556,889.0080104543032,992.6439208984376,990.4386572518284,979.8605943296758,60525.49928094122,48420.39942475298,193681.5976990119,102135.27312184952,81708.21849747963,326832.8739899185,108721.9678985278,86977.57431882224,347910.29727528896,96543.7957731482,77235.03661851857,308940.1464740743,118247.48934811728,94597.99147849384,378391.9659139754,98778.66782825592,79022.93426260474,316091.737050419,110293.76898871528,88235.01519097223,352940.06076388893,110048.7396946476,88038.99175571809,352155.9670228724,108873.39936996395,87098.71949597118,348394.8779838847
Severe Weather,9.0,LNG,0,1000,70000,100,914.1686013041668,0.65,2.75,544.7294935284709,919.2174580966458,978.49771108675,868.8941619583338,1064.2274041330556,889.0080104543032,992.6439208984376,990.4386572518284,979.8605943296758,60525.49928094122,39341.5745326118,166445.12302258835,102135.27312184952,66387.92752920219,280872.0010850862,108721.9678985278,70669.27913404307,298985.41172095144,96543.7957731482,62753.46725254633,265495.43837615754,118247.48934811728,76860.86807627624,325180.5957073225,98778.66782825592,64206.13408836635,271641.3365277038,110293.76898871528,71690.94984266494,303307.864718967,110048.7396946476,71531.68080152095,302634.0341602809,108873.39936996395,70767.70959047659,299401.8482674009
Severe Weather,9.0,LNG,1,1000,70000,100,914.1686013041668,0.65,2.75,544.7294935284709,919.2174580966458,978.49771108675,868.8941619583338,1064.2274041330556,889.0080104543032,992.6439208984376,990.4386572518284,979.8605943296758,60525.49928094122,39341.5745326118,166445.12302258835,102135.27312184952,66387.92752920219,280872.0010850862,108721.9678985278,70669.27913404307,298985.41172095144,96543.7957731482,62753.46725254633,265495.43837615754,118247.48934811728,76860.86807627624,325180.5957073225,98778.66782825592,64206.13408836635,271641.3365277038,110293.76898871528,71690.94984266494,303307.864718967,110048.7396946476,71531.68080152095,302634.0341602809,108873.39936996395,70767.70959047659,299401.8482674009
Severe Weather,9.0,Methanol,0,1000,70000,100,914.1686013041668,0.55,1.9,544.7294935284709,919.2174580966458,978.49771108675,868.8941619583338,1064.2274041330556,889.0080104543032,992.6439208984376,990.4386572518284,979.8605943296758,60525.49928094122,33289.024604517675,114998.44863378831,102135.27312184952,56174.400217017246,194057.0189315141,108721.9678985278,59797.08234419029,206571.7390072028,96543.7957731482,53099.08767523152,183433.2119689816,118247.48934811728,65036.11914146452,224670.22976142284,98778.66782825592,54328.26730554076,187679.46887368624,110293.76898871528,60661.572943793406,209558.16107855903,110048.7396946476,60526.80683205619,209092.60541983045,108873.39936996395,59880.369653480186,206859.45880293156
Severe Weather,9.0,Methanol,1,1000,70000,100,914.1686013041668,0.55,1.9,544.7294935284709,919.2174580966458,978.49771108675,868.8941619583338,1064.2274041330556,889.0080104543032,992.6439208984376,990.4386572518284,979.8605943296758,60525.49928094122,33289.024604517675,114998.44863378831,102135.27312184952,56174.400217017246,194057.0189315141,108721.9678985278,59797.08234419029,206571.7390072028,96543.7957731482,53099.08767523152,183433.2119689816,118247.48934811728,65036.11914146452,224670.22976142284,98778.66782825592,54328.26730554076,187679.46887368624,110293.76898871528,60661.572943793406,209558.16107855903,110048.7396946476,60526.80683205619,209092.60541983045,108873.39936996395,59880.369653480186,206859.45880293156
Severe Weather,9.0,Hydrogen,0,1000,70000,100,914.1686013041668,1.2,0.5,544.7294935284709,919.2174580966458,978.49771108675,868.8941619583338,1064.2274041330556,889.0080104543032,992.6439208984376,990.4386572518284,979.8605943296758,60525.49928094122,72630.59913712947,30262.74964047061,102135.27312184952,122562.32774621944,51067.636560924766,108721.9678985278,130466.36147823332,54360.98394926389,96543.7957731482,115852.55492777783,48271.8978865741,118247.48934811728,141896.98721774074,59123.744674058646,98778.66782825592,118534.40139390709,49389.33391412796,110293.76898871528,132352.52278645834,55146.88449435764,110048.7396946476,132058.4876335771,55024.36984732381,108873.39936996395,130648.07924395676,54436.699684981984
Severe Weather,9.0,Hydrogen,1,1000,70000,100,914.1686013041668,1.2,0.5,544.7294935284709,919.2174580966458,978.49771108675,868.8941619583338,1064.2274041330556,889.0080104543032,992.6439208984376,990.4386572518284,979.8605943296758,60525.49928094122,72630.59913712947,30262.74964047061,102135.27312184952,122562.32774621944,51067.636560924766,108721.9678985278,130466.36147823332,54360.98394926389,96543.7957731482,115852.55492777783,48271.8978865741,118247.48934811728,141896.98721774074,59123.744674058646,98778.66782825592,118534.40139390709,49389.33391412796,110293.76898871528,132352.52278645834,55146.88449435764,110048.7396946476,132058.4876335771,55024.36984732381,108873.39936996395,130648.07924395676,54436.699684981984
Severe Weather,9.0,Ammonia,0,1000,70000,100,914.1686013041668,0.7,0.8,544.7294935284709,919.2174580966458,978.49771108675,868.8941619583338,1064.2274041330556,889.0080104543032,992.6439208984376,990.4386572518284,979.8605943296758,60525.49928094122,42367.849496658855,48420.39942475298,102135.27312184952,71494.69118529467,81708.21849747963,108721.9678985278,76105.37752896945,86977.57431882224,96543.7957731482,67580.65704120374,77235.03661851857,118247.48934811728,82773.24254368209,94597.99147849384,98778.66782825592,69145.06747977913,79022.93426260474,110293.76898871528,77205.63829210069,88235.01519097223,110048.7396946476,77034.11778625332,88038.99175571809,108873.39936996395,76211.37955897478,87098.71949597118
Severe Weather,9.0,Ammonia,1,1000,70000,100,914.1686013041668,0.7,0.8,544.7294935284709,919.2174580966458,978.49771108675,868.8941619583338,1064.2274041330556,889.0080104543032,992.6439208984376,990.4386572518284,979.8605943296758,60525.49928094122,42367.849496658855,48420.39942475298,102135.27312184952,71494.69118529467,81708.21849747963,108721.9678985278,76105.37752896945,86977.57431882224,96543.7957731482,67580.65704120374,77235.03661851857,118247.48934811728,82773.24254368209,94597.99147849384,98778.66782825592,69145.06747977913,79022.93426260474,110293.76898871528,77205.63829210069,88235.01519097223,110048.7396946476,77034.11778625332,88038.99175571809,108873.39936996395,76211.37955897478,87098.71949597118
Severe Weather,10.0,Conventional,0,1000,70000,100,920.2196730780454,0.8,3.2,605.4632247359758,930.9073424906514,984.8219909698396,851.9810582723214,1032.1767556664552,934.6244911966965,980.277099609375,988.7128146816954,973.0122800793978,60546.32247359758,48437.05797887807,193748.23191551227,93090.73424906514,74472.58739925211,297890.34959700843,98482.19909698395,78785.75927758717,315143.0371103487,85198.10582723215,68158.48466178573,272633.9386471429,103217.67556664551,82574.14045331642,330296.56181326567,93462.44911966965,74769.95929573571,299079.83718294284,98027.7099609375,78422.16796875,313688.671875,98871.28146816952,79097.02517453564,316388.10069814255,97301.2280079398,77840.98240635183,311363.9296254073
Severe Weather,10.0,Conventional,1,1000,70000,100,920.2196730780454,0.8,3.2,605.4632247359758,930.9073424906514,984.8219909698396,851.9810582723214,1032.1767556664552,934.6244911966965,980.277099609375,988.7128146816954,973.0122800793978,60546.32247359758,48437.05797887807,193748.23191551227,93090.73424906514,74472.58739925211,297890.34959700843,98482.19909698395,78785.75927758717,315143.0371103487,85198.10582723215,68158.48466178573,272633.9386471429,103217.67556664551,82574.14045331642,330296.56181326567,93462.44911966965,74769.95929573571,299079.83718294284,98027.7099609375,78422.16796875,313688.671875,98871.28146816952,79097.02517453564,316388.10069814255,97301.2280079398,77840.98240635183,311363.9296254073
Severe Weather,10.0,LNG,0,1000,70000,100,920.2196730780454,0.65,2.75,605.4632247359758,930.9073424906514,984.8219909698396,851.9810582723214,1032.1767556664552,934.6244911966965,980.277099609375,988.7128146816954,973.0122800793978,60546.32247359758,39355.10960783843,166502.38680239336,93090.73424906514,60508.97726189234,255999.51918492911,98482.19909698395,64013.42941303958,270826.04751670593,85198.10582723215,55378.7687877009,234294.79102488843,103217.67556664551,67091.48911831959,283848.60780827515,93462.44911966965,60750.59192778527,257021.73507909148,98027.7099609375,63718.011474609375,269576.2023925781,98871.28146816952,64266.3329543102,271896.0240374662,97301.2280079398,63245.79820516086,267578.3770218344
Severe Weather,10.0,LNG,1,1000,70000,100,920.2196730780454,0.65,2.75,605.4632247359758,930.9073424906514,984.8219909698396,851.9810582723214,1032.1767556664552,934.6244911966965,980.277099609375,988.7128146816954,973.0122800793978,60546.32247359758,39355.10960783843,166502.38680239336,93090.73424906514,60508.97726189234,255999.51918492911,98482.19909698395,64013.42941303958,270826.04751670593,85198.10582723215,55378.7687877009,234294.79102488843,103217.67556664551,67091.48911831959,283848.60780827515,93462.44911966965,60750.59192778527,257021.73507909148,98027.7099609375,63718.011474609375,269576.2023925781,98871.28146816952,64266.3329543102,271896.0240374662,97301.2280079398,63245.79820516086,267578.3770218344
Severe Weather,10.0,Methanol,0,1000,70000,100,920.2196730780454,0.55,1.9,605.4632247359758,930.9073424906514,984.8219909698396,851.9810582723214,1032.1767556664552,934.6244911966965,980.277099609375,988.7128146816954,973.0122800793978,60546.32247359758,33300.477360478675,115038.0126998354,93090.73424906514,51199.90383698583,176872.39507322374,98482.19909698395,54165.20950334119,187116.17828426952,85198.10582723215,46858.95820497769,161876.40107174107,103217.67556664551,56769.72156165504,196113.5835766265,93462.44911966965,51404.347015818304,177578.6533273723,98027.7099609375,53915.24047851563,186252.64892578125,98871.28146816952,54379.204807493246,187855.43478952209,97301.2280079398,53515.67540436689,184872.3332150856
Severe Weather,10.0,Methanol,1,1000,70000,100,920.2196730780454,0.55,1.9,605.4632247359758,930.9073424906514,984.8219909698396,851.9810582723214,1032.1767556664552,934.6244911966965,980.277099609375,988.7128146816954,973.0122800793978,60546.32247359758,33300.477360478675,115038.0126998354,93090.73424906514,51199.90383698583,176872.39507322374,98482.19909698395,54165.20950334119,187116.17828426952,85198.10582723215,46858.95820497769,161876.40107174107,103217.67556664551,56769.72156165504,196113.5835766265,93462.44911966965,51404.347015818304,177578.6533273723,98027.7099609375,53915.24047851563,186252.64892578125,98871.28146816952,54379.204807493246,187855.43478952209,97301.2280079398,53515.67540436689,184872.3332150856
Severe Weather,10.0,Hydrogen,0,1000,70000,100,920.2196730780454,1.2,0.5,605.4632247359758,930.9073424906514,984.8219909698396,851.9810582723214,1032.1767556664552,934.6244911966965,980.277099609375,988.7128146816954,973.0122800793978,60546.32247359758,72655.58696831709,30273.16123679879,93090.73424906514,111708.88109887816,46545.36712453257,98482.19909698395,118178.63891638076,49241.099548491984,85198.10582723215,102237.72699267858,42599.05291361608,103217.67556664551,123861.2106799746,51608.83778332276,93462.44911966965,112154.93894360356,46731.224559834816,98027.7099609375,117633.251953125,49013.85498046875,98871.28146816952,118645.53776180344,49435.640734084765,97301.2280079398,116761.47360952776,48650.614003969895
Severe Weather,10.0,Hydrogen,1,1000,70000,100,920.2196730780454,1.2,0.5,605.4632247359758,930.9073424906514,984.8219909698396,851.9810582723214,1032.1767556664552,934.6244911966965,980.277099609375,988.7128146816954,973.0122800793978,60546.32247359758,72655.58696831709,30273.16123679879,93090.73424906514,111708.88109887816,46545.36712453257,98482.19909698395,118178.63891638076,49241.099548491984,85198.10582723215,102237.72699267858,42599.05291361608,103217.67556664551,123861.2106799746,51608.83778332276,93462.44911966965,112154.93894360356,46731.224559834816,98027.7099609375,117633.251953125,49013.85498046875,98871.28146816952,118645.53776180344,49435.640734084765,97301.2280079398,116761.47360952776,48650.614003969895
Severe Weather,10.0,Ammonia,0,1000,70000,100,920.2196730780454,0.7,0.8,605.4632247359758,930.9073424906514,984.8219909698396,851.9810582723214,1032.1767556664552,934.6244911966965,980.277099609375,988.7128146816954,973.0122800793978,60546.32247359758,42382.42573151831,48437.05797887807,93090.73424906514,65163.51397434559,74472.58739925211,98482.19909698395,68937.53936788878,78785.75927758717,85198.10582723215,59638.6740790625,68158.48466178573,103217.67556664551,72252.37289665185,82574.14045331642,93462.44911966965,65423.71438376874,74769.95929573571,98027.7099609375,68619.39697265625,78422.16796875,98871.28146816952,69209.89702771866,79097.02517453564,97301.2280079398,68110.85960555785,77840.98240635183
Severe Weather,10.0,Ammonia,1,1000,70000,100,920.2196730780454,0.7,0.8,605.4632247359758,930.9073424906514,984.8219909698396,851.9810582723214,1032.1767556664552,934.6244911966965,980.277099609375,988.7128146816954,973.0122800793978,60546.32247359758,42382.42573151831,48437.05797887807,93090.73424906514,65163.51397434559,74472.58739925211,98482.19909698395,68937.53936788878,78785.75927758717,85198.10582723215,59638.6740790625,68158.48466178573,103217.67556664551,72252.37289665185,82574.14045331642,93462.44911966965,65423.71438376874,74769.95929573571,98027.7099609375,68619.39697265625,78422.16796875,98871.28146816952,69209.89702771866,79097.02517453564,97301.2280079398,68110.85960555785,77840.98240635183
Severe Weather,11.0,Conventional,0,1000,70000,100,875.5958336354144,0.8,3.2,666.1969559434806,940.4104952346104,715.3616132114943,878.3550227306548,1040.0085358985066,991.9146303410724,845.3739624023438,866.6007856137021,936.1405013428636,60563.35963122551,48450.68770498041,193802.75081992164,85491.8632031464,68393.49056251712,273573.9622500685,65032.87392831766,52026.29914265413,208105.1965706165,79850.45661187771,63880.36528950217,255521.4611580087,94546.23053622789,75636.9844289823,302547.9377159292,90174.05730373386,72139.24584298709,288556.9833719484,76852.17840021307,61481.74272017046,245926.97088068185,78781.88960124565,63025.511680996526,252102.0467239861,85103.68194026033,68082.94555220827,272331.7822088331
Severe Weather,11.0,Conventional,1,1000,70000,100,875.5958336354144,0.8,3.2,666.1969559434806,940.4104952346104,715.3616132114943,878.3550227306548,1040.0085358985066,991.9146303410724,845.3739624023438,866.6007856137021,936.1405013428636,60563.35963122551,48450.68770498041,193802.75081992164,85491.8632031464,68393.49056251712,273573.9622500685,65032.87392831766,52026.29914265413,208105.1965706165,79850.45661187771,63880.36528950217,255521.4611580087,94546.23053622789,75636.9844289823,302547.9377159292,90174.05730373386,72139.24584298709,288556.9833719484,76852.17840021307,61481.74272017046,245926.97088068185,78781.88960124565,63025.511680996526,252102.0467239861,85103.68194026033,68082.94555220827,272331.7822088331
Severe Weather,11.0,LNG,0,1000,70000,100,875.5958336354144,0.65,2.75,666.1969559434806,940.4104952346104,715.3616132114943,878.3550227306548,1040.0085358985066,991.9146303410724,845.3739624023438,866.6007856137021,936.1405013428636,60563.35963122551,39366.18376029658,166549.23898587015,85491.8632031464,55569.71108204516,235102.62380865257,65032.87392831766,42271.36805340648,178840.40330287357,79850.45661187771,51902.79679772052,219588.7556826637,94546.23053622789,61455.04984854812,260002.13397462663,90174.05730373386,58613.13724742701,247978.6575852681,76852.17840021307,49953.915960138496,211343.49060058597,78781.88960124565,51208.22824080968,216650.19640342557,85103.68194026033,55317.393261169214,234035.12533571591
Severe Weather,11.0,LNG,1,1000,70000,100,875.5958336354144,0.65,2.75,666.1969559434806,940.4104952346104,715.3616132114943,878.3550227306548,1040.0085358985066,991.9146303410724,845.3739624023438,866.6007856137021,936.1405013428636,60563.35963122551,39366.18376029658,166549.23898587015,85491.8632031464,55569.71108204516,235102.62380865257,65032.87392831766,42271.36805340648,178840.40330287357,79850.45661187771,51902.79679772052,219588.7556826637,94546.23053622789,61455.04984854812,260002.13397462663,90174.05730373386,58613.13724742701,247978.6575852681,76852.17840021307,49953.915960138496,211343.49060058597,78781.88960124565,51208.22824080968,216650.19640342557,85103.68194026033,55317.393261169214,234035.12533571591
Severe Weather,11.0,Methanol,0,1000,70000,100,875.5958336354144,0.55,1.9,666.1969559434806,940.4104952346104,715.3616132114943,878.3550227306548,1040.0085358985066,991.9146303410724,845.3739624023438,866.6007856137021,936.1405013428636,60563.35963122551,33309.84779717404,115070.38329932846,85491.8632031464,47020.52476173052,162434.54008597814,65032.87392831766,35768.08066057472,123562.46046380357,79850.45661187771,43917.751136532745,151715.86756256764,94546.23053622789,52000.42679492533,179637.83801883296,90174.05730373386,49595.73151705363,171330.70887709432,76852.17840021307,42268.6981201172,146019.13896040485,78781.88960124565,43330.03928068512,149685.59024236674,85103.68194026033,46807.02506714319,161696.99568649463
Severe Weather,11.0,Methanol,1,1000,70000,100,875.5958336354144,0.55,1.9,666.1969559434806,940.4104952346104,715.3616132114943,878.3550227306548,1040.0085358985066,991.9146303410724,845.3739624023438,866.6007856137021,936.1405013428636,60563.35963122551,33309.84779717404,115070.38329932846,85491.8632031464,47020.52476173052,162434.54008597814,65032.87392831766,35768.08066057472,123562.46046380357,79850.45661187771,43917.751136532745,151715.86756256764,94546.23053622789,52000.42679492533,179637.83801883296,90174.05730373386,49595.73151705363,171330.70887709432,76852.17840021307,42268.6981201172,146019.13896040485,78781.88960124565,43330.03928068512,149685.59024236674,85103.68194026033,46807.02506714319,161696.99568649463
Severe Weather,11.0,Hydrogen,0,1000,70000,100,875.5958336354144,1.2,0.5,666.1969559434806,940.4104952346104,715.3616132114943,878.3550227306548,1040.0085358985066,991.9146303410724,845.3739624023438,866.6007856137021,936.1405013428636,60563.35963122551,72676.0315574706,30281.679815612755,85491.8632031464,102590.23584377566,42745.9316015732,65032.87392831766,78039.4487139812,32516.43696415883,79850.45661187771,95820.54793425323,39925.22830593886,94546.23053622789,113455.47664347343,47273.115268113936,90174.05730373386,108208.86876448063,45087.02865186693,76852.17840021307,92222.61408025568,38426.08920010654,78781.88960124565,94538.26752149478,39390.94480062283,85103.68194026033,102124.4183283124,42551.84097013016
Severe Weather,11.0,Hydrogen,1,1000,70000,100,875.5958336354144,1.2,0.5,666.1969559434806,940.4104952346104,715.3616132114943,878.3550227306548,1040.0085358985066,991.9146303410724,845.3739624023438,866.6007856137021,936.1405013428636,60563.35963122551,72676.0315574706,30281.679815612755,85491.8632031464,102590.23584377566,42745.9316015732,65032.87392831766,78039.4487139812,32516.43696415883,79850.45661187771,95820.54793425323,39925.22830593886,94546.23053622789,113455.47664347343,47273.115268113936,90174.05730373386,108208.86876448063,45087.02865186693,76852.17840021307,92222.61408025568,38426.08920010654,78781.88960124565,94538.26752149478,39390.94480062283,85103.68194026033,102124.4183283124,42551.84097013016
Severe Weather,11.0,Ammonia,0,1000,70000,100,875.5958336354144,0.7,0.8,666.1969559434806,940.4104952346104,715.3616132114943,878.3550227306548,1040.0085358985066,991.9146303410724,845.3739624023438,866.6007856137021,936.1405013428636,60563.35963122551,42394.351741857856,48450.68770498041,85491.8632031464,59844.30424220248,68393.49056251712,65032.87392831766,45523.01174982236,52026.29914265413,79850.45661187771,55895.3196283144,63880.36528950217,94546.23053622789,66182.36137535951,75636.9844289823,90174.05730373386,63121.840112613696,72139.24584298709,76852.17840021307,53796.52488014915,61481.74272017046,78781.88960124565,55147.32272087196,63025.511680996526,85103.68194026033,59572.57735818223,68082.94555220827
Severe Weather,11.0,Ammonia,1,1000,70000,100,875.5958336354144,0.7,0.8,666.1969559434806,940.4104952346104,715.3616132114943,878.3550227306548,1040.0085358985066,991.9146303410724,845.3739624023438,866.6007856137021,936.1405013428636,60563.35963122551,42394.351741857856,48450.68770498041,85491.8632031464,59844.30424220248,68393.49056251712,65032.87392831766,45523.01174982236,52026.29914265413,79850.45661187771,55895.3196283144,63880.36528950217,94546.23053622789,66182.36137535951,75636.9844289823,90174.05730373386,63121.840112613696,72139.24584298709,76852.17840021307,53796.52488014915,61481.74272017046,78781.88960124565,55147.32272087196,63025.511680996526,85103.68194026033,59572.57735818223,68082.94555220827
Severe Weather,12.0,Conventional,0,1000,70000,100,908.1009770182832,0.8,3.2,726.9306871509854,947.5063787741284,790.0301359371769,929.5055599702384,1004.9166218659042,1058.1786894381603,882.8277587890625,896.8941943681997,936.1187668706916,60577.55726258212,48462.0458100657,193848.1832402628,78958.86489784405,63167.09191827524,252668.36767310096,65835.8446614314,52668.67572914512,210674.70291658049,77458.79666418654,61967.03733134923,247868.14932539687,83743.05182215868,66994.44145772695,267977.7658309078,88181.55745318002,70545.24596254402,282180.9838501761,73568.97989908855,58855.18391927084,235420.73567708337,74741.18286401663,59792.94629121331,239171.78516485324,78009.8972392243,62407.91779137944,249631.67116551776
Severe Weather,12.0,Conventional,1,1000,70000,100,908.1009770182832,0.8,3.2,726.9306871509854,947.5063787741284,790.0301359371769,929.5055599702384,1004.9166218659042,1058.1786894381603,882.8277587890625,896.8941943681997,936.1187668706916,60577.55726258212,48462.0458100657,193848.1832402628,78958.86489784405,63167.09191827524,252668.36767310096,65835.8446614314,52668.67572914512,210674.70291658049,77458.79666418654,61967.03733134923,247868.14932539687,83743.05182215868,66994.44145772695,267977.7658309078,88181.55745318002,70545.24596254402,282180.9838501761,73568.97989908855,58855.18391927084,235420.73567708337,74741.18286401663,59792.94629121331,239171.78516485324,78009.8972392243,62407.91779137944,249631.67116551776
Severe Weather,12.0,LNG,0,1000,70000,100,908.1009770182832,0.65,2.75,726.9306871509854,947.5063787741284,790.0301359371769,929.5055599702384,1004.9166218659042,1058.1786894381603,882.8277587890625,896.8941943681997,936.1187668706916,60577.55726258212,39375.41222067838,166588.2824721008,78958.86489784405,51323.26218359864,217136.87846907112,65835.8446614314,42793.299029930415,181048.57281893637,77458.79666418654,50348.21783172125,213011.69082651296,83743.05182215868,54432.983684403145,230293.3925109364,88181.55745318002,57318.01234456702,242499.28299624508,73568.97989908855,47819.83693440756,202314.6947224935,74741.18286401663,48581.76886161081,205538.2528760457,78009.8972392243,50706.4332054958,214527.2174078668
Severe Weather,12.0,LNG,1,1000,70000,100,908.1009770182832,0.65,2.75,726.9306871509854,947.5063787741284,790.0301359371769,929.5055599702384,1004.9166218659042,1058.1786894381603,882.8277587890625,896.8941943681997,936.1187668706916,60577.55726258212,39375.41222067838,166588.2824721008,78958.86489784405,51323.26218359864,217136.87846907112,65835.8446614314,42793.299029930415,181048.57281893637,77458.79666418654,50348.21783172125,213011.69082651296,83743.05182215868,54432.983684403145,230293.3925109364,88181.55745318002,57318.01234456702,242499.28299624508,73568.97989908855,47819.83693440756,202314.6947224935,74741.18286401663,48581.76886161081,205538.2528760457,78009.8972392243,50706.4332054958,214527.2174078668
Severe Weather,12.0,Methanol,0,1000,70000,100,908.1009770182832,0.55,1.9,726.9306871509854,947.5063787741284,790.0301359371769,929.5055599702384,1004.9166218659042,1058.1786894381603,882.8277587890625,896.8941943681997,936.1187668706916,60577.55726258212,33317.65649442017,115097.35879890602,78958.86489784405,43427.37569381423,150021.8433059037,65835.8446614314,36209.71456378728,125088.10485671966,77458.79666418654,42602.3381653026,147171.71366195442,83743.05182215868,46058.67850218728,159111.7984621015,88181.55745318002,48499.85659924902,167544.95916104203,73568.97989908855,40462.9389444987,139781.06180826822,74741.18286401663,41107.650575209154,142008.2474416316,78009.8972392243,42905.44348157337,148218.80475452618
Severe Weather,12.0,Methanol,1,1000,70000,100,908.1009770182832,0.55,1.9,726.9306871509854,947.5063787741284,790.0301359371769,929.5055599702384,1004.9166218659042,1058.1786894381603,882.8277587890625,896.8941943681997,936.1187668706916,60577.55726258212,33317.65649442017,115097.35879890602,78958.86489784405,43427.37569381423,150021.8433059037,65835.8446614314,36209.71456378728,125088.10485671966,77458.79666418654,42602.3381653026,147171.71366195442,83743.05182215868,46058.67850218728,159111.7984621015,88181.55745318002,48499.85659924902,167544.95916104203,73568.97989908855,40462.9389444987,139781.06180826822,74741.18286401663,41107.650575209154,142008.2474416316,78009.8972392243,42905.44348157337,148218.80475452618
Severe Weather,12.0,Hydrogen,0,1000,70000,100,908.1009770182832,1.2,0.5,726.9306871509854,947.5063787741284,790.0301359371769,929.5055599702384,1004.9166218659042,1058.1786894381603,882.8277587890625,896.8941943681997,936.1187668706916,60577.55726258212,72693.06871509853,30288.778631291058,78958.86489784405,94750.63787741284,39479.43244892202,65835.8446614314,79003.01359371768,32917.9223307157,77458.79666418654,92950.55599702384,38729.39833209327,83743.05182215868,100491.66218659042,41871.52591107934,88181.55745318002,105817.86894381602,44090.77872659001,73568.97989908855,88282.77587890625,36784.48994954427,74741.18286401663,89689.41943681995,37370.59143200832,78009.8972392243,93611.87668706916,39004.94861961215
Severe Weather,12.0,Hydrogen,1,1000,70000,100,908.1009770182832,1.2,0.5,726.9306871509854,947.5063787741284,790.0301359371769,929.5055599702384,1004.9166218659042,1058.1786894381603,882.8277587890625,896.8941943681997,936.1187668706916,60577.55726258212,72693.06871509853,30288.778631291058,78958.86489784405,94750.63787741284,39479.43244892202,65835.8446614314,79003.01359371768,32917.9223307157,77458.79666418654,92950.55599702384,38729.39833209327,83743.05182215868,100491.66218659042,41871.52591107934,88181.55745318002,105817.86894381602,44090.77872659001,73568.97989908855,88282.77587890625,36784.48994954427,74741.18286401663,89689.41943681995,37370.59143200832,78009.8972392243,93611.87668706916,39004.94861961215
Severe Weather,12.0,Ammonia,0,1000,70000,100,908.1009770182832,0.7,0.8,726.9306871509854,947.5063787741284,790.0301359371769,929.5055599702384,1004.9166218659042,1058.1786894381603,882.8277587890625,896.8941943681997,936.1187668706916,60577.55726258212,42404.29008380748,48462.0458100657,78958.86489784405,55271.20542849083,63167.09191827524,65835.8446614314,46085.09126300198,52668.67572914512,77458.79666418654,54221.15766493057,61967.03733134923,83743.05182215868,58620.13627551108,66994.44145772695,88181.55745318002,61727.09021722601,70545.24596254402,73568.97989908855,51498.28592936198,58855.18391927084,74741.18286401663,52318.82800481164,59792.94629121331,78009.8972392243,54606.92806745701,62407.91779137944
Severe Weather,12.0,Ammonia,1,1000,70000,100,908.1009770182832,0.7,0.8,726.9306871509854,947.5063787741284,790.0301359371769,929.5055599702384,1004.9166218659042,1058.1786894381603,882.8277587890625,896.8941943681997,936.1187668706916,60577.55726258212,42404.29008380748,48462.0458100657,78958.86489784405,55271.20542849083,63167.09191827524,65835.8446614314,46085.09126300198,52668.67572914512,77458.79666418654,54221.15766493057,61967.03733134923,83743.05182215868,58620.13627551108,66994.44145772695,88181.55745318002,61727.09021722601,70545.24596254402,73568.97989908855,51498.28592936198,58855.18391927084,74741.18286401663,52318.82800481164,59792.94629121331,78009.8972392243,54606.92806745701,62407.91779137944
Severe Weather,13.0,Conventional,0,1000,70000,100,978.042591451605,0.8,3.2,787.6644183584904,952.0000862846512,968.0470872506932,998.6412424999996,1052.227600535148,1137.3945490573717,950.4393920898438,961.5528341241824,994.416112864064,60589.5706429608,48471.65651436864,193886.62605747452,73230.7758680501,58584.62069444008,234338.48277776036,74465.16055774562,59572.1284461965,238288.513784786,76818.55711538458,61454.84569230767,245819.38276923067,80940.58465654985,64752.46772523988,259009.87090095956,87491.88838902858,69993.51071122287,279974.0428448915,73110.72246844952,58488.57797475962,233954.31189903847,73965.6026249371,59172.48209994969,236689.92839979875,76493.54714338954,61194.83771471164,244779.35085884656
Severe Weather,13.0,Conventional,1,1000,70000,100,978.042591451605,0.8,3.2,787.6644183584904,952.0000862846512,968.0470872506932,998.6412424999996,1052.227600535148,1137.3945490573717,950.4393920898438,961.5528341241824,994.416112864064,60589.5706429608,48471.65651436864,193886.62605747452,73230.7758680501,58584.62069444008,234338.48277776036,74465.16055774562,59572.1284461965,238288.513784786,76818.55711538458,61454.84569230767,245819.38276923067,80940.58465654985,64752.46772523988,259009.87090095956,87491.88838902858,69993.51071122287,279974.0428448915,73110.72246844952,58488.57797475962,233954.31189903847,73965.6026249371,59172.48209994969,236689.92839979875,76493.54714338954,61194.83771471164,244779.35085884656
Severe Weather,13.0,LNG,0,1000,70000,100,978.042591451605,0.65,2.75,787.6644183584904,952.0000862846512,968.0470872506932,998.6412424999996,1052.227600535148,1137.3945490573717,950.4393920898438,961.5528341241824,994.416112864064,60589.5706429608,39383.22091792452,166621.3192681422,73230.7758680501,47600.00431423257,201384.63363713777,74465.16055774562,48402.35436253466,204779.19153380045,76818.55711538458,49932.06212499998,211251.0320673076,80940.58465654985,52611.38002675741,222586.6078055121,87491.88838902858,56869.72745286858,240602.6930698286,73110.72246844952,47521.96960449219,201054.48678823616,73965.6026249371,48077.64170620912,203405.40721857705,76493.54714338954,49720.8056432032,210357.25464432125
Severe Weather,13.0,LNG,1,1000,70000,100,978.042591451605,0.65,2.75,787.6644183584904,952.0000862846512,968.0470872506932,998.6412424999996,1052.227600535148,1137.3945490573717,950.4393920898438,961.5528341241824,994.416112864064,60589.5706429608,39383.22091792452,166621.3192681422,73230.7758680501,47600.00431423257,201384.63363713777,74465.16055774562,48402.35436253466,204779.19153380045,76818.55711538458,49932.06212499998,211251.0320673076,80940.58465654985,52611.38002675741,222586.6078055121,87491.88838902858,56869.72745286858,240602.6930698286,73110.72246844952,47521.96960449219,201054.48678823616,73965.6026249371,48077.64170620912,203405.40721857705,76493.54714338954,49720.8056432032,210357.25464432125
Severe Weather,13.0,Methanol,0,1000,70000,100,978.042591451605,0.55,1.9,787.6644183584904,952.0000862846512,968.0470872506932,998.6412424999996,1052.227600535148,1137.3945490573717,950.4393920898438,961.5528341241824,994.416112864064,60589.5706429608,33324.26385362844,115120.1842216255,73230.7758680501,40276.92672742756,139138.4741492952,74465.16055774562,40955.838306760095,141483.8050597167,76818.55711538458,42250.20641346152,145955.2585192307,80940.58465654985,44517.32156110242,153787.1108474447,87491.88838902858,48120.53861396572,166234.5879391543,73110.72246844952,40210.897357647234,138910.37269005406,73965.6026249371,40681.08144371541,140534.64498738048,76493.54714338954,42071.45092886425,145337.73957244013
Severe Weather,13.0,Methanol,1,1000,70000,100,978.042591451605,0.55,1.9,787.6644183584904,952.0000862846512,968.0470872506932,998.6412424999996,1052.227600535148,1137.3945490573717,950.4393920898438,961.5528341241824,994.416112864064,60589.5706429608,33324.26385362844,115120.1842216255,73230.7758680501,40276.92672742756,139138.4741492952,74465.16055774562,40955.838306760095,141483.8050597167,76818.55711538458,42250.20641346152,145955.2585192307,80940.58465654985,44517.32156110242,153787.1108474447,87491.88838902858,48120.53861396572,166234.5879391543,73110.72246844952,40210.897357647234,138910.37269005406,73965.6026249371,40681.08144371541,140534.64498738048,76493.54714338954,42071.45092886425,145337.73957244013
Severe Weather,13.0,Hydrogen,0,1000,70000,100,978.042591451605,1.2,0.5,787.6644183584904,952.0000862846512,968.0470872506932,998.6412424999996,1052.227600535148,1137.3945490573717,950.4393920898438,961.5528341241824,994.416112864064,60589.5706429608,72707.48477155295,30294.7853214804,73230.7758680501,87876.93104166012,36615.38793402505,74465.16055774562,89358.19266929475,37232.58027887281,76818.55711538458,92182.26853846147,38409.27855769229,80940.58465654985,97128.70158785982,40470.292328274925,87491.88838902858,104990.26606683429,43745.94419451429,73110.72246844952,87732.86696213942,36555.36123422476,73965.6026249371,88758.72314992452,36982.80131246855,76493.54714338954,91792.25657206745,38246.77357169477
Severe Weather,13.0,Hydrogen,1,1000,70000,100,978.042591451605,1.2,0.5,787.6644183584904,952.0000862846512,968.0470872506932,998.6412424999996,1052.227600535148,1137.3945490573717,950.4393920898438,961.5528341241824,994.416112864064,60589.5706429608,72707.48477155295,30294.7853214804,73230.7758680501,87876.93104166012,36615.38793402505,74465.16055774562,89358.19266929475,37232.58027887281,76818.55711538458,92182.26853846147,38409.27855769229,80940.58465654985,97128.70158785982,40470.292328274925,87491.88838902858,104990.26606683429,43745.94419451429,73110.72246844952,87732.86696213942,36555.36123422476,73965.6026249371,88758.72314992452,36982.80131246855,76493.54714338954,91792.25657206745,38246.77357169477
Severe Weather,13.0,Ammonia,0,1000,70000,100,978.042591451605,0.7,0.8,787.6644183584904,952.0000862846512,968.0470872506932,998.6412424999996,1052.227600535148,1137.3945490573717,950.4393920898438,961.5528341241824,994.416112864064,60589.5706429608,42412.69945007256,48471.65651436864,73230.7758680501,51261.543107635065,58584.62069444008,74465.16055774562,52125.612390421935,59572.1284461965,76818.55711538458,53772.989980769205,61454.84569230767,80940.58465654985,56658.40925958489,64752.46772523988,87491.88838902858,61244.32187232,69993.51071122287,73110.72246844952,51177.50572791466,58488.57797475962,73965.6026249371,51775.92183745597,59172.48209994969,76493.54714338954,53545.48300037268,61194.83771471164
Severe Weather,13.0,Ammonia,1,1000,70000,100,978.042591451605,0.7,0.8,787.6644183584904,952.0000862846512,968.0470872506932,998.6412424999996,1052.227600535148,1137.3945490573717,950.4393920898438,961.5528341241824,994.416112864064,60589.5706429608,42412.69945007256,48471.65651436864,73230.7758680501,51261.543107635065,58584.62069444008,74465.16055774562,52125.612390421935,59572.1284461965,76818.55711538458,53772.989980769205,61454.84569230767,80940.58465654985,56658.40925958489,64752.46772523988,87491.88838902858,61244.32187232,69993.51071122287,73110.72246844952,51177.50572791466,58488.57797475962,73965.6026249371,51775.92183745597,59172.48209994969,76493.54714338954,53545.48300037268,61194.83771471164
Severe Weather,14.0,Conventional,0,1000,70000,100,1055.3333967337464,0.8,3.2,848.398149565995,953.6609950806557,1090.9298516487872,1055.5588156770837,1165.431358081644,1220.3085061126662,1084.795654296875,1035.1544222976006,1043.7628178424116,60599.8678261425,48479.89426091401,193919.57704365603,68118.64250576112,54494.9140046089,217979.6560184356,77923.56083205623,62338.84866564499,249355.39466258,75397.05826264883,60317.64661011907,241270.58644047627,83245.0970058317,66596.07760466536,266384.31041866145,87164.89329376188,69731.91463500951,278927.65854003804,77485.40387834821,61988.32310267857,247953.2924107143,73939.60159268577,59151.68127414861,236606.72509659443,74554.48698874368,59643.58959099495,238574.3583639798
Severe Weather,14.0,Conventional,1,1000,70000,100,1055.3333967337464,0.8,3.2,848.398149565995,953.6609950806557,1090.9298516487872,1055.5588156770837,1165.431358081644,1220.3085061126662,1084.795654296875,1035.1544222976006,1043.7628178424116,60599.8678261425,48479.89426091401,193919.57704365603,68118.64250576112,54494.9140046089,217979.6560184356,77923.56083205623,62338.84866564499,249355.39466258,75397.05826264883,60317.64661011907,241270.58644047627,83245.0970058317,66596.07760466536,266384.31041866145,87164.89329376188,69731.91463500951,278927.65854003804,77485.40387834821,61988.32310267857,247953.2924107143,73939.60159268577,59151.68127414861,236606.72509659443,74554.48698874368,59643.58959099495,238574.3583639798
Severe Weather,14.0,LNG,0,1000,70000,100,1055.3333967337464,0.65,2.75,848.398149565995,953.6609950806557,1090.9298516487872,1055.5588156770837,1165.431358081644,1220.3085061126662,1084.795654296875,1035.1544222976006,1043.7628178424116,60599.8678261425,39389.91408699263,166649.6365218919,68118.64250576112,44277.11762874473,187326.26689084308,77923.56083205623,50650.31454083655,214289.79228815463,75397.05826264883,49008.08787072174,207341.9102222843,83245.0970058317,54109.31305379061,228924.0167660372,87164.89329376188,56657.180640945226,239703.4565578452,77485.40387834821,50365.512520926335,213084.8606654576,73939.60159268577,48060.74103524575,203333.90437988585,74554.48698874368,48460.41654268339,205024.83921904516
Severe Weather,14.0,LNG,1,1000,70000,100,1055.3333967337464,0.65,2.75,848.398149565995,953.6609950806557,1090.9298516487872,1055.5588156770837,1165.431358081644,1220.3085061126662,1084.795654296875,1035.1544222976006,1043.7628178424116,60599.8678261425,39389.91408699263,166649.6365218919,68118.64250576112,44277.11762874473,187326.26689084308,77923.56083205623,50650.31454083655,214289.79228815463,75397.05826264883,49008.08787072174,207341.9102222843,83245.0970058317,54109.31305379061,228924.0167660372,87164.89329376188,56657.180640945226,239703.4565578452,77485.40387834821,50365.512520926335,213084.8606654576,73939.60159268577,48060.74103524575,203333.90437988585,74554.48698874368,48460.41654268339,205024.83921904516
Severe Weather,14.0,Methanol,0,1000,70000,100,1055.3333967337464,0.55,1.9,848.398149565995,953.6609950806557,1090.9298516487872,1055.5588156770837,1165.431358081644,1220.3085061126662,1084.795654296875,1035.1544222976006,1043.7628178424116,60599.8678261425,33329.927304378376,115139.74886967074,68118.64250576112,37465.25337816862,129425.42076094612,77923.56083205623,42857.95845763093,148054.76558090682,75397.05826264883,41468.38204445686,143254.41069903277,83245.0970058317,45784.80335320744,158165.68431108023,87164.89329376188,47940.69131156904,165613.29725814756,77485.40387834821,42616.97213309152,147222.2673688616,73939.60159268577,40666.78087597717,140485.24302610295,74554.48698874368,41004.96784380903,141653.52527861297
Severe Weather,14.0,Methanol,1,1000,70000,100,1055.3333967337464,0.55,1.9,848.398149565995,953.6609950806557,1090.9298516487872,1055.5588156770837,1165.431358081644,1220.3085061126662,1084.795654296875,1035.1544222976006,1043.7628178424116,60599.8678261425,33329.927304378376,115139.74886967074,68118.64250576112,37465.25337816862,129425.42076094612,77923.56083205623,42857.95845763093,148054.76558090682,75397.05826264883,41468.38204445686,143254.41069903277,83245.0970058317,45784.80335320744,158165.68431108023,87164.89329376188,47940.69131156904,165613.29725814756,77485.40387834821,42616.97213309152,147222.2673688616,73939.60159268577,40666.78087597717,140485.24302610295,74554.48698874368,41004.96784380903,141653.52527861297
Severe Weather,14.0,Hydrogen,0,1000,70000,100,1055.3333967337464,1.2,0.5,848.398149565995,953.6609950806557,1090.9298516487872,1055.5588156770837,1165.431358081644,1220.3085061126662,1084.795654296875,1035.1544222976006,1043.7628178424116,60599.8678261425,72719.841391371,30299.93391307125,68118.64250576112,81742.37100691334,34059.32125288056,77923.56083205623,93508.27299846748,38961.78041602812,75397.05826264883,90476.4699151786,37698.529131324416,83245.0970058317,99894.11640699804,41622.54850291585,87164.89329376188,104597.87195251424,43582.44664688094,77485.40387834821,92982.48465401786,38742.701939174105,73939.60159268577,88727.52191122291,36969.80079634288,74554.48698874368,89465.38438649241,37277.24349437184
Severe Weather,14.0,Hydrogen,1,1000,70000,100,1055.3333967337464,1.2,0.5,848.398149565995,953.6609950806557,1090.9298516487872,1055.5588156770837,1165.431358081644,1220.3085061126662,1084.795654296875,1035.1544222976006,1043.7628178424116,60599.8678261425,72719.841391371,30299.93391307125,68118.64250576112,81742.37100691334,34059.32125288056,77923.56083205623,93508.27299846748,38961.78041602812,75397.05826264883,90476.4699151786,37698.529131324416,83245.0970058317,99894.11640699804,41622.54850291585,87164.89329376188,104597.87195251424,43582.44664688094,77485.40387834821,92982.48465401786,38742.701939174105,73939.60159268577,88727.52191122291,36969.80079634288,74554.48698874368,89465.38438649241,37277.24349437184
Severe Weather,14.0,Ammonia,0,1000,70000,100,1055.3333967337464,0.7,0.8,848.398149565995,953.6609950806557,1090.9298516487872,1055.5588156770837,1165.431358081644,1220.3085061126662,1084.795654296875,1035.1544222976006,1043.7628178424116,60599.8678261425,42419.90747829975,48479.89426091401,68118.64250576112,47683.04975403278,54494.9140046089,77923.56083205623,54546.49258243936,62338.84866564499,75397.05826264883,52777.94078385418,60317.64661011907,83245.0970058317,58271.567904082185,66596.07760466536,87164.89329376188,61015.42530563331,69731.91463500951,77485.40387834821,54239.78271484374,61988.32310267857,73939.60159268577,51757.721114880034,59151.68127414861,74554.48698874368,52188.14089212057,59643.58959099495
Severe Weather,14.0,Ammonia,1,1000,70000,100,1055.3333967337464,0.7,0.8,848.398149565995,953.6609950806557,1090.9298516487872,1055.5588156770837,1165.431358081644,1220.3085061126662,1084.795654296875,1035.1544222976006,1043.7628178424116,60599.8678261425,42419.90747829975,48479.89426091401,68118.64250576112,47683.04975403278,54494.9140046089,77923.56083205623,54546.49258243936,62338.84866564499,75397.05826264883,52777.94078385418,60317.64661011907,83245.0970058317,58271.567904082185,66596.07760466536,87164.89329376188,61015.42530563331,69731.91463500951,77485.40387834821,54239.78271484374,61988.32310267857,73939.60159268577,51757.721114880034,59151.68127414861,74554.48698874368,52188.14089212057,59643.58959099495
Severe Weather,15.0,Conventional,0,1000,70000,100,1076.4930415778354,0.8,3.2,909.1318807734998,952.2779020232246,1099.3513060468665,1076.978984739583,1164.5258312182557,1314.6853761647728,1082.8167724609375,1034.8770637000428,1053.7922570733372,60608.792051566656,48487.03364125333,193948.1345650133,63485.193468214966,50788.15477457197,203152.6190982879,73290.08706979109,58632.06965583287,234528.27862333148,71798.59898263887,57438.879186111095,229755.5167444444,77635.05541455038,62108.04433164031,248432.17732656124,87645.69174431819,70116.55339545455,280466.2135818182,72187.78483072917,57750.22786458334,231000.91145833337,68991.80424666952,55193.44339733562,220773.77358934248,70252.81713822248,56202.25371057799,224809.014842312
Severe Weather,15.0,Conventional,1,1000,70000,100,1076.4930415778354,0.8,3.2,909.1318807734998,952.2779020232246,1099.3513060468665,1076.978984739583,1164.5258312182557,1314.6853761647728,1082.8167724609375,1034.8770637000428,1053.7922570733372,60608.792051566656,48487.03364125333,193948.1345650133,63485.193468214966,50788.15477457197,203152.6190982879,73290.08706979109,58632.06965583287,234528.27862333148,71798.59898263887,57438.879186111095,229755.5167444444,77635.05541455038,62108.04433164031,248432.17732656124,87645.69174431819,70116.55339545455,280466.2135818182,72187.78483072917,57750.22786458334,231000.91145833337,68991.80424666952,55193.44339733562,220773.77358934248,70252.81713822248,56202.25371057799,224809.014842312
Severe Weather,15.0,LNG,0,1000,70000,100,1076.4930415778354,0.65,2.75,909.1318807734998,952.2779020232246,1099.3513060468665,1076.978984739583,1164.5258312182557,1314.6853761647728,1082.8167724609375,1034.8770637000428,1053.7922570733372,60608.792051566656,39395.71483351833,166674.1781418083,63485.193468214966,41265.37575433973,174584.28203759115,73290.08706979109,47638.55659536421,201547.73944192549,71798.59898263887,46669.08933871527,197446.1472022569,77635.05541455038,50462.78601945775,213496.4023900136,87645.69174431819,56969.69963380683,241025.65229687505,72187.78483072917,46922.06013997396,198516.4082845052,68991.80424666952,44844.67276033519,189727.4616783412,70252.81713822248,45664.33113984462,193195.24713011185
Severe Weather,15.0,LNG,1,1000,70000,100,1076.4930415778354,0.65,2.75,909.1318807734998,952.2779020232246,1099.3513060468665,1076.978984739583,1164.5258312182557,1314.6853761647728,1082.8167724609375,1034.8770637000428,1053.7922570733372,60608.792051566656,39395.71483351833,166674.1781418083,63485.193468214966,41265.37575433973,174584.28203759115,73290.08706979109,47638.55659536421,201547.73944192549,71798.59898263887,46669.08933871527,197446.1472022569,77635.05541455038,50462.78601945775,213496.4023900136,87645.69174431819,56969.69963380683,241025.65229687505,72187.78483072917,46922.06013997396,198516.4082845052,68991.80424666952,44844.67276033519,189727.4616783412,70252.81713822248,45664.33113984462,193195.24713011185
Severe Weather,15.0,Methanol,0,1000,70000,100,1076.4930415778354,0.55,1.9,909.1318807734998,952.2779020232246,1099.3513060468665,1076.978984739583,1164.5258312182557,1314.6853761647728,1082.8167724609375,1034.8770637000428,1053.7922570733372,60608.792051566656,33334.83562836167,115156.70489797664,63485.193468214966,34916.85640751824,120621.86758960845,73290.08706979109,40309.5478883851,139251.16543260307,71798.59898263887,39489.22944045138,136417.33806701386,77635.05541455038,42699.28047800272,147506.6052876457,87645.69174431819,48205.13045937501,166526.81431420456,72187.78483072917,39703.28165690105,137156.7911783854,68991.80424666952,37945.49233566824,131084.42806867207,70252.81713822248,38639.04942602237,133480.35256262272
Severe Weather,15.0,Methanol,1,1000,70000,100,1076.4930415778354,0.55,1.9,909.1318807734998,952.2779020232246,1099.3513060468665,1076.978984739583,1164.5258312182557,1314.6853761647728,1082.8167724609375,1034.8770637000428,1053.7922570733372,60608.792051566656,33334.83562836167,115156.70489797664,63485.193468214966,34916.85640751824,120621.86758960845,73290.08706979109,40309.5478883851,139251.16543260307,71798.59898263887,39489.22944045138,136417.33806701386,77635.05541455038,42699.28047800272,147506.6052876457,87645.69174431819,48205.13045937501,166526.81431420456,72187.78483072917,39703.28165690105,137156.7911783854,68991.80424666952,37945.49233566824,131084.42806867207,70252.81713822248,38639.04942602237,133480.35256262272
Severe Weather,15.0,Hydrogen,0,1000,70000,100,1076.4930415778354,1.2,0.5,909.1318807734998,952.2779020232246,1099.3513060468665,1076.978984739583,1164.5258312182557,1314.6853761647728,1082.8167724609375,1034.8770637000428,1053.7922570733372,60608.792051566656,72730.55046187999,30304.396025783328,63485.193468214966,76182.23216185796,31742.596734107483,73290.08706979109,87948.1044837493,36645.04353489554,71798.59898263887,86158.31877916664,35899.299491319434,77635.05541455038,93162.06649746046,38817.52770727519,87645.69174431819,105174.83009318182,43822.84587215909,72187.78483072917,86625.341796875,36093.892415364586,68991.80424666952,82790.16509600342,34495.90212333476,70252.81713822248,84303.38056586697,35126.40856911124
Severe Weather,15.0,Hydrogen,1,1000,70000,100,1076.4930415778354,1.2,0.5,909.1318807734998,952.2779020232246,1099.3513060468665,1076.978984739583,1164.5258312182557,1314.6853761647728,1082.8167724609375,1034.8770637000428,1053.7922570733372,60608.792051566656,72730.55046187999,30304.396025783328,63485.193468214966,76182.23216185796,31742.596734107483,73290.08706979109,87948.1044837493,36645.04353489554,71798.59898263887,86158.31877916664,35899.299491319434,77635.05541455038,93162.06649746046,38817.52770727519,87645.69174431819,105174.83009318182,43822.84587215909,72187.78483072917,86625.341796875,36093.892415364586,68991.80424666952,82790.16509600342,34495.90212333476,70252.81713822248,84303.38056586697,35126.40856911124
Severe Weather,15.0,Ammonia,0,1000,70000,100,1076.4930415778354,0.7,0.8,909.1318807734998,952.2779020232246,1099.3513060468665,1076.978984739583,1164.5258312182557,1314.6853761647728,1082.8167724609375,1034.8770637000428,1053.7922570733372,60608.792051566656,42426.15443609666,48487.03364125333,63485.193468214966,44439.63542775047,50788.15477457197,73290.08706979109,51303.06094885376,58632.06965583287,71798.59898263887,50259.01928784721,57438.879186111095,77635.05541455038,54344.53879018527,62108.04433164031,87645.69174431819,61351.98422102273,70116.55339545455,72187.78483072917,50531.449381510414,57750.22786458334,68991.80424666952,48294.26297266866,55193.44339733562,70252.81713822248,49176.97199675573,56202.25371057799
Severe Weather,15.0,Ammonia,1,1000,70000,100,1076.4930415778354,0.7,0.8,909.1318807734998,952.2779020232246,1099.3513060468665,1076.978984739583,1164.5258312182557,1314.6853761647728,1082.8167724609375,1034.8770637000428,1053.7922570733372,60608.792051566656,42426.15443609666,48487.03364125333,63485.193468214966,44439.63542775047,50788.15477457197,73290.08706979109,51303.06094885376,58632.06965583287,71798.59898263887,50259.01928784721,57438.879186111095,77635.05541455038,54344.53879018527,62108.04433164031,87645.69174431819,61351.98422102273,70116.55339545455,72187.78483072917,50531.449381510414,57750.22786458334,68991.80424666952,48294.26297266866,55193.44339733562,70252.81713822248,49176.97199675573,56202.25371057799
Severe Weather,16.0,Conventional,0,1000,70000,100,1127.558606809856,0.8,3.2,969.8656119810048,947.80146950951,1167.3608169451634,1085.982054739583,1240.8694010764484,1419.9262559178812,1156.97119140625,1097.3976361644084,1061.8530235484543,60616.6007488128,48493.28059905024,193973.12239620092,59237.59184434438,47390.07347547551,189560.29390190204,72960.0510590727,58368.04084725817,233472.16338903268,67873.87842122394,54299.10273697916,217196.41094791665,77554.33756727802,62043.47005382242,248173.88021528968,88745.39099486757,70996.31279589406,283985.25118357624,72310.69946289062,57848.5595703125,231394.23828125,68587.35226027553,54869.88180822042,219479.5272328817,66365.8139717784,53092.651177422726,212370.6047096909
Severe Weather,16.0,Conventional,1,1000,70000,100,1127.558606809856,0.8,3.2,969.8656119810048,947.80146950951,1167.3608169451634,1085.982054739583,1240.8694010764484,1419.9262559178812,1156.97119140625,1097.3976361644084,1061.8530235484543,60616.6007488128,48493.28059905024,193973.12239620092,59237.59184434438,47390.07347547551,189560.29390190204,72960.0510590727,58368.04084725817,233472.16338903268,67873.87842122394,54299.10273697916,217196.41094791665,77554.33756727802,62043.47005382242,248173.88021528968,88745.39099486757,70996.31279589406,283985.25118357624,72310.69946289062,57848.5595703125,231394.23828125,68587.35226027553,54869.88180822042,219479.5272328817,66365.8139717784,53092.651177422726,212370.6047096909
Severe Weather,16.0,LNG,0,1000,70000,100,1127.558606809856,0.65,2.75,969.8656119810048,947.80146950951,1167.3608169451634,1085.982054739583,1240.8694010764484,1419.9262559178812,1156.97119140625,1097.3976361644084,1061.8530235484543,60616.6007488128,39400.79048672832,166695.65205923517,59237.59184434438,38504.43469882385,162903.37757194706,72960.0510590727,47424.03318839726,200640.14041244995,67873.87842122394,44118.02097379557,186653.16565836585,77554.33756727802,50410.31941873072,213274.42831001457,88745.39099486757,57684.50414666392,244049.82523588583,72310.69946289062,47001.954650878906,198854.4235229492,68587.35226027553,44581.7789691791,188615.21871575768,66365.8139717784,43137.779081655965,182505.98842239063
Severe Weather,16.0,LNG,1,1000,70000,100,1127.558606809856,0.65,2.75,969.8656119810048,947.80146950951,1167.3608169451634,1085.982054739583,1240.8694010764484,1419.9262559178812,1156.97119140625,1097.3976361644084,1061.8530235484543,60616.6007488128,39400.79048672832,166695.65205923517,59237.59184434438,38504.43469882385,162903.37757194706,72960.0510590727,47424.03318839726,200640.14041244995,67873.87842122394,44118.02097379557,186653.16565836585,77554.33756727802,50410.31941873072,213274.42831001457,88745.39099486757,57684.50414666392,244049.82523588583,72310.69946289062,47001.954650878906,198854.4235229492,68587.35226027553,44581.7789691791,188615.21871575768,66365.8139717784,43137.779081655965,182505.98842239063
Severe Weather,16.0,Methanol,0,1000,70000,100,1127.558606809856,0.55,1.9,969.8656119810048,947.80146950951,1167.3608169451634,1085.982054739583,1240.8694010764484,1419.9262559178812,1156.97119140625,1097.3976361644084,1061.8530235484543,60616.6007488128,33339.13041184704,115171.54142274433,59237.59184434438,32580.67551438941,112551.42450425432,72960.0510590727,40128.02808248999,138624.09701223814,67873.87842122394,37330.63313167317,128960.36900032547,77554.33756727802,42654.88566200292,147353.24137782824,88745.39099486757,48809.96504717717,168616.24289024837,72310.69946289062,39770.88470458984,137390.3289794922,68587.35226027553,37723.043743151546,130315.96929452349,66365.8139717784,36501.19768447813,126095.04654637896
Severe Weather,16.0,Methanol,1,1000,70000,100,1127.558606809856,0.55,1.9,969.8656119810048,947.80146950951,1167.3608169451634,1085.982054739583,1240.8694010764484,1419.9262559178812,1156.97119140625,1097.3976361644084,1061.8530235484543,60616.6007488128,33339.13041184704,115171.54142274433,59237.59184434438,32580.67551438941,112551.42450425432,72960.0510590727,40128.02808248999,138624.09701223814,67873.87842122394,37330.63313167317,128960.36900032547,77554.33756727802,42654.88566200292,147353.24137782824,88745.39099486757,48809.96504717717,168616.24289024837,72310.69946289062,39770.88470458984,137390.3289794922,68587.35226027553,37723.043743151546,130315.96929452349,66365.8139717784,36501.19768447813,126095.04654637896
Severe Weather,16.0,Hydrogen,0,1000,70000,100,1127.558606809856,1.2,0.5,969.8656119810048,947.80146950951,1167.3608169451634,1085.982054739583,1240.8694010764484,1419.9262559178812,1156.97119140625,1097.3976361644084,1061.8530235484543,60616.6007488128,72739.92089857535,30308.3003744064,59237.59184434438,71085.11021321325,29618.79592217219,72960.0510590727,87552.06127088725,36480.02552953635,67873.87842122394,81448.65410546873,33936.93921061197,77554.33756727802,93065.20508073362,38777.16878363901,88745.39099486757,106494.46919384108,44372.695497433786,72310.69946289062,86772.83935546875,36155.34973144531,68587.35226027553,82304.82271233063,34293.67613013776,66365.8139717784,79638.97676613409,33182.9069858892
Severe Weather,16.0,Hydrogen,1,1000,70000,100,1127.558606809856,1.2,0.5,969.8656119810048,947.80146950951,1167.3608169451634,1085.982054739583,1240.8694010764484,1419.9262559178812,1156.97119140625,1097.3976361644084,1061.8530235484543,60616.6007488128,72739.92089857535,30308.3003744064,59237.59184434438,71085.11021321325,29618.79592217219,72960.0510590727,87552.06127088725,36480.02552953635,67873.87842122394,81448.65410546873,33936.93921061197,77554.33756727802,93065.20508073362,38777.16878363901,88745.39099486757,106494.46919384108,44372.695497433786,72310.69946289062,86772.83935546875,36155.34973144531,68587.35226027553,82304.82271233063,34293.67613013776,66365.8139717784,79638.97676613409,33182.9069858892
Severe Weather,16.0,Ammonia,0,1000,70000,100,1127.558606809856,0.7,0.8,969.8656119810048,947.80146950951,1167.3608169451634,1085.982054739583,1240.8694010764484,1419.9262559178812,1156.97119140625,1097.3976361644084,1061.8530235484543,60616.6007488128,42431.62052416895,48493.28059905024,59237.59184434438,41466.31429104106,47390.07347547551,72960.0510590727,51072.03574135089,58368.04084725817,67873.87842122394,47511.71489485676,54299.10273697916,77554.33756727802,54288.036297094615,62043.47005382242,88745.39099486757,62121.7736964073,70996.31279589406,72310.69946289062,50617.48962402344,57848.5595703125,68587.35226027553,48011.14658219287,54869.88180822042,66365.8139717784,46456.069780244885,53092.651177422726
Severe Weather,16.0,Ammonia,1,1000,70000,100,1127.558606809856,0.7,0.8,969.8656119810048,947.80146950951,1167.3608169451634,1085.982054739583,1240.8694010764484,1419.9262559178812,1156.97119140625,1097.3976361644084,1061.8530235484543,60616.6007488128,42431.62052416895,48493.28059905024,59237.59184434438,41466.31429104106,47390.07347547551,72960.0510590727,51072.03574135089,58368.04084725817,67873.87842122394,47511.71489485676,54299.10273697916,77554.33756727802,54288.036297094615,62043.47005382242,88745.39099486757,62121.7736964073,70996.31279589406,72310.69946289062,50617.48962402344,57848.5595703125,68587.35226027553,48011.14658219287,54869.88180822042,66365.8139717784,46456.069780244885,53092.651177422726
