scenario_id,route_id,origin_port,destination_port,distance_nm,weather_scenario,cargo_demand_tonnes,deadline_hours,candidate_vessel_type,vessel_capacity_tonnes,candidate_fuel_type,candidate_speed_knots,shaft_power_kw,voyage_duration_hours,total_fuel_litres,total_fuel_cost_usd,total_co2_kg,cargo_capacity_sufficient,schedule_feasible,candidate_valid
SCN_0001,R1_Mormugao_Rotterdam,Mormugao_IN,Rotterdam_NL,7800,high_wave_wind,93987.0,777.6,Handysize Bulk Carrier,35000,conventional,8.5,2261.49,917.65,398280.9,238968.55,1301183.75,0,0,0
SCN_0001,R1_Mormugao_Rotterdam,Mormugao_IN,Rotterdam_NL,7800,high_wave_wind,93987.0,777.6,Handysize Bulk Carrier,35000,conventional,11.25,5243.2,693.33,697680.7,418608.4,2279322.74,0,1,0
SCN_0001,R1_Mormugao_Rotterdam,Mormugao_IN,Rotterdam_NL,7800,high_wave_wind,93987.0,777.6,Handysize Bulk Carrier,35000,conventional,14.0,6000.0,557.14,641558.4,384935.06,2095971.43,0,1,0
SCN_0001,R1_Mormugao_Rotterdam,Mormugao_IN,Rotterdam_NL,7800,high_wave_wind,93987.0,777.6,Handysize Bulk Carrier,35000,lng,8.5,2261.49,917.65,714809.4,321664.24,884576.67,0,0,0
SCN_0001,R1_Mormugao_Rotterdam,Mormugao_IN,Rotterdam_NL,7800,high_wave_wind,93987.0,777.6,Handysize Bulk Carrier,35000,lng,11.25,5243.2,693.33,1252153.2,563468.94,1549539.59,0,1,0
SCN_0001,R1_Mormugao_Rotterdam,Mormugao_IN,Rotterdam_NL,7800,high_wave_wind,93987.0,777.6,Handysize Bulk Carrier,35000,lng,14.0,6000.0,557.14,1151428.6,518142.86,1424892.86,0,1,0
SCN_0001,R1_Mormugao_Rotterdam,Mormugao_IN,Rotterdam_NL,7800,high_wave_wind,93987.0,777.6,Handysize Bulk Carrier,35000,methanol,8.5,2261.49,917.65,917094.2,504401.82,1002347.29,0,0,0
SCN_0001,R1_Mormugao_Rotterdam,Mormugao_IN,Rotterdam_NL,7800,high_wave_wind,93987.0,777.6,Handysize Bulk Carrier,35000,methanol,11.25,5243.2,693.33,1606501.5,883575.85,1755841.92,0,1,0
SCN_0001,R1_Mormugao_Rotterdam,Mormugao_IN,Rotterdam_NL,7800,high_wave_wind,93987.0,777.6,Handysize Bulk Carrier,35000,methanol,14.0,6000.0,557.14,1477272.7,812500.0,1614600.0,0,1,0
SCN_0001,R1_Mormugao_Rotterdam,Mormugao_IN,Rotterdam_NL,7800,high_wave_wind,93987.0,777.6,Supramax Bulk Carrier,58000,conventional,8.5,2913.89,917.65,513177.8,307906.68,1676551.85,0,0,0
SCN_0001,R1_Mormugao_Rotterdam,Mormugao_IN,Rotterdam_NL,7800,high_wave_wind,93987.0,777.6,Supramax Bulk Carrier,58000,conventional,11.5,7216.23,678.26,939346.2,563607.72,3068844.04,0,1,0
SCN_0001,R1_Mormugao_Rotterdam,Mormugao_IN,Rotterdam_NL,7800,high_wave_wind,93987.0,777.6,Supramax Bulk Carrier,58000,conventional,14.5,8000.0,537.93,825914.3,495548.59,2698262.07,0,1,0
SCN_0001,R1_Mormugao_Rotterdam,Mormugao_IN,Rotterdam_NL,7800,high_wave_wind,93987.0,777.6,Supramax Bulk Carrier,58000,lng,8.5,2913.89,917.65,921019.1,414458.59,1139761.12,0,0,0
SCN_0001,R1_Mormugao_Rotterdam,Mormugao_IN,Rotterdam_NL,7800,high_wave_wind,93987.0,777.6,Supramax Bulk Carrier,58000,lng,11.5,7216.23,678.26,1685879.2,758645.65,2086275.55,0,1,0
SCN_0001,R1_Mormugao_Rotterdam,Mormugao_IN,Rotterdam_NL,7800,high_wave_wind,93987.0,777.6,Supramax Bulk Carrier,58000,lng,14.5,8000.0,537.93,1482298.9,667034.48,1834344.83,0,1,0
SCN_0001,R1_Mormugao_Rotterdam,Mormugao_IN,Rotterdam_NL,7800,high_wave_wind,93987.0,777.6,Supramax Bulk Carrier,58000,methanol,8.5,2913.89,917.65,1181659.4,649912.66,1291506.45,0,0,0
SCN_0001,R1_Mormugao_Rotterdam,Mormugao_IN,Rotterdam_NL,7800,high_wave_wind,93987.0,777.6,Supramax Bulk Carrier,58000,methanol,11.5,7216.23,678.26,2162968.2,1189632.52,2364037.75,0,1,0
SCN_0001,R1_Mormugao_Rotterdam,Mormugao_IN,Rotterdam_NL,7800,high_wave_wind,93987.0,777.6,Supramax Bulk Carrier,58000,methanol,14.5,8000.0,537.93,1901776.4,1045977.01,2078565.52,0,1,0
SCN_0001,R1_Mormugao_Rotterdam,Mormugao_IN,Rotterdam_NL,7800,high_wave_wind,93987.0,777.6,Panamax Bulk Carrier,75000,conventional,8.5,3327.22,917.65,585970.7,351582.42,1914366.27,0,0,0
SCN_0001,R1_Mormugao_Rotterdam,Mormugao_IN,Rotterdam_NL,7800,high_wave_wind,93987.0,777.6,Panamax Bulk Carrier,75000,conventional,11.5,8239.84,678.26,1072590.0,643553.98,3504151.41,0,1,0
SCN_0001,R1_Mormugao_Rotterdam,Mormugao_IN,Rotterdam_NL,7800,high_wave_wind,93987.0,777.6,Panamax Bulk Carrier,75000,conventional,14.5,9500.0,537.93,980773.2,588463.95,3204186.21,0,1,0
SCN_0001,R1_Mormugao_Rotterdam,Mormugao_IN,Rotterdam_NL,7800,high_wave_wind,93987.0,777.6,Panamax Bulk Carrier,75000,lng,8.5,3327.22,917.65,1051663.2,473248.44,1301433.21,0,0,0
SCN_0001,R1_Mormugao_Rotterdam,Mormugao_IN,Rotterdam_NL,7800,high_wave_wind,93987.0,777.6,Panamax Bulk Carrier,75000,lng,11.5,8239.84,678.26,1925016.7,866257.53,2382208.2,0,1,0
SCN_0001,R1_Mormugao_Rotterdam,Mormugao_IN,Rotterdam_NL,7800,high_wave_wind,93987.0,777.6,Panamax Bulk Carrier,75000,lng,14.5,9500.0,537.93,1760229.9,792103.45,2178284.48,0,1,0
SCN_0001,R1_Mormugao_Rotterdam,Mormugao_IN,Rotterdam_NL,7800,high_wave_wind,93987.0,777.6,Panamax Bulk Carrier,75000,methanol,8.5,3327.22,917.65,1349274.6,742101.05,1474703.21,0,0,0
SCN_0001,R1_Mormugao_Rotterdam,Mormugao_IN,Rotterdam_NL,7800,high_wave_wind,93987.0,777.6,Panamax Bulk Carrier,75000,methanol,11.5,8239.84,678.26,2469779.5,1358378.74,2699370.23,0,1,0
SCN_0001,R1_Mormugao_Rotterdam,Mormugao_IN,Rotterdam_NL,7800,high_wave_wind,93987.0,777.6,Panamax Bulk Carrier,75000,methanol,14.5,9500.0,537.93,2258359.5,1242097.7,2468296.55,0,1,0
SCN_0001,R1_Mormugao_Rotterdam,Mormugao_IN,Rotterdam_NL,7800,high_wave_wind,93987.0,777.6,Panamax Bulk Carrier,75000,ammonia,8.5,3327.22,917.65,2327965.1,2211566.83,0.0,0,0,0
SCN_0001,R1_Mormugao_Rotterdam,Mormugao_IN,Rotterdam_NL,7800,high_wave_wind,93987.0,777.6,Panamax Bulk Carrier,75000,ammonia,11.5,8239.84,678.26,4261223.3,4048162.12,0.0,0,1,0
SCN_0001,R1_Mormugao_Rotterdam,Mormugao_IN,Rotterdam_NL,7800,high_wave_wind,93987.0,777.6,Panamax Bulk Carrier,75000,ammonia,14.5,9500.0,537.93,3896450.6,3701628.07,0.0,0,1,0
SCN_0001,R1_Mormugao_Rotterdam,Mormugao_IN,Rotterdam_NL,7800,high_wave_wind,93987.0,777.6,Kamsarmax Bulk Carrier,82000,conventional,8.5,3495.54,917.65,615613.4,369368.06,2011209.08,0,0,0
SCN_0001,R1_Mormugao_Rotterdam,Mormugao_IN,Rotterdam_NL,7800,high_wave_wind,93987.0,777.6,Kamsarmax Bulk Carrier,82000,conventional,12.0,9700.0,650.0,1210050.5,726030.3,3953235.0,0,1,0
SCN_0001,R1_Mormugao_Rotterdam,Mormugao_IN,Rotterdam_NL,7800,high_wave_wind,93987.0,777.6,Kamsarmax Bulk Carrier,82000,conventional,15.5,9700.0,503.23,936813.3,562087.98,3060569.03,0,1,0
SCN_0001,R1_Mormugao_Rotterdam,Mormugao_IN,Rotterdam_NL,7800,high_wave_wind,93987.0,777.6,Kamsarmax Bulk Carrier,82000,lng,8.5,3495.54,917.65,1104864.1,497188.85,1367269.33,0,0,0
SCN_0001,R1_Mormugao_Rotterdam,Mormugao_IN,Rotterdam_NL,7800,high_wave_wind,93987.0,777.6,Kamsarmax Bulk Carrier,82000,lng,12.0,9700.0,650.0,2171722.2,977275.0,2687506.25,0,1,0
SCN_0001,R1_Mormugao_Rotterdam,Mormugao_IN,Rotterdam_NL,7800,high_wave_wind,93987.0,777.6,Kamsarmax Bulk Carrier,82000,lng,15.5,9700.0,503.23,1681333.3,756600.0,2080650.0,0,1,0
SCN_0001,R1_Mormugao_Rotterdam,Mormugao_IN,Rotterdam_NL,7800,high_wave_wind,93987.0,777.6,Kamsarmax Bulk Carrier,82000,methanol,8.5,3495.54,917.65,1417530.9,779642.01,1549304.61,0,0,0
SCN_0001,R1_Mormugao_Rotterdam,Mormugao_IN,Rotterdam_NL,7800,high_wave_wind,93987.0,777.6,Kamsarmax Bulk Carrier,82000,methanol,12.0,9700.0,650.0,2786300.5,1532465.28,3045315.0,0,1,0
SCN_0001,R1_Mormugao_Rotterdam,Mormugao_IN,Rotterdam_NL,7800,high_wave_wind,93987.0,777.6,Kamsarmax Bulk Carrier,82000,methanol,15.5,9700.0,503.23,2157135.9,1186424.73,2357663.23,0,1,0
SCN_0001,R1_Mormugao_Rotterdam,Mormugao_IN,Rotterdam_NL,7800,high_wave_wind,93987.0,777.6,Kamsarmax Bulk Carrier,82000,ammonia,8.5,3495.54,917.65,2445730.8,2323444.25,0.0,0,0,0
SCN_0001,R1_Mormugao_Rotterdam,Mormugao_IN,Rotterdam_NL,7800,high_wave_wind,93987.0,777.6,Kamsarmax Bulk Carrier,82000,ammonia,12.0,9700.0,650.0,4807331.4,4566964.81,0.0,0,1,0
SCN_0001,R1_Mormugao_Rotterdam,Mormugao_IN,Rotterdam_NL,7800,high_wave_wind,93987.0,777.6,Kamsarmax Bulk Carrier,82000,ammonia,15.5,9700.0,503.23,3721804.9,3535714.69,0.0,0,1,0
SCN_0001,R1_Mormugao_Rotterdam,Mormugao_IN,Rotterdam_NL,7800,high_wave_wind,93987.0,777.6,Kamsarmax Bulk Carrier,82000,hydrogen,8.5,3495.54,917.65,2936599.3,5432708.68,0.0,0,0,0
SCN_0001,R1_Mormugao_Rotterdam,Mormugao_IN,Rotterdam_NL,7800,high_wave_wind,93987.0,777.6,Kamsarmax Bulk Carrier,82000,hydrogen,12.0,9700.0,650.0,5772183.1,10678538.73,0.0,0,1,0
SCN_0001,R1_Mormugao_Rotterdam,Mormugao_IN,Rotterdam_NL,7800,high_wave_wind,93987.0,777.6,Kamsarmax Bulk Carrier,82000,hydrogen,15.5,9700.0,503.23,4468786.9,8267255.79,0.0,0,1,0
SCN_0001,R1_Mormugao_Rotterdam,Mormugao_IN,Rotterdam_NL,7800,high_wave_wind,93987.0,777.6,Capesize Bulk Carrier,180000,conventional,8.5,5520.47,917.65,972233.2,583339.9,3176285.76,1,0,0
SCN_0001,R1_Mormugao_Rotterdam,Mormugao_IN,Rotterdam_NL,7800,high_wave_wind,93987.0,777.6,Capesize Bulk Carrier,180000,conventional,12.0,14000.0,650.0,1746464.6,1047878.79,5705700.0,1,1,1
SCN_0001,R1_Mormugao_Rotterdam,Mormugao_IN,Rotterdam_NL,7800,high_wave_wind,93987.0,777.6,Capesize Bulk Carrier,180000,conventional,15.5,14000.0,503.23,1352101.7,811261.0,4417316.13,1,1,1
SCN_0001,R1_Mormugao_Rotterdam,Mormugao_IN,Rotterdam_NL,7800,high_wave_wind,93987.0,777.6,Capesize Bulk Carrier,180000,lng,8.5,5520.47,917.65,1744902.7,785206.21,2159317.07,1,0,0
SCN_0001,R1_Mormugao_Rotterdam,Mormugao_IN,Rotterdam_NL,7800,high_wave_wind,93987.0,777.6,Capesize Bulk Carrier,180000,lng,12.0,14000.0,650.0,3134444.4,1410500.0,3878875.0,1,1,1
SCN_0001,R1_Mormugao_Rotterdam,Mormugao_IN,Rotterdam_NL,7800,high_wave_wind,93987.0,777.6,Capesize Bulk Carrier,180000,lng,15.5,14000.0,503.23,2426666.7,1092000.0,3003000.0,1,1,1
SCN_0001,R1_Mormugao_Rotterdam,Mormugao_IN,Rotterdam_NL,7800,high_wave_wind,93987.0,777.6,Capesize Bulk Carrier,180000,ammonia,8.5,5520.47,917.65,3862522.3,3669396.15,0.0,1,0,0
SCN_0001,R1_Mormugao_Rotterdam,Mormugao_IN,Rotterdam_NL,7800,high_wave_wind,93987.0,777.6,Capesize Bulk Carrier,180000,ammonia,12.0,14000.0,650.0,6938416.4,6591495.6,0.0,1,1,1
SCN_0001,R1_Mormugao_Rotterdam,Mormugao_IN,Rotterdam_NL,7800,high_wave_wind,93987.0,777.6,Capesize Bulk Carrier,180000,ammonia,15.5,14000.0,503.23,5371677.2,5103093.37,0.0,1,1,1
SCN_0001,R1_Mormugao_Rotterdam,Mormugao_IN,Rotterdam_NL,7800,high_wave_wind,93987.0,777.6,Aframax Tanker,115000,conventional,8.5,4277.56,917.65,753337.8,452002.7,2461154.7,1,0,0
SCN_0001,R1_Mormugao_Rotterdam,Mormugao_IN,Rotterdam_NL,7800,high_wave_wind,93987.0,777.6,Aframax Tanker,115000,conventional,11.75,11299.33,663.83,1439553.0,863731.8,4703019.67,1,1,1
SCN_0001,R1_Mormugao_Rotterdam,Mormugao_IN,Rotterdam_NL,7800,high_wave_wind,93987.0,777.6,Aframax Tanker,115000,conventional,15.0,13000.0,520.0,1297373.7,778424.24,4238520.0,1,1,1
SCN_0001,R1_Mormugao_Rotterdam,Mormugao_IN,Rotterdam_NL,7800,high_wave_wind,93987.0,777.6,Aframax Tanker,115000,lng,8.5,4277.56,917.65,1352043.2,608419.42,1673153.42,1,0,0
SCN_0001,R1_Mormugao_Rotterdam,Mormugao_IN,Rotterdam_NL,7800,high_wave_wind,93987.0,777.6,Aframax Tanker,115000,lng,11.75,11299.33,663.83,2583618.8,1162628.47,3197228.28,1,1,1
SCN_0001,R1_Mormugao_Rotterdam,Mormugao_IN,Rotterdam_NL,7800,high_wave_wind,93987.0,777.6,Aframax Tanker,115000,lng,15.0,13000.0,520.0,2328444.4,1047800.0,2881450.0,1,1,1
SCN_0001,R1_Mormugao_Rotterdam,Mormugao_IN,Rotterdam_NL,7800,high_wave_wind,93987.0,777.6,Aframax Tanker,115000,ammonia,8.5,4277.56,917.65,2992887.1,2843242.79,0.0,1,0,0
SCN_0001,R1_Mormugao_Rotterdam,Mormugao_IN,Rotterdam_NL,7800,high_wave_wind,93987.0,777.6,Aframax Tanker,115000,ammonia,11.75,11299.33,663.83,5719107.0,5433151.67,0.0,1,1,1
SCN_0001,R1_Mormugao_Rotterdam,Mormugao_IN,Rotterdam_NL,7800,high_wave_wind,93987.0,777.6,Aframax Tanker,115000,ammonia,15.0,13000.0,520.0,5154252.2,4896539.59,0.0,1,1,1
SCN_0002,R1_Mormugao_Rotterdam,Mormugao_IN,Rotterdam_NL,7800,normal,126509.0,780.0,Handysize Bulk Carrier,35000,conventional,8.5,2068.23,917.65,364244.5,218546.71,1189986.82,0,0,0
SCN_0002,R1_Mormugao_Rotterdam,Mormugao_IN,Rotterdam_NL,7800,normal,126509.0,780.0,Handysize Bulk Carrier,35000,conventional,11.25,4795.12,693.33,638058.1,382834.84,2084535.73,0,1,0
SCN_0002,R1_Mormugao_Rotterdam,Mormugao_IN,Rotterdam_NL,7800,normal,126509.0,780.0,Handysize Bulk Carrier,35000,conventional,14.0,6000.0,557.14,641558.4,384935.06,2095971.43,0,1,0
SCN_0002,R1_Mormugao_Rotterdam,Mormugao_IN,Rotterdam_NL,7800,normal,126509.0,780.0,Handysize Bulk Carrier,35000,lng,8.5,2068.23,917.65,653723.0,294175.37,808982.27,0,0,0
SCN_0002,R1_Mormugao_Rotterdam,Mormugao_IN,Rotterdam_NL,7800,normal,126509.0,780.0,Handysize Bulk Carrier,35000,lng,11.25,4795.12,693.33,1145146.3,515315.85,1417118.59,0,1,0
SCN_0002,R1_Mormugao_Rotterdam,Mormugao_IN,Rotterdam_NL,7800,normal,126509.0,780.0,Handysize Bulk Carrier,35000,lng,14.0,6000.0,557.14,1151428.6,518142.86,1424892.86,0,1,0
SCN_0002,R1_Mormugao_Rotterdam,Mormugao_IN,Rotterdam_NL,7800,normal,126509.0,780.0,Handysize Bulk Carrier,35000,methanol,8.5,2068.23,917.65,838720.9,461296.5,916688.41,0,0,0
SCN_0002,R1_Mormugao_Rotterdam,Mormugao_IN,Rotterdam_NL,7800,normal,126509.0,780.0,Handysize Bulk Carrier,35000,methanol,11.25,4795.12,693.33,1469212.7,808066.97,1605790.68,0,1,0
SCN_0002,R1_Mormugao_Rotterdam,Mormugao_IN,Rotterdam_NL,7800,normal,126509.0,780.0,Handysize Bulk Carrier,35000,methanol,14.0,6000.0,557.14,1477272.7,812500.0,1614600.0,0,1,0
SCN_0002,R1_Mormugao_Rotterdam,Mormugao_IN,Rotterdam_NL,7800,normal,126509.0,780.0,Supramax Bulk Carrier,58000,conventional,8.5,2664.88,917.65,469322.5,281593.5,1533276.6,0,0,0
SCN_0002,R1_Mormugao_Rotterdam,Mormugao_IN,Rotterdam_NL,7800,normal,126509.0,780.0,Supramax Bulk Carrier,58000,conventional,11.5,6599.55,678.26,859071.3,515442.77,2806585.88,0,1,0
SCN_0002,R1_Mormugao_Rotterdam,Mormugao_IN,Rotterdam_NL,7800,normal,126509.0,780.0,Supramax Bulk Carrier,58000,conventional,14.5,8000.0,537.93,825914.3,495548.59,2698262.07,0,1,0
SCN_0002,R1_Mormugao_Rotterdam,Mormugao_IN,Rotterdam_NL,7800,normal,126509.0,780.0,Supramax Bulk Carrier,58000,lng,8.5,2664.88,917.65,842310.4,379039.67,1042359.09,0,0,0
SCN_0002,R1_Mormugao_Rotterdam,Mormugao_IN,Rotterdam_NL,7800,normal,126509.0,780.0,Supramax Bulk Carrier,58000,lng,11.5,6599.55,678.26,1541806.9,693813.1,1907986.02,0,1,0
SCN_0002,R1_Mormugao_Rotterdam,Mormugao_IN,Rotterdam_NL,7800,normal,126509.0,780.0,Supramax Bulk Carrier,58000,lng,14.5,8000.0,537.93,1482298.9,667034.48,1834344.83,0,1,0
SCN_0002,R1_Mormugao_Rotterdam,Mormugao_IN,Rotterdam_NL,7800,normal,126509.0,780.0,Supramax Bulk Carrier,58000,methanol,8.5,2664.88,917.65,1080676.8,594372.24,1181136.52,0,0,0
SCN_0002,R1_Mormugao_Rotterdam,Mormugao_IN,Rotterdam_NL,7800,normal,126509.0,780.0,Supramax Bulk Carrier,58000,methanol,11.5,6599.55,678.26,1978124.7,1087968.57,2162011.14,0,1,0
SCN_0002,R1_Mormugao_Rotterdam,Mormugao_IN,Rotterdam_NL,7800,normal,126509.0,780.0,Supramax Bulk Carrier,58000,methanol,14.5,8000.0,537.93,1901776.4,1045977.01,2078565.52,0,1,0
SCN_0002,R1_Mormugao_Rotterdam,Mormugao_IN,Rotterdam_NL,7800,normal,126509.0,780.0,Panamax Bulk Carrier,75000,conventional,8.5,3042.88,917.65,535894.6,321536.79,1750767.81,0,0,0
SCN_0002,R1_Mormugao_Rotterdam,Mormugao_IN,Rotterdam_NL,7800,normal,126509.0,780.0,Panamax Bulk Carrier,75000,conventional,11.5,7535.67,678.26,980928.3,588556.96,3204692.64,0,1,0
SCN_0002,R1_Mormugao_Rotterdam,Mormugao_IN,Rotterdam_NL,7800,normal,126509.0,780.0,Panamax Bulk Carrier,75000,conventional,14.5,9500.0,537.93,980773.2,588463.95,3204186.21,0,1,0
SCN_0002,R1_Mormugao_Rotterdam,Mormugao_IN,Rotterdam_NL,7800,normal,126509.0,780.0,Panamax Bulk Carrier,75000,lng,8.5,3042.88,917.65,961789.9,432805.44,1190214.96,0,0,0
SCN_0002,R1_Mormugao_Rotterdam,Mormugao_IN,Rotterdam_NL,7800,normal,126509.0,780.0,Panamax Bulk Carrier,75000,lng,11.5,7535.67,678.26,1760508.1,792228.64,2178628.77,0,1,0
SCN_0002,R1_Mormugao_Rotterdam,Mormugao_IN,Rotterdam_NL,7800,normal,126509.0,780.0,Panamax Bulk Carrier,75000,lng,14.5,9500.0,537.93,1760229.9,792103.45,2178284.48,0,1,0
SCN_0002,R1_Mormugao_Rotterdam,Mormugao_IN,Rotterdam_NL,7800,normal,126509.0,780.0,Panamax Bulk Carrier,75000,methanol,8.5,3042.88,917.65,1233967.9,678682.37,1348677.6,0,0,0
SCN_0002,R1_Mormugao_Rotterdam,Mormugao_IN,Rotterdam_NL,7800,normal,126509.0,780.0,Panamax Bulk Carrier,75000,methanol,11.5,7535.67,678.26,2258716.4,1242294.02,2468686.67,0,1,0
SCN_0002,R1_Mormugao_Rotterdam,Mormugao_IN,Rotterdam_NL,7800,normal,126509.0,780.0,Panamax Bulk Carrier,75000,methanol,14.5,9500.0,537.93,2258359.5,1242097.7,2468296.55,0,1,0
SCN_0002,R1_Mormugao_Rotterdam,Mormugao_IN,Rotterdam_NL,7800,normal,126509.0,780.0,Panamax Bulk Carrier,75000,ammonia,8.5,3042.88,917.65,2129021.2,2022570.12,0.0,0,0,0
SCN_0002,R1_Mormugao_Rotterdam,Mormugao_IN,Rotterdam_NL,7800,normal,126509.0,780.0,Panamax Bulk Carrier,75000,ammonia,11.5,7535.67,678.26,3897066.4,3702213.13,0.0,0,1,0
SCN_0002,R1_Mormugao_Rotterdam,Mormugao_IN,Rotterdam_NL,7800,normal,126509.0,780.0,Panamax Bulk Carrier,75000,ammonia,14.5,9500.0,537.93,3896450.6,3701628.07,0.0,0,1,0
SCN_0002,R1_Mormugao_Rotterdam,Mormugao_IN,Rotterdam_NL,7800,normal,126509.0,780.0,Kamsarmax Bulk Carrier,82000,conventional,8.5,3196.82,917.65,563004.2,337802.5,1839334.6,0,0,0
SCN_0002,R1_Mormugao_Rotterdam,Mormugao_IN,Rotterdam_NL,7800,normal,126509.0,780.0,Kamsarmax Bulk Carrier,82000,conventional,12.0,8995.07,650.0,1122112.1,673267.26,3665940.25,0,1,0
SCN_0002,R1_Mormugao_Rotterdam,Mormugao_IN,Rotterdam_NL,7800,normal,126509.0,780.0,Kamsarmax Bulk Carrier,82000,conventional,15.5,9700.0,503.23,936813.3,562087.98,3060569.03,0,1,0
SCN_0002,R1_Mormugao_Rotterdam,Mormugao_IN,Rotterdam_NL,7800,normal,126509.0,780.0,Kamsarmax Bulk Carrier,82000,lng,8.5,3196.82,917.65,1010444.3,454699.94,1250424.84,0,0,0
SCN_0002,R1_Mormugao_Rotterdam,Mormugao_IN,Rotterdam_NL,7800,normal,126509.0,780.0,Kamsarmax Bulk Carrier,82000,lng,12.0,8995.07,650.0,2013895.9,906253.17,2492196.22,0,1,0
SCN_0002,R1_Mormugao_Rotterdam,Mormugao_IN,Rotterdam_NL,7800,normal,126509.0,780.0,Kamsarmax Bulk Carrier,82000,lng,15.5,9700.0,503.23,1681333.3,756600.0,2080650.0,0,1,0
SCN_0002,R1_Mormugao_Rotterdam,Mormugao_IN,Rotterdam_NL,7800,normal,126509.0,780.0,Kamsarmax Bulk Carrier,82000,methanol,8.5,3196.82,917.65,1296391.2,713015.14,1416903.69,0,0,0
SCN_0002,R1_Mormugao_Rotterdam,Mormugao_IN,Rotterdam_NL,7800,normal,126509.0,780.0,Kamsarmax Bulk Carrier,82000,methanol,12.0,8995.07,650.0,2583810.8,1421095.92,2824001.82,0,1,0
SCN_0002,R1_Mormugao_Rotterdam,Mormugao_IN,Rotterdam_NL,7800,normal,126509.0,780.0,Kamsarmax Bulk Carrier,82000,methanol,15.5,9700.0,503.23,2157135.9,1186424.73,2357663.23,0,1,0
SCN_0002,R1_Mormugao_Rotterdam,Mormugao_IN,Rotterdam_NL,7800,normal,126509.0,780.0,Kamsarmax Bulk Carrier,82000,ammonia,8.5,3196.82,917.65,2236722.8,2124886.68,0.0,0,0,0
SCN_0002,R1_Mormugao_Rotterdam,Mormugao_IN,Rotterdam_NL,7800,normal,126509.0,780.0,Kamsarmax Bulk Carrier,82000,ammonia,12.0,8995.07,650.0,4457966.6,4235068.27,0.0,0,1,0
SCN_0002,R1_Mormugao_Rotterdam,Mormugao_IN,Rotterdam_NL,7800,normal,126509.0,780.0,Kamsarmax Bulk Carrier,82000,ammonia,15.5,9700.0,503.23,3721804.9,3535714.69,0.0,0,1,0
SCN_0002,R1_Mormugao_Rotterdam,Mormugao_IN,Rotterdam_NL,7800,normal,126509.0,780.0,Kamsarmax Bulk Carrier,82000,hydrogen,8.5,3196.82,917.65,2685642.5,4968438.71,0.0,0,0,0
SCN_0002,R1_Mormugao_Rotterdam,Mormugao_IN,Rotterdam_NL,7800,normal,126509.0,780.0,Kamsarmax Bulk Carrier,82000,hydrogen,12.0,8995.07,650.0,5352699.3,9902493.76,0.0,0,1,0
SCN_0002,R1_Mormugao_Rotterdam,Mormugao_IN,Rotterdam_NL,7800,normal,126509.0,780.0,Kamsarmax Bulk Carrier,82000,hydrogen,15.5,9700.0,503.23,4468786.9,8267255.79,0.0,0,1,0
SCN_0002,R1_Mormugao_Rotterdam,Mormugao_IN,Rotterdam_NL,7800,normal,126509.0,780.0,Capesize Bulk Carrier,180000,conventional,8.5,5048.7,917.65,889147.8,533488.67,2904845.82,1,0,0
SCN_0002,R1_Mormugao_Rotterdam,Mormugao_IN,Rotterdam_NL,7800,normal,126509.0,780.0,Capesize Bulk Carrier,180000,conventional,12.0,14000.0,650.0,1746464.6,1047878.79,5705700.0,1,1,1
SCN_0002,R1_Mormugao_Rotterdam,Mormugao_IN,Rotterdam_NL,7800,normal,126509.0,780.0,Capesize Bulk Carrier,180000,conventional,15.5,14000.0,503.23,1352101.7,811261.0,4417316.13,1,1,1
SCN_0002,R1_Mormugao_Rotterdam,Mormugao_IN,Rotterdam_NL,7800,normal,126509.0,780.0,Capesize Bulk Carrier,180000,lng,8.5,5048.7,917.65,1595786.3,718103.83,1974785.54,1,0,0
SCN_0002,R1_Mormugao_Rotterdam,Mormugao_IN,Rotterdam_NL,7800,normal,126509.0,780.0,Capesize Bulk Carrier,180000,lng,12.0,14000.0,650.0,3134444.4,1410500.0,3878875.0,1,1,1
SCN_0002,R1_Mormugao_Rotterdam,Mormugao_IN,Rotterdam_NL,7800,normal,126509.0,780.0,Capesize Bulk Carrier,180000,lng,15.5,14000.0,503.23,2426666.7,1092000.0,3003000.0,1,1,1
SCN_0002,R1_Mormugao_Rotterdam,Mormugao_IN,Rotterdam_NL,7800,normal,126509.0,780.0,Capesize Bulk Carrier,180000,ammonia,8.5,5048.7,917.65,3532437.7,3355815.84,0.0,1,0,0
SCN_0002,R1_Mormugao_Rotterdam,Mormugao_IN,Rotterdam_NL,7800,normal,126509.0,780.0,Capesize Bulk Carrier,180000,ammonia,12.0,14000.0,650.0,6938416.4,6591495.6,0.0,1,1,1
SCN_0002,R1_Mormugao_Rotterdam,Mormugao_IN,Rotterdam_NL,7800,normal,126509.0,780.0,Capesize Bulk Carrier,180000,ammonia,15.5,14000.0,503.23,5371677.2,5103093.37,0.0,1,1,1
SCN_0002,R1_Mormugao_Rotterdam,Mormugao_IN,Rotterdam_NL,7800,normal,126509.0,780.0,Aframax Tanker,115000,conventional,8.5,3912.0,917.65,688958.9,413375.32,2250828.64,0,0,0
SCN_0002,R1_Mormugao_Rotterdam,Mormugao_IN,Rotterdam_NL,7800,normal,126509.0,780.0,Aframax Tanker,115000,conventional,11.75,10333.7,663.83,1316531.3,789918.76,4301107.67,0,1,0
SCN_0002,R1_Mormugao_Rotterdam,Mormugao_IN,Rotterdam_NL,7800,normal,126509.0,780.0,Aframax Tanker,115000,conventional,15.0,13000.0,520.0,1297373.7,778424.24,4238520.0,0,1,0
SCN_0002,R1_Mormugao_Rotterdam,Mormugao_IN,Rotterdam_NL,7800,normal,126509.0,780.0,Aframax Tanker,115000,lng,8.5,3912.0,917.65,1236499.9,556424.94,1530168.59,0,0,0
SCN_0002,R1_Mormugao_Rotterdam,Mormugao_IN,Rotterdam_NL,7800,normal,126509.0,780.0,Aframax Tanker,115000,lng,11.75,10333.7,663.83,2362827.2,1063272.23,2923998.63,0,1,0
SCN_0002,R1_Mormugao_Rotterdam,Mormugao_IN,Rotterdam_NL,7800,normal,126509.0,780.0,Aframax Tanker,115000,lng,15.0,13000.0,520.0,2328444.4,1047800.0,2881450.0,0,1,0
SCN_0002,R1_Mormugao_Rotterdam,Mormugao_IN,Rotterdam_NL,7800,normal,126509.0,780.0,Aframax Tanker,115000,ammonia,8.5,3912.0,917.65,2737120.1,2600264.14,0.0,0,0,0
SCN_0002,R1_Mormugao_Rotterdam,Mormugao_IN,Rotterdam_NL,7800,normal,126509.0,780.0,Aframax Tanker,115000,ammonia,11.75,10333.7,663.83,5230361.9,4968843.84,0.0,0,1,0
SCN_0002,R1_Mormugao_Rotterdam,Mormugao_IN,Rotterdam_NL,7800,normal,126509.0,780.0,Aframax Tanker,115000,ammonia,15.0,13000.0,520.0,5154252.2,4896539.59,0.0,0,1,0
SCN_0003,R1_Mormugao_Rotterdam,Mormugao_IN,Rotterdam_NL,7800,normal,57780.0,818.4,Handysize Bulk Carrier,35000,conventional,8.5,2016.28,917.65,355095.5,213057.27,1160096.86,0,0,0
SCN_0003,R1_Mormugao_Rotterdam,Mormugao_IN,Rotterdam_NL,7800,normal,57780.0,818.4,Handysize Bulk Carrier,35000,conventional,11.25,4674.68,693.33,622031.4,373218.84,2032176.59,0,1,0
SCN_0003,R1_Mormugao_Rotterdam,Mormugao_IN,Rotterdam_NL,7800,normal,57780.0,818.4,Handysize Bulk Carrier,35000,conventional,14.0,6000.0,557.14,641558.4,384935.06,2095971.43,0,1,0
SCN_0003,R1_Mormugao_Rotterdam,Mormugao_IN,Rotterdam_NL,7800,normal,57780.0,818.4,Handysize Bulk Carrier,35000,lng,8.5,2016.28,917.65,637302.9,286786.31,788662.34,0,0,0
SCN_0003,R1_Mormugao_Rotterdam,Mormugao_IN,Rotterdam_NL,7800,normal,57780.0,818.4,Handysize Bulk Carrier,35000,lng,11.25,4674.68,693.33,1116382.7,502372.2,1381523.56,0,1,0
SCN_0003,R1_Mormugao_Rotterdam,Mormugao_IN,Rotterdam_NL,7800,normal,57780.0,818.4,Handysize Bulk Carrier,35000,lng,14.0,6000.0,557.14,1151428.6,518142.86,1424892.86,0,1,0
SCN_0003,R1_Mormugao_Rotterdam,Mormugao_IN,Rotterdam_NL,7800,normal,57780.0,818.4,Handysize Bulk Carrier,35000,methanol,8.5,2016.28,917.65,817654.0,449709.71,893663.13,0,0,0
SCN_0003,R1_Mormugao_Rotterdam,Mormugao_IN,Rotterdam_NL,7800,normal,57780.0,818.4,Handysize Bulk Carrier,35000,methanol,11.25,4674.68,693.33,1432309.2,787770.03,1565456.61,0,1,0
SCN_0003,R1_Mormugao_Rotterdam,Mormugao_IN,Rotterdam_NL,7800,normal,57780.0,818.4,Handysize Bulk Carrier,35000,methanol,14.0,6000.0,557.14,1477272.7,812500.0,1614600.0,0,1,0
SCN_0003,R1_Mormugao_Rotterdam,Mormugao_IN,Rotterdam_NL,7800,normal,57780.0,818.4,Supramax Bulk Carrier,58000,conventional,8.5,2597.94,917.65,457534.1,274520.46,1494763.93,1,0,0
SCN_0003,R1_Mormugao_Rotterdam,Mormugao_IN,Rotterdam_NL,7800,normal,57780.0,818.4,Supramax Bulk Carrier,58000,conventional,11.5,6433.78,678.26,837493.2,502495.94,2736090.37,1,1,1
SCN_0003,R1_Mormugao_Rotterdam,Mormugao_IN,Rotterdam_NL,7800,normal,57780.0,818.4,Supramax Bulk Carrier,58000,conventional,14.5,8000.0,537.93,825914.3,495548.59,2698262.07,1,1,1
SCN_0003,R1_Mormugao_Rotterdam,Mormugao_IN,Rotterdam_NL,7800,normal,57780.0,818.4,Supramax Bulk Carrier,58000,lng,8.5,2597.94,917.65,821153.3,369518.99,1016177.23,1,0,0
SCN_0003,R1_Mormugao_Rotterdam,Mormugao_IN,Rotterdam_NL,7800,normal,57780.0,818.4,Supramax Bulk Carrier,58000,lng,11.5,6433.78,678.26,1503080.0,676385.98,1860061.44,1,1,1
SCN_0003,R1_Mormugao_Rotterdam,Mormugao_IN,Rotterdam_NL,7800,normal,57780.0,818.4,Supramax Bulk Carrier,58000,lng,14.5,8000.0,537.93,1482298.9,667034.48,1834344.83,1,1,1
SCN_0003,R1_Mormugao_Rotterdam,Mormugao_IN,Rotterdam_NL,7800,normal,57780.0,818.4,Supramax Bulk Carrier,58000,methanol,8.5,2597.94,917.65,1053532.5,579442.87,1151468.86,1,0,0
SCN_0003,R1_Mormugao_Rotterdam,Mormugao_IN,Rotterdam_NL,7800,normal,57780.0,818.4,Supramax Bulk Carrier,58000,methanol,11.5,6433.78,678.26,1928438.4,1060641.09,2107705.98,1,1,1
SCN_0003,R1_Mormugao_Rotterdam,Mormugao_IN,Rotterdam_NL,7800,normal,57780.0,818.4,Supramax Bulk Carrier,58000,methanol,14.5,8000.0,537.93,1901776.4,1045977.01,2078565.52,1,1,1
SCN_0003,R1_Mormugao_Rotterdam,Mormugao_IN,Rotterdam_NL,7800,normal,57780.0,818.4,Panamax Bulk Carrier,75000,conventional,8.5,2966.45,917.65,522434.1,313460.46,1706792.22,1,0,0
SCN_0003,R1_Mormugao_Rotterdam,Mormugao_IN,Rotterdam_NL,7800,normal,57780.0,818.4,Panamax Bulk Carrier,75000,conventional,11.5,7346.39,678.26,956289.4,573773.65,3124197.53,1,1,1
SCN_0003,R1_Mormugao_Rotterdam,Mormugao_IN,Rotterdam_NL,7800,normal,57780.0,818.4,Panamax Bulk Carrier,75000,conventional,14.5,9500.0,537.93,980773.2,588463.95,3204186.21,1,1,1
SCN_0003,R1_Mormugao_Rotterdam,Mormugao_IN,Rotterdam_NL,7800,normal,57780.0,818.4,Panamax Bulk Carrier,75000,lng,8.5,2966.45,917.65,937631.7,421934.28,1160319.27,1,0,0
SCN_0003,R1_Mormugao_Rotterdam,Mormugao_IN,Rotterdam_NL,7800,normal,57780.0,818.4,Panamax Bulk Carrier,75000,lng,11.5,7346.39,678.26,1716287.8,772329.53,2123906.21,1,1,1
SCN_0003,R1_Mormugao_Rotterdam,Mormugao_IN,Rotterdam_NL,7800,normal,57780.0,818.4,Panamax Bulk Carrier,75000,lng,14.5,9500.0,537.93,1760229.9,792103.45,2178284.48,1,1,1
SCN_0003,R1_Mormugao_Rotterdam,Mormugao_IN,Rotterdam_NL,7800,normal,57780.0,818.4,Panamax Bulk Carrier,75000,methanol,8.5,2966.45,917.65,1202973.3,661635.3,1314801.66,1,0,0
SCN_0003,R1_Mormugao_Rotterdam,Mormugao_IN,Rotterdam_NL,7800,normal,57780.0,818.4,Panamax Bulk Carrier,75000,methanol,11.5,7346.39,678.26,2201982.2,1211090.22,2406678.48,1,1,1
SCN_0003,R1_Mormugao_Rotterdam,Mormugao_IN,Rotterdam_NL,7800,normal,57780.0,818.4,Panamax Bulk Carrier,75000,methanol,14.5,9500.0,537.93,2258359.5,1242097.7,2468296.55,1,1,1
SCN_0003,R1_Mormugao_Rotterdam,Mormugao_IN,Rotterdam_NL,7800,normal,57780.0,818.4,Panamax Bulk Carrier,75000,ammonia,8.5,2966.45,917.65,2075544.7,1971767.43,0.0,1,0,0
SCN_0003,R1_Mormugao_Rotterdam,Mormugao_IN,Rotterdam_NL,7800,normal,57780.0,818.4,Panamax Bulk Carrier,75000,ammonia,11.5,7346.39,678.26,3799180.4,3609221.35,0.0,1,1,1
SCN_0003,R1_Mormugao_Rotterdam,Mormugao_IN,Rotterdam_NL,7800,normal,57780.0,818.4,Panamax Bulk Carrier,75000,ammonia,14.5,9500.0,537.93,3896450.6,3701628.07,0.0,1,1,1
SCN_0003,R1_Mormugao_Rotterdam,Mormugao_IN,Rotterdam_NL,7800,normal,57780.0,818.4,Kamsarmax Bulk Carrier,82000,conventional,8.5,3116.52,917.65,548862.7,329317.61,1793134.4,1,0,0
SCN_0003,R1_Mormugao_Rotterdam,Mormugao_IN,Rotterdam_NL,7800,normal,57780.0,818.4,Kamsarmax Bulk Carrier,82000,conventional,12.0,8769.13,650.0,1093927.0,656356.21,3573859.57,1,1,1
SCN_0003,R1_Mormugao_Rotterdam,Mormugao_IN,Rotterdam_NL,7800,normal,57780.0,818.4,Kamsarmax Bulk Carrier,82000,conventional,15.5,9700.0,503.23,936813.3,562087.98,3060569.03,1,1,1
SCN_0003,R1_Mormugao_Rotterdam,Mormugao_IN,Rotterdam_NL,7800,normal,57780.0,818.4,Kamsarmax Bulk Carrier,82000,lng,8.5,3116.52,917.65,985064.1,443278.84,1219016.81,1,0,0
SCN_0003,R1_Mormugao_Rotterdam,Mormugao_IN,Rotterdam_NL,7800,normal,57780.0,818.4,Kamsarmax Bulk Carrier,82000,lng,12.0,8769.13,650.0,1963311.1,883490.0,2429597.51,1,1,1
SCN_0003,R1_Mormugao_Rotterdam,Mormugao_IN,Rotterdam_NL,7800,normal,57780.0,818.4,Kamsarmax Bulk Carrier,82000,lng,15.5,9700.0,503.23,1681333.3,756600.0,2080650.0,1,1,1
SCN_0003,R1_Mormugao_Rotterdam,Mormugao_IN,Rotterdam_NL,7800,normal,57780.0,818.4,Kamsarmax Bulk Carrier,82000,methanol,8.5,3116.52,917.65,1263828.6,695105.71,1381314.06,1,0,0
SCN_0003,R1_Mormugao_Rotterdam,Mormugao_IN,Rotterdam_NL,7800,normal,57780.0,818.4,Kamsarmax Bulk Carrier,82000,methanol,12.0,8769.13,650.0,2518910.9,1385400.99,2753068.85,1,1,1
SCN_0003,R1_Mormugao_Rotterdam,Mormugao_IN,Rotterdam_NL,7800,normal,57780.0,818.4,Kamsarmax Bulk Carrier,82000,methanol,15.5,9700.0,503.23,2157135.9,1186424.73,2357663.23,1,1,1
SCN_0003,R1_Mormugao_Rotterdam,Mormugao_IN,Rotterdam_NL,7800,normal,57780.0,818.4,Kamsarmax Bulk Carrier,82000,ammonia,8.5,3116.52,917.65,2180541.1,2071514.02,0.0,1,0,0
SCN_0003,R1_Mormugao_Rotterdam,Mormugao_IN,Rotterdam_NL,7800,normal,57780.0,818.4,Kamsarmax Bulk Carrier,82000,ammonia,12.0,8769.13,650.0,4345991.9,4128692.29,0.0,1,1,1
SCN_0003,R1_Mormugao_Rotterdam,Mormugao_IN,Rotterdam_NL,7800,normal,57780.0,818.4,Kamsarmax Bulk Carrier,82000,ammonia,15.5,9700.0,503.23,3721804.9,3535714.69,0.0,1,1,1
SCN_0003,R1_Mormugao_Rotterdam,Mormugao_IN,Rotterdam_NL,7800,normal,57780.0,818.4,Kamsarmax Bulk Carrier,82000,hydrogen,8.5,3116.52,917.65,2618184.9,4843642.02,0.0,1,0,0
SCN_0003,R1_Mormugao_Rotterdam,Mormugao_IN,Rotterdam_NL,7800,normal,57780.0,818.4,Kamsarmax Bulk Carrier,82000,hydrogen,12.0,8769.13,650.0,5218250.8,9653764.03,0.0,1,1,1
SCN_0003,R1_Mormugao_Rotterdam,Mormugao_IN,Rotterdam_NL,7800,normal,57780.0,818.4,Kamsarmax Bulk Carrier,82000,hydrogen,15.5,9700.0,503.23,4468786.9,8267255.79,0.0,1,1,1
SCN_0003,R1_Mormugao_Rotterdam,Mormugao_IN,Rotterdam_NL,7800,normal,57780.0,818.4,Capesize Bulk Carrier,180000,conventional,8.5,4921.89,917.65,866814.3,520088.56,2831882.23,1,0,0
SCN_0003,R1_Mormugao_Rotterdam,Mormugao_IN,Rotterdam_NL,7800,normal,57780.0,818.4,Capesize Bulk Carrier,180000,conventional,12.0,13849.02,650.0,1727629.8,1036577.9,5644166.65,1,1,1
SCN_0003,R1_Mormugao_Rotterdam,Mormugao_IN,Rotterdam_NL,7800,normal,57780.0,818.4,Capesize Bulk Carrier,180000,conventional,15.5,14000.0,503.23,1352101.7,811261.0,4417316.13,1,1,1
SCN_0003,R1_Mormugao_Rotterdam,Mormugao_IN,Rotterdam_NL,7800,normal,57780.0,818.4,Capesize Bulk Carrier,180000,lng,8.5,4921.89,917.65,1555703.5,700066.58,1925183.09,1,0,0
SCN_0003,R1_Mormugao_Rotterdam,Mormugao_IN,Rotterdam_NL,7800,normal,57780.0,818.4,Capesize Bulk Carrier,180000,lng,12.0,13849.02,650.0,3100640.9,1395288.41,3837043.12,1,1,1
SCN_0003,R1_Mormugao_Rotterdam,Mormugao_IN,Rotterdam_NL,7800,normal,57780.0,818.4,Capesize Bulk Carrier,180000,lng,15.5,14000.0,503.23,2426666.7,1092000.0,3003000.0,1,1,1
SCN_0003,R1_Mormugao_Rotterdam,Mormugao_IN,Rotterdam_NL,7800,normal,57780.0,818.4,Capesize Bulk Carrier,180000,ammonia,8.5,4921.89,917.65,3443710.4,3271524.83,0.0,1,0,0
SCN_0003,R1_Mormugao_Rotterdam,Mormugao_IN,Rotterdam_NL,7800,normal,57780.0,818.4,Capesize Bulk Carrier,180000,ammonia,12.0,13849.02,650.0,6863588.8,6520409.36,0.0,1,1,1
SCN_0003,R1_Mormugao_Rotterdam,Mormugao_IN,Rotterdam_NL,7800,normal,57780.0,818.4,Capesize Bulk Carrier,180000,ammonia,15.5,14000.0,503.23,5371677.2,5103093.37,0.0,1,1,1
SCN_0003,R1_Mormugao_Rotterdam,Mormugao_IN,Rotterdam_NL,7800,normal,57780.0,818.4,Aframax Tanker,115000,conventional,8.5,3813.74,917.65,671653.7,402992.21,2194292.58,1,0,0
SCN_0003,R1_Mormugao_Rotterdam,Mormugao_IN,Rotterdam_NL,7800,normal,57780.0,818.4,Aframax Tanker,115000,conventional,11.75,10074.14,663.83,1283462.8,770077.67,4193072.93,1,1,1
SCN_0003,R1_Mormugao_Rotterdam,Mormugao_IN,Rotterdam_NL,7800,normal,57780.0,818.4,Aframax Tanker,115000,conventional,15.0,13000.0,520.0,1297373.7,778424.24,4238520.0,1,1,1
SCN_0003,R1_Mormugao_Rotterdam,Mormugao_IN,Rotterdam_NL,7800,normal,57780.0,818.4,Aframax Tanker,115000,lng,8.5,3813.74,917.65,1205441.6,542448.72,1491733.99,1,0,0
SCN_0003,R1_Mormugao_Rotterdam,Mormugao_IN,Rotterdam_NL,7800,normal,57780.0,818.4,Aframax Tanker,115000,lng,11.75,10074.14,663.83,2303478.0,1036565.08,2850553.96,1,1,1
SCN_0003,R1_Mormugao_Rotterdam,Mormugao_IN,Rotterdam_NL,7800,normal,57780.0,818.4,Aframax Tanker,115000,lng,15.0,13000.0,520.0,2328444.4,1047800.0,2881450.0,1,1,1
SCN_0003,R1_Mormugao_Rotterdam,Mormugao_IN,Rotterdam_NL,7800,normal,57780.0,818.4,Aframax Tanker,115000,ammonia,8.5,3813.74,917.65,2668369.5,2534950.99,0.0,1,0,0
SCN_0003,R1_Mormugao_Rotterdam,Mormugao_IN,Rotterdam_NL,7800,normal,57780.0,818.4,Aframax Tanker,115000,ammonia,11.75,10074.14,663.83,5098986.3,4844036.97,0.0,1,1,1
SCN_0003,R1_Mormugao_Rotterdam,Mormugao_IN,Rotterdam_NL,7800,normal,57780.0,818.4,Aframax Tanker,115000,ammonia,15.0,13000.0,520.0,5154252.2,4896539.59,0.0,1,1,1
SCN_0004,R1_Mormugao_Rotterdam,Mormugao_IN,Rotterdam_NL,7800,bad_weather,146035.0,866.4,Supramax Bulk Carrier,58000,conventional,8.5,3055.04,917.65,538035.2,322821.1,1757760.89,0,0,0
SCN_0004,R1_Mormugao_Rotterdam,Mormugao_IN,Rotterdam_NL,7800,bad_weather,146035.0,866.4,Supramax Bulk Carrier,58000,conventional,11.5,7565.77,678.26,984846.4,590907.83,3217493.12,0,1,0
SCN_0004,R1_Mormugao_Rotterdam,Mormugao_IN,Rotterdam_NL,7800,bad_weather,146035.0,866.4,Supramax Bulk Carrier,58000,conventional,14.5,8000.0,537.93,825914.3,495548.59,2698262.07,0,1,0
SCN_0004,R1_Mormugao_Rotterdam,Mormugao_IN,Rotterdam_NL,7800,bad_weather,146035.0,866.4,Supramax Bulk Carrier,58000,lng,8.5,3055.04,917.65,965631.5,434534.19,1194969.03,0,0,0
SCN_0004,R1_Mormugao_Rotterdam,Mormugao_IN,Rotterdam_NL,7800,bad_weather,146035.0,866.4,Supramax Bulk Carrier,58000,lng,11.5,7565.77,678.26,1767540.1,795393.04,2187330.85,0,1,0
SCN_0004,R1_Mormugao_Rotterdam,Mormugao_IN,Rotterdam_NL,7800,bad_weather,146035.0,866.4,Supramax Bulk Carrier,58000,lng,14.5,8000.0,537.93,1482298.9,667034.48,1834344.83,0,1,0
SCN_0004,R1_Mormugao_Rotterdam,Mormugao_IN,Rotterdam_NL,7800,bad_weather,146035.0,866.4,Supramax Bulk Carrier,58000,methanol,8.5,3055.04,917.65,1238896.8,681393.22,1354064.61,0,0,0
SCN_0004,R1_Mormugao_Rotterdam,Mormugao_IN,Rotterdam_NL,7800,bad_weather,146035.0,866.4,Supramax Bulk Carrier,58000,methanol,11.5,7565.77,678.26,2267738.4,1247256.11,2478547.33,0,1,0
SCN_0004,R1_Mormugao_Rotterdam,Mormugao_IN,Rotterdam_NL,7800,bad_weather,146035.0,866.4,Supramax Bulk Carrier,58000,methanol,14.5,8000.0,537.93,1901776.4,1045977.01,2078565.52,0,1,0
SCN_0004,R1_Mormugao_Rotterdam,Mormugao_IN,Rotterdam_NL,7800,bad_weather,146035.0,866.4,Panamax Bulk Carrier,75000,conventional,8.5,3488.39,917.65,614354.0,368612.42,2007094.61,0,0,0
SCN_0004,R1_Mormugao_Rotterdam,Mormugao_IN,Rotterdam_NL,7800,bad_weather,146035.0,866.4,Panamax Bulk Carrier,75000,conventional,11.5,8638.96,678.26,1124544.2,674726.53,3673885.98,0,1,0
SCN_0004,R1_Mormugao_Rotterdam,Mormugao_IN,Rotterdam_NL,7800,bad_weather,146035.0,866.4,Panamax Bulk Carrier,75000,conventional,14.5,9500.0,537.93,980773.2,588463.95,3204186.21,0,1,0
SCN_0004,R1_Mormugao_Rotterdam,Mormugao_IN,Rotterdam_NL,7800,bad_weather,146035.0,866.4,Panamax Bulk Carrier,75000,lng,8.5,3488.39,917.65,1102603.8,496171.71,1364472.21,0,0,0
SCN_0004,R1_Mormugao_Rotterdam,Mormugao_IN,Rotterdam_NL,7800,bad_weather,146035.0,866.4,Panamax Bulk Carrier,75000,lng,11.5,8638.96,678.26,2018260.9,908217.43,2497597.92,0,1,0
SCN_0004,R1_Mormugao_Rotterdam,Mormugao_IN,Rotterdam_NL,7800,bad_weather,146035.0,866.4,Panamax Bulk Carrier,75000,lng,14.5,9500.0,537.93,1760229.9,792103.45,2178284.48,0,1,0
SCN_0004,R1_Mormugao_Rotterdam,Mormugao_IN,Rotterdam_NL,7800,bad_weather,146035.0,866.4,Panamax Bulk Carrier,75000,methanol,8.5,3488.39,917.65,1414631.0,778047.04,1546135.08,0,0,0
SCN_0004,R1_Mormugao_Rotterdam,Mormugao_IN,Rotterdam_NL,7800,bad_weather,146035.0,866.4,Panamax Bulk Carrier,75000,methanol,11.5,8638.96,678.26,2589411.0,1424176.07,2830122.69,0,1,0
SCN_0004,R1_Mormugao_Rotterdam,Mormugao_IN,Rotterdam_NL,7800,bad_weather,146035.0,866.4,Panamax Bulk Carrier,75000,methanol,14.5,9500.0,537.93,2258359.5,1242097.7,2468296.55,0,1,0
SCN_0004,R1_Mormugao_Rotterdam,Mormugao_IN,Rotterdam_NL,7800,bad_weather,146035.0,866.4,Panamax Bulk Carrier,75000,ammonia,8.5,3488.39,917.65,2440727.4,2318691.01,0.0,0,0,0
SCN_0004,R1_Mormugao_Rotterdam,Mormugao_IN,Rotterdam_NL,7800,bad_weather,146035.0,866.4,Panamax Bulk Carrier,75000,ammonia,11.5,8638.96,678.26,4467629.0,4244247.56,0.0,0,1,0
SCN_0004,R1_Mormugao_Rotterdam,Mormugao_IN,Rotterdam_NL,7800,bad_weather,146035.0,866.4,Panamax Bulk Carrier,75000,ammonia,14.5,9500.0,537.93,3896450.6,3701628.07,0.0,0,1,0
SCN_0004,R1_Mormugao_Rotterdam,Mormugao_IN,Rotterdam_NL,7800,bad_weather,146035.0,866.4,Kamsarmax Bulk Carrier,82000,conventional,8.5,3664.86,917.65,645432.6,387259.56,2108628.3,0,0,0
SCN_0004,R1_Mormugao_Rotterdam,Mormugao_IN,Rotterdam_NL,7800,bad_weather,146035.0,866.4,Kamsarmax Bulk Carrier,82000,conventional,12.0,9700.0,650.0,1210050.5,726030.3,3953235.0,0,1,0
SCN_0004,R1_Mormugao_Rotterdam,Mormugao_IN,Rotterdam_NL,7800,bad_weather,146035.0,866.4,Kamsarmax Bulk Carrier,82000,conventional,15.5,9700.0,503.23,936813.3,562087.98,3060569.03,0,1,0
SCN_0004,R1_Mormugao_Rotterdam,Mormugao_IN,Rotterdam_NL,7800,bad_weather,146035.0,866.4,Kamsarmax Bulk Carrier,82000,lng,8.5,3664.86,917.65,1158381.7,521271.75,1433497.31,0,0,0
SCN_0004,R1_Mormugao_Rotterdam,Mormugao_IN,Rotterdam_NL,7800,bad_weather,146035.0,866.4,Kamsarmax Bulk Carrier,82000,lng,12.0,9700.0,650.0,2171722.2,977275.0,2687506.25,0,1,0
SCN_0004,R1_Mormugao_Rotterdam,Mormugao_IN,Rotterdam_NL,7800,bad_weather,146035.0,866.4,Kamsarmax Bulk Carrier,82000,lng,15.5,9700.0,503.23,1681333.3,756600.0,2080650.0,0,1,0
SCN_0004,R1_Mormugao_Rotterdam,Mormugao_IN,Rotterdam_NL,7800,bad_weather,146035.0,866.4,Kamsarmax Bulk Carrier,82000,methanol,8.5,3664.86,917.65,1486193.5,817406.42,1624350.03,0,0,0
SCN_0004,R1_Mormugao_Rotterdam,Mormugao_IN,Rotterdam_NL,7800,bad_weather,146035.0,866.4,Kamsarmax Bulk Carrier,82000,methanol,12.0,9700.0,650.0,2786300.5,1532465.28,3045315.0,0,1,0
SCN_0004,R1_Mormugao_Rotterdam,Mormugao_IN,Rotterdam_NL,7800,bad_weather,146035.0,866.4,Kamsarmax Bulk Carrier,82000,methanol,15.5,9700.0,503.23,2157135.9,1186424.73,2357663.23,0,1,0
SCN_0004,R1_Mormugao_Rotterdam,Mormugao_IN,Rotterdam_NL,7800,bad_weather,146035.0,866.4,Kamsarmax Bulk Carrier,82000,ammonia,8.5,3664.86,917.65,2564197.4,2435987.56,0.0,0,0,0
SCN_0004,R1_Mormugao_Rotterdam,Mormugao_IN,Rotterdam_NL,7800,bad_weather,146035.0,866.4,Kamsarmax Bulk Carrier,82000,ammonia,12.0,9700.0,650.0,4807331.4,4566964.81,0.0,0,1,0
SCN_0004,R1_Mormugao_Rotterdam,Mormugao_IN,Rotterdam_NL,7800,bad_weather,146035.0,866.4,Kamsarmax Bulk Carrier,82000,ammonia,15.5,9700.0,503.23,3721804.9,3535714.69,0.0,0,1,0
SCN_0004,R1_Mormugao_Rotterdam,Mormugao_IN,Rotterdam_NL,7800,bad_weather,146035.0,866.4,Kamsarmax Bulk Carrier,82000,hydrogen,8.5,3664.86,917.65,3078842.7,5695858.97,0.0,0,0,0
SCN_0004,R1_Mormugao_Rotterdam,Mormugao_IN,Rotterdam_NL,7800,bad_weather,146035.0,866.4,Kamsarmax Bulk Carrier,82000,hydrogen,12.0,9700.0,650.0,5772183.1,10678538.73,0.0,0,1,0
SCN_0004,R1_Mormugao_Rotterdam,Mormugao_IN,Rotterdam_NL,7800,bad_weather,146035.0,866.4,Kamsarmax Bulk Carrier,82000,hydrogen,15.5,9700.0,503.23,4468786.9,8267255.79,0.0,0,1,0
SCN_0004,R1_Mormugao_Rotterdam,Mormugao_IN,Rotterdam_NL,7800,bad_weather,146035.0,866.4,Capesize Bulk Carrier,180000,conventional,8.5,5787.88,917.65,1019326.3,611595.8,3330139.12,1,0,0
SCN_0004,R1_Mormugao_Rotterdam,Mormugao_IN,Rotterdam_NL,7800,bad_weather,146035.0,866.4,Capesize Bulk Carrier,180000,conventional,12.0,14000.0,650.0,1746464.6,1047878.79,5705700.0,1,1,1
SCN_0004,R1_Mormugao_Rotterdam,Mormugao_IN,Rotterdam_NL,7800,bad_weather,146035.0,866.4,Capesize Bulk Carrier,180000,conventional,15.5,14000.0,503.23,1352101.7,811261.0,4417316.13,1,1,1
SCN_0004,R1_Mormugao_Rotterdam,Mormugao_IN,Rotterdam_NL,7800,bad_weather,146035.0,866.4,Capesize Bulk Carrier,180000,lng,8.5,5787.88,917.65,1829422.5,823240.13,2263910.37,1,0,0
SCN_0004,R1_Mormugao_Rotterdam,Mormugao_IN,Rotterdam_NL,7800,bad_weather,146035.0,866.4,Capesize Bulk Carrier,180000,lng,12.0,14000.0,650.0,3134444.4,1410500.0,3878875.0,1,1,1
SCN_0004,R1_Mormugao_Rotterdam,Mormugao_IN,Rotterdam_NL,7800,bad_weather,146035.0,866.4,Capesize Bulk Carrier,180000,lng,15.5,14000.0,503.23,2426666.7,1092000.0,3003000.0,1,1,1
SCN_0004,R1_Mormugao_Rotterdam,Mormugao_IN,Rotterdam_NL,7800,bad_weather,146035.0,866.4,Capesize Bulk Carrier,180000,ammonia,8.5,5787.88,917.65,4049615.6,3847134.86,0.0,1,0,0
SCN_0004,R1_Mormugao_Rotterdam,Mormugao_IN,Rotterdam_NL,7800,bad_weather,146035.0,866.4,Capesize Bulk Carrier,180000,ammonia,12.0,14000.0,650.0,6938416.4,6591495.6,0.0,1,1,1
SCN_0004,R1_Mormugao_Rotterdam,Mormugao_IN,Rotterdam_NL,7800,bad_weather,146035.0,866.4,Capesize Bulk Carrier,180000,ammonia,15.5,14000.0,503.23,5371677.2,5103093.37,0.0,1,1,1
SCN_0004,R1_Mormugao_Rotterdam,Mormugao_IN,Rotterdam_NL,7800,bad_weather,146035.0,866.4,Aframax Tanker,115000,conventional,8.5,4484.75,917.65,789828.1,473896.87,2580368.45,0,0,0
SCN_0004,R1_Mormugao_Rotterdam,Mormugao_IN,Rotterdam_NL,7800,bad_weather,146035.0,866.4,Aframax Tanker,115000,conventional,11.75,11846.64,663.83,1509282.3,905569.36,4930825.18,0,1,0
SCN_0004,R1_Mormugao_Rotterdam,Mormugao_IN,Rotterdam_NL,7800,bad_weather,146035.0,866.4,Aframax Tanker,115000,conventional,15.0,13000.0,520.0,1297373.7,778424.24,4238520.0,0,1,0
SCN_0004,R1_Mormugao_Rotterdam,Mormugao_IN,Rotterdam_NL,7800,bad_weather,146035.0,866.4,Aframax Tanker,115000,lng,8.5,4484.75,917.65,1417533.6,637890.13,1754197.85,0,0,0
SCN_0004,R1_Mormugao_Rotterdam,Mormugao_IN,Rotterdam_NL,7800,bad_weather,146035.0,866.4,Aframax Tanker,115000,lng,11.75,11846.64,663.83,2708764.5,1218944.02,3352096.07,0,1,0
SCN_0004,R1_Mormugao_Rotterdam,Mormugao_IN,Rotterdam_NL,7800,bad_weather,146035.0,866.4,Aframax Tanker,115000,lng,15.0,13000.0,520.0,2328444.4,1047800.0,2881450.0,0,1,0
SCN_0004,R1_Mormugao_Rotterdam,Mormugao_IN,Rotterdam_NL,7800,bad_weather,146035.0,866.4,Aframax Tanker,115000,ammonia,8.5,4484.75,917.65,3137857.0,2980964.17,0.0,0,0,0
SCN_0004,R1_Mormugao_Rotterdam,Mormugao_IN,Rotterdam_NL,7800,bad_weather,146035.0,866.4,Aframax Tanker,115000,ammonia,11.75,11846.64,663.83,5996129.9,5696323.41,0.0,0,1,0
SCN_0004,R1_Mormugao_Rotterdam,Mormugao_IN,Rotterdam_NL,7800,bad_weather,146035.0,866.4,Aframax Tanker,115000,ammonia,15.0,13000.0,520.0,5154252.2,4896539.59,0.0,0,1,0
SCN_0005,R2_Paradip_Qingdao,Paradip_IN,Qingdao_CN,3600,high_wave_wind,141552.0,300.0,Supramax Bulk Carrier,58000,conventional,8.5,2884.91,423.53,234495.7,140697.41,766097.42,0,0,0
SCN_0005,R2_Paradip_Qingdao,Paradip_IN,Qingdao_CN,3600,high_wave_wind,141552.0,300.0,Supramax Bulk Carrier,58000,conventional,11.5,7144.46,313.04,429232.6,257539.56,1402302.89,0,0,0
SCN_0005,R2_Paradip_Qingdao,Paradip_IN,Qingdao_CN,3600,high_wave_wind,141552.0,300.0,Supramax Bulk Carrier,58000,conventional,14.5,8000.0,248.28,381191.2,228714.73,1245351.72,0,1,0
SCN_0005,R2_Paradip_Qingdao,Paradip_IN,Qingdao_CN,3600,high_wave_wind,141552.0,300.0,Supramax Bulk Carrier,58000,lng,8.5,2884.91,423.53,420858.1,189386.12,520811.84,0,0,0
SCN_0005,R2_Paradip_Qingdao,Paradip_IN,Qingdao_CN,3600,high_wave_wind,141552.0,300.0,Supramax Bulk Carrier,58000,lng,11.5,7144.46,313.04,770359.6,346661.8,953319.95,0,0,0
SCN_0005,R2_Paradip_Qingdao,Paradip_IN,Qingdao_CN,3600,high_wave_wind,141552.0,300.0,Supramax Bulk Carrier,58000,lng,14.5,8000.0,248.28,684137.9,307862.07,846620.69,0,1,0
SCN_0005,R2_Paradip_Qingdao,Paradip_IN,Qingdao_CN,3600,high_wave_wind,141552.0,300.0,Supramax Bulk Carrier,58000,methanol,8.5,2884.91,423.53,539957.2,296976.45,590151.6,0,0,0
SCN_0005,R2_Paradip_Qingdao,Paradip_IN,Qingdao_CN,3600,high_wave_wind,141552.0,300.0,Supramax Bulk Carrier,58000,methanol,11.5,7144.46,313.04,988364.5,543600.49,1080242.89,0,0,0
SCN_0005,R2_Paradip_Qingdao,Paradip_IN,Qingdao_CN,3600,high_wave_wind,141552.0,300.0,Supramax Bulk Carrier,58000,methanol,14.5,8000.0,248.28,877742.9,482758.62,959337.93,0,1,0
SCN_0005,R2_Paradip_Qingdao,Paradip_IN,Qingdao_CN,3600,high_wave_wind,141552.0,300.0,Panamax Bulk Carrier,75000,conventional,8.5,3294.13,423.53,267758.3,160654.97,874766.3,0,0,0
SCN_0005,R2_Paradip_Qingdao,Paradip_IN,Qingdao_CN,3600,high_wave_wind,141552.0,300.0,Panamax Bulk Carrier,75000,conventional,11.5,8157.89,313.04,490118.1,294070.86,1601215.83,0,0,0
SCN_0005,R2_Paradip_Qingdao,Paradip_IN,Qingdao_CN,3600,high_wave_wind,141552.0,300.0,Panamax Bulk Carrier,75000,conventional,14.5,9500.0,248.28,452664.6,271598.75,1478855.17,0,1,0
SCN_0005,R2_Paradip_Qingdao,Paradip_IN,Qingdao_CN,3600,high_wave_wind,141552.0,300.0,Panamax Bulk Carrier,75000,lng,8.5,3294.13,423.53,480555.7,216250.04,594687.62,0,0,0
SCN_0005,R2_Paradip_Qingdao,Paradip_IN,Qingdao_CN,3600,high_wave_wind,141552.0,300.0,Panamax Bulk Carrier,75000,lng,11.5,8157.89,313.04,879633.0,395834.85,1088545.85,0,0,0
SCN_0005,R2_Paradip_Qingdao,Paradip_IN,Qingdao_CN,3600,high_wave_wind,141552.0,300.0,Panamax Bulk Carrier,75000,lng,14.5,9500.0,248.28,812413.8,365586.21,1005362.07,0,1,0
SCN_0005,R2_Paradip_Qingdao,Paradip_IN,Qingdao_CN,3600,high_wave_wind,141552.0,300.0,Panamax Bulk Carrier,75000,methanol,8.5,3294.13,423.53,616548.7,339101.77,673863.04,0,0,0
SCN_0005,R2_Paradip_Qingdao,Paradip_IN,Qingdao_CN,3600,high_wave_wind,141552.0,300.0,Panamax Bulk Carrier,75000,methanol,11.5,8157.89,313.04,1128561.4,620708.78,1233472.48,0,0,0
SCN_0005,R2_Paradip_Qingdao,Paradip_IN,Qingdao_CN,3600,high_wave_wind,141552.0,300.0,Panamax Bulk Carrier,75000,methanol,14.5,9500.0,248.28,1042319.7,573275.86,1139213.79,0,1,0
SCN_0005,R2_Paradip_Qingdao,Paradip_IN,Qingdao_CN,3600,high_wave_wind,141552.0,300.0,Panamax Bulk Carrier,75000,ammonia,8.5,3294.13,423.53,1063759.6,1010571.58,0.0,0,0,0
SCN_0005,R2_Paradip_Qingdao,Paradip_IN,Qingdao_CN,3600,high_wave_wind,141552.0,300.0,Panamax Bulk Carrier,75000,ammonia,11.5,8157.89,313.04,1947158.5,1849800.57,0.0,0,0,0
SCN_0005,R2_Paradip_Qingdao,Paradip_IN,Qingdao_CN,3600,high_wave_wind,141552.0,300.0,Panamax Bulk Carrier,75000,ammonia,14.5,9500.0,248.28,1798361.8,1708443.73,0.0,0,1,0
SCN_0005,R2_Paradip_Qingdao,Paradip_IN,Qingdao_CN,3600,high_wave_wind,141552.0,300.0,Kamsarmax Bulk Carrier,82000,conventional,8.5,3460.77,423.53,281303.5,168782.09,919018.46,0,0,0
SCN_0005,R2_Paradip_Qingdao,Paradip_IN,Qingdao_CN,3600,high_wave_wind,141552.0,300.0,Kamsarmax Bulk Carrier,82000,conventional,12.0,9700.0,300.0,558484.8,335090.91,1824570.0,0,1,0
SCN_0005,R2_Paradip_Qingdao,Paradip_IN,Qingdao_CN,3600,high_wave_wind,141552.0,300.0,Kamsarmax Bulk Carrier,82000,conventional,15.5,9700.0,232.26,432375.4,259425.22,1412570.32,0,1,0
SCN_0005,R2_Paradip_Qingdao,Paradip_IN,Qingdao_CN,3600,high_wave_wind,141552.0,300.0,Kamsarmax Bulk Carrier,82000,lng,8.5,3460.77,423.53,504865.7,227189.57,624771.32,0,0,0
SCN_0005,R2_Paradip_Qingdao,Paradip_IN,Qingdao_CN,3600,high_wave_wind,141552.0,300.0,Kamsarmax Bulk Carrier,82000,lng,12.0,9700.0,300.0,1002333.3,451050.0,1240387.5,0,1,0
SCN_0005,R2_Paradip_Qingdao,Paradip_IN,Qingdao_CN,3600,high_wave_wind,141552.0,300.0,Kamsarmax Bulk Carrier,82000,lng,15.5,9700.0,232.26,776000.0,349200.0,960300.0,0,1,0
SCN_0005,R2_Paradip_Qingdao,Paradip_IN,Qingdao_CN,3600,high_wave_wind,141552.0,300.0,Kamsarmax Bulk Carrier,82000,methanol,8.5,3460.77,423.53,647738.3,356256.05,707952.02,0,0,0
SCN_0005,R2_Paradip_Qingdao,Paradip_IN,Qingdao_CN,3600,high_wave_wind,141552.0,300.0,Kamsarmax Bulk Carrier,82000,methanol,12.0,9700.0,300.0,1285984.8,707291.67,1405530.0,0,1,0
SCN_0005,R2_Paradip_Qingdao,Paradip_IN,Qingdao_CN,3600,high_wave_wind,141552.0,300.0,Kamsarmax Bulk Carrier,82000,methanol,15.5,9700.0,232.26,995601.2,547580.65,1088152.26,0,1,0
SCN_0005,R2_Paradip_Qingdao,Paradip_IN,Qingdao_CN,3600,high_wave_wind,141552.0,300.0,Kamsarmax Bulk Carrier,82000,ammonia,8.5,3460.77,423.53,1117572.4,1061693.76,0.0,0,0,0
SCN_0005,R2_Paradip_Qingdao,Paradip_IN,Qingdao_CN,3600,high_wave_wind,141552.0,300.0,Kamsarmax Bulk Carrier,82000,ammonia,12.0,9700.0,300.0,2218768.3,2107829.91,0.0,0,1,0
SCN_0005,R2_Paradip_Qingdao,Paradip_IN,Qingdao_CN,3600,high_wave_wind,141552.0,300.0,Kamsarmax Bulk Carrier,82000,ammonia,15.5,9700.0,232.26,1717756.1,1631868.32,0.0,0,1,0
SCN_0005,R2_Paradip_Qingdao,Paradip_IN,Qingdao_CN,3600,high_wave_wind,141552.0,300.0,Kamsarmax Bulk Carrier,82000,hydrogen,8.5,3460.77,423.53,1341873.9,2482466.68,0.0,0,0,0
SCN_0005,R2_Paradip_Qingdao,Paradip_IN,Qingdao_CN,3600,high_wave_wind,141552.0,300.0,Kamsarmax Bulk Carrier,82000,hydrogen,12.0,9700.0,300.0,2664084.5,4928556.34,0.0,0,1,0
SCN_0005,R2_Paradip_Qingdao,Paradip_IN,Qingdao_CN,3600,high_wave_wind,141552.0,300.0,Kamsarmax Bulk Carrier,82000,hydrogen,15.5,9700.0,232.26,2062517.0,3815656.52,0.0,0,1,0
SCN_0005,R2_Paradip_Qingdao,Paradip_IN,Qingdao_CN,3600,high_wave_wind,141552.0,300.0,Capesize Bulk Carrier,180000,conventional,8.5,5465.57,423.53,444260.2,266556.14,1451398.19,1,0,0
SCN_0005,R2_Paradip_Qingdao,Paradip_IN,Qingdao_CN,3600,high_wave_wind,141552.0,300.0,Capesize Bulk Carrier,180000,conventional,12.0,14000.0,300.0,806060.6,483636.36,2633400.0,1,1,1
SCN_0005,R2_Paradip_Qingdao,Paradip_IN,Qingdao_CN,3600,high_wave_wind,141552.0,300.0,Capesize Bulk Carrier,180000,conventional,15.5,14000.0,232.26,624046.9,374428.15,2038761.29,1,1,1
SCN_0005,R2_Paradip_Qingdao,Paradip_IN,Qingdao_CN,3600,high_wave_wind,141552.0,300.0,Capesize Bulk Carrier,180000,lng,8.5,5465.57,423.53,797330.2,358798.6,986696.14,1,0,0
SCN_0005,R2_Paradip_Qingdao,Paradip_IN,Qingdao_CN,3600,high_wave_wind,141552.0,300.0,Capesize Bulk Carrier,180000,lng,12.0,14000.0,300.0,1446666.7,651000.0,1790250.0,1,1,1
SCN_0005,R2_Paradip_Qingdao,Paradip_IN,Qingdao_CN,3600,high_wave_wind,141552.0,300.0,Capesize Bulk Carrier,180000,lng,15.5,14000.0,232.26,1120000.0,504000.0,1386000.0,1,1,1
SCN_0005,R2_Paradip_Qingdao,Paradip_IN,Qingdao_CN,3600,high_wave_wind,141552.0,300.0,Capesize Bulk Carrier,180000,ammonia,8.5,5465.57,423.53,1764972.8,1676724.12,0.0,1,0,0
SCN_0005,R2_Paradip_Qingdao,Paradip_IN,Qingdao_CN,3600,high_wave_wind,141552.0,300.0,Capesize Bulk Carrier,180000,ammonia,12.0,14000.0,300.0,3202346.0,3042228.74,0.0,1,1,1
SCN_0005,R2_Paradip_Qingdao,Paradip_IN,Qingdao_CN,3600,high_wave_wind,141552.0,300.0,Capesize Bulk Carrier,180000,ammonia,15.5,14000.0,232.26,2479235.6,2355273.86,0.0,1,1,1
SCN_0005,R2_Paradip_Qingdao,Paradip_IN,Qingdao_CN,3600,high_wave_wind,141552.0,300.0,Aframax Tanker,115000,conventional,8.5,4235.01,423.53,344236.4,206541.84,1124620.31,0,0,0
SCN_0005,R2_Paradip_Qingdao,Paradip_IN,Qingdao_CN,3600,high_wave_wind,141552.0,300.0,Aframax Tanker,115000,conventional,11.75,11186.95,306.38,657801.2,394680.73,2149036.57,0,0,0
SCN_0005,R2_Paradip_Qingdao,Paradip_IN,Qingdao_CN,3600,high_wave_wind,141552.0,300.0,Aframax Tanker,115000,conventional,15.0,13000.0,240.0,598787.9,359272.73,1956240.0,0,1,0
SCN_0005,R2_Paradip_Qingdao,Paradip_IN,Qingdao_CN,3600,high_wave_wind,141552.0,300.0,Aframax Tanker,115000,lng,8.5,4235.01,423.53,617813.7,278016.19,764544.51,0,0,0
SCN_0005,R2_Paradip_Qingdao,Paradip_IN,Qingdao_CN,3600,high_wave_wind,141552.0,300.0,Aframax Tanker,115000,lng,11.75,11186.95,306.38,1180580.1,531261.03,1460967.84,0,0,0
SCN_0005,R2_Paradip_Qingdao,Paradip_IN,Qingdao_CN,3600,high_wave_wind,141552.0,300.0,Aframax Tanker,115000,lng,15.0,13000.0,240.0,1074666.7,483600.0,1329900.0,0,1,0
SCN_0005,R2_Paradip_Qingdao,Paradip_IN,Qingdao_CN,3600,high_wave_wind,141552.0,300.0,Aframax Tanker,115000,ammonia,8.5,4235.01,423.53,1367594.5,1299214.79,0.0,0,0,0
SCN_0005,R2_Paradip_Qingdao,Paradip_IN,Qingdao_CN,3600,high_wave_wind,141552.0,300.0,Aframax Tanker,115000,ammonia,11.75,11186.95,306.38,2613335.9,2482669.1,0.0,0,0,0
SCN_0005,R2_Paradip_Qingdao,Paradip_IN,Qingdao_CN,3600,high_wave_wind,141552.0,300.0,Aframax Tanker,115000,ammonia,15.0,13000.0,240.0,2378885.6,2259941.35,0.0,0,1,0
SCN_0006,R2_Paradip_Qingdao,Paradip_IN,Qingdao_CN,3600,moderate_weather,87549.0,283.2,Handysize Bulk Carrier,35000,conventional,8.5,2175.31,423.53,176816.5,106089.91,577659.58,0,0,0
SCN_0006,R2_Paradip_Qingdao,Paradip_IN,Qingdao_CN,3600,moderate_weather,87549.0,283.2,Handysize Bulk Carrier,35000,conventional,11.25,5043.38,320.0,309734.8,185840.9,1011903.68,0,0,0
SCN_0006,R2_Paradip_Qingdao,Paradip_IN,Qingdao_CN,3600,moderate_weather,87549.0,283.2,Handysize Bulk Carrier,35000,conventional,14.0,6000.0,257.14,296103.9,177662.34,967371.43,0,1,0
SCN_0006,R2_Paradip_Qingdao,Paradip_IN,Qingdao_CN,3600,moderate_weather,87549.0,283.2,Handysize Bulk Carrier,35000,lng,8.5,2175.31,423.53,317339.1,142802.61,392707.17,0,0,0
SCN_0006,R2_Paradip_Qingdao,Paradip_IN,Qingdao_CN,3600,moderate_weather,87549.0,283.2,Handysize Bulk Carrier,35000,lng,11.25,5043.38,320.0,555892.5,250151.63,687916.98,0,0,0
SCN_0006,R2_Paradip_Qingdao,Paradip_IN,Qingdao_CN,3600,moderate_weather,87549.0,283.2,Handysize Bulk Carrier,35000,lng,14.0,6000.0,257.14,531428.6,239142.86,657642.86,0,1,0
SCN_0006,R2_Paradip_Qingdao,Paradip_IN,Qingdao_CN,3600,moderate_weather,87549.0,283.2,Handysize Bulk Carrier,35000,methanol,8.5,2175.31,423.53,407143.3,223928.82,444991.35,0,0,0
SCN_0006,R2_Paradip_Qingdao,Paradip_IN,Qingdao_CN,3600,moderate_weather,87549.0,283.2,Handysize Bulk Carrier,35000,methanol,11.25,5043.38,320.0,713205.2,392262.86,779504.75,0,0,0
SCN_0006,R2_Paradip_Qingdao,Paradip_IN,Qingdao_CN,3600,moderate_weather,87549.0,283.2,Handysize Bulk Carrier,35000,methanol,14.0,6000.0,257.14,681818.2,375000.0,745200.0,0,1,0
SCN_0006,R2_Paradip_Qingdao,Paradip_IN,Qingdao_CN,3600,moderate_weather,87549.0,283.2,Supramax Bulk Carrier,58000,conventional,8.5,2802.85,423.53,227824.9,136694.95,744303.98,0,0,0
SCN_0006,R2_Paradip_Qingdao,Paradip_IN,Qingdao_CN,3600,moderate_weather,87549.0,283.2,Supramax Bulk Carrier,58000,conventional,11.5,6941.22,313.04,417022.1,250213.24,1362411.09,0,0,0
SCN_0006,R2_Paradip_Qingdao,Paradip_IN,Qingdao_CN,3600,moderate_weather,87549.0,283.2,Supramax Bulk Carrier,58000,conventional,14.5,8000.0,248.28,381191.2,228714.73,1245351.72,0,1,0
SCN_0006,R2_Paradip_Qingdao,Paradip_IN,Qingdao_CN,3600,moderate_weather,87549.0,283.2,Supramax Bulk Carrier,58000,lng,8.5,2802.85,423.53,408885.8,183998.59,505996.13,0,0,0
SCN_0006,R2_Paradip_Qingdao,Paradip_IN,Qingdao_CN,3600,moderate_weather,87549.0,283.2,Supramax Bulk Carrier,58000,lng,11.5,6941.22,313.04,748444.9,336800.19,926200.52,0,0,0
SCN_0006,R2_Paradip_Qingdao,Paradip_IN,Qingdao_CN,3600,moderate_weather,87549.0,283.2,Supramax Bulk Carrier,58000,lng,14.5,8000.0,248.28,684137.9,307862.07,846620.69,0,1,0
SCN_0006,R2_Paradip_Qingdao,Paradip_IN,Qingdao_CN,3600,moderate_weather,87549.0,283.2,Supramax Bulk Carrier,58000,methanol,8.5,2802.85,423.53,524596.8,288528.26,573363.35,0,0,0
SCN_0006,R2_Paradip_Qingdao,Paradip_IN,Qingdao_CN,3600,moderate_weather,87549.0,283.2,Supramax Bulk Carrier,58000,methanol,11.5,6941.22,313.04,960248.2,528136.5,1049512.85,0,0,0
SCN_0006,R2_Paradip_Qingdao,Paradip_IN,Qingdao_CN,3600,moderate_weather,87549.0,283.2,Supramax Bulk Carrier,58000,methanol,14.5,8000.0,248.28,877742.9,482758.62,959337.93,0,1,0
SCN_0006,R2_Paradip_Qingdao,Paradip_IN,Qingdao_CN,3600,moderate_weather,87549.0,283.2,Panamax Bulk Carrier,75000,conventional,8.5,3200.42,423.53,260141.3,156084.76,849881.52,0,0,0
SCN_0006,R2_Paradip_Qingdao,Paradip_IN,Qingdao_CN,3600,moderate_weather,87549.0,283.2,Panamax Bulk Carrier,75000,conventional,11.5,7925.82,313.04,476175.5,285705.32,1555665.48,0,0,0
SCN_0006,R2_Paradip_Qingdao,Paradip_IN,Qingdao_CN,3600,moderate_weather,87549.0,283.2,Panamax Bulk Carrier,75000,conventional,14.5,9500.0,248.28,452664.6,271598.75,1478855.17,0,1,0
SCN_0006,R2_Paradip_Qingdao,Paradip_IN,Qingdao_CN,3600,moderate_weather,87549.0,283.2,Panamax Bulk Carrier,75000,lng,8.5,3200.42,423.53,466885.1,210098.3,577770.33,0,0,0
SCN_0006,R2_Paradip_Qingdao,Paradip_IN,Qingdao_CN,3600,moderate_weather,87549.0,283.2,Panamax Bulk Carrier,75000,lng,11.5,7925.82,313.04,854609.8,384574.4,1057579.6,0,0,0
SCN_0006,R2_Paradip_Qingdao,Paradip_IN,Qingdao_CN,3600,moderate_weather,87549.0,283.2,Panamax Bulk Carrier,75000,lng,14.5,9500.0,248.28,812413.8,365586.21,1005362.07,0,1,0
SCN_0006,R2_Paradip_Qingdao,Paradip_IN,Qingdao_CN,3600,moderate_weather,87549.0,283.2,Panamax Bulk Carrier,75000,methanol,8.5,3200.42,423.53,599009.5,329455.22,654693.42,0,0,0
SCN_0006,R2_Paradip_Qingdao,Paradip_IN,Qingdao_CN,3600,moderate_weather,87549.0,283.2,Panamax Bulk Carrier,75000,methanol,11.5,7925.82,313.04,1096456.8,603051.26,1198383.46,0,0,0
SCN_0006,R2_Paradip_Qingdao,Paradip_IN,Qingdao_CN,3600,moderate_weather,87549.0,283.2,Panamax Bulk Carrier,75000,methanol,14.5,9500.0,248.28,1042319.7,573275.86,1139213.79,0,1,0
SCN_0006,R2_Paradip_Qingdao,Paradip_IN,Qingdao_CN,3600,moderate_weather,87549.0,283.2,Panamax Bulk Carrier,75000,ammonia,8.5,3200.42,423.53,1033498.4,981823.49,0.0,0,0,0
SCN_0006,R2_Paradip_Qingdao,Paradip_IN,Qingdao_CN,3600,moderate_weather,87549.0,283.2,Panamax Bulk Carrier,75000,ammonia,11.5,7925.82,313.04,1891767.0,1797178.64,0.0,0,0,0
SCN_0006,R2_Paradip_Qingdao,Paradip_IN,Qingdao_CN,3600,moderate_weather,87549.0,283.2,Panamax Bulk Carrier,75000,ammonia,14.5,9500.0,248.28,1798361.8,1708443.73,0.0,0,1,0
SCN_0006,R2_Paradip_Qingdao,Paradip_IN,Qingdao_CN,3600,moderate_weather,87549.0,283.2,Kamsarmax Bulk Carrier,82000,conventional,8.5,3362.32,423.53,273301.1,163980.68,892874.82,0,0,0
SCN_0006,R2_Paradip_Qingdao,Paradip_IN,Qingdao_CN,3600,moderate_weather,87549.0,283.2,Kamsarmax Bulk Carrier,82000,conventional,12.0,9460.77,300.0,544710.9,326826.55,1779570.57,0,0,0
SCN_0006,R2_Paradip_Qingdao,Paradip_IN,Qingdao_CN,3600,moderate_weather,87549.0,283.2,Kamsarmax Bulk Carrier,82000,conventional,15.5,9700.0,232.26,432375.4,259425.22,1412570.32,0,1,0
SCN_0006,R2_Paradip_Qingdao,Paradip_IN,Qingdao_CN,3600,moderate_weather,87549.0,283.2,Kamsarmax Bulk Carrier,82000,lng,8.5,3362.32,423.53,490503.6,220726.63,606998.23,0,0,0
SCN_0006,R2_Paradip_Qingdao,Paradip_IN,Qingdao_CN,3600,moderate_weather,87549.0,283.2,Kamsarmax Bulk Carrier,82000,lng,12.0,9460.77,300.0,977612.8,439925.74,1209795.78,0,0,0
SCN_0006,R2_Paradip_Qingdao,Paradip_IN,Qingdao_CN,3600,moderate_weather,87549.0,283.2,Kamsarmax Bulk Carrier,82000,lng,15.5,9700.0,232.26,776000.0,349200.0,960300.0,0,1,0
SCN_0006,R2_Paradip_Qingdao,Paradip_IN,Qingdao_CN,3600,moderate_weather,87549.0,283.2,Kamsarmax Bulk Carrier,82000,methanol,8.5,3362.32,423.53,629311.8,346121.51,687812.66,0,0,0
SCN_0006,R2_Paradip_Qingdao,Paradip_IN,Qingdao_CN,3600,moderate_weather,87549.0,283.2,Kamsarmax Bulk Carrier,82000,methanol,12.0,9460.77,300.0,1254268.6,689847.71,1370865.37,0,0,0
SCN_0006,R2_Paradip_Qingdao,Paradip_IN,Qingdao_CN,3600,moderate_weather,87549.0,283.2,Kamsarmax Bulk Carrier,82000,methanol,15.5,9700.0,232.26,995601.2,547580.65,1088152.26,0,1,0
SCN_0006,R2_Paradip_Qingdao,Paradip_IN,Qingdao_CN,3600,moderate_weather,87549.0,283.2,Kamsarmax Bulk Carrier,82000,ammonia,8.5,3362.32,423.53,1085780.4,1031491.39,0.0,0,0,0
SCN_0006,R2_Paradip_Qingdao,Paradip_IN,Qingdao_CN,3600,moderate_weather,87549.0,283.2,Kamsarmax Bulk Carrier,82000,ammonia,12.0,9460.77,300.0,2164046.8,2055844.43,0.0,0,0,0
SCN_0006,R2_Paradip_Qingdao,Paradip_IN,Qingdao_CN,3600,moderate_weather,87549.0,283.2,Kamsarmax Bulk Carrier,82000,ammonia,15.5,9700.0,232.26,1717756.1,1631868.32,0.0,0,1,0
SCN_0006,R2_Paradip_Qingdao,Paradip_IN,Qingdao_CN,3600,moderate_weather,87549.0,283.2,Kamsarmax Bulk Carrier,82000,hydrogen,8.5,3362.32,423.53,1303701.1,2411847.08,0.0,0,0,0
SCN_0006,R2_Paradip_Qingdao,Paradip_IN,Qingdao_CN,3600,moderate_weather,87549.0,283.2,Kamsarmax Bulk Carrier,82000,hydrogen,12.0,9460.77,300.0,2598380.1,4807003.19,0.0,0,0,0
SCN_0006,R2_Paradip_Qingdao,Paradip_IN,Qingdao_CN,3600,moderate_weather,87549.0,283.2,Kamsarmax Bulk Carrier,82000,hydrogen,15.5,9700.0,232.26,2062517.0,3815656.52,0.0,0,1,0
SCN_0006,R2_Paradip_Qingdao,Paradip_IN,Qingdao_CN,3600,moderate_weather,87549.0,283.2,Capesize Bulk Carrier,180000,conventional,8.5,5310.09,423.53,431622.2,258973.33,1410109.76,1,0,0
SCN_0006,R2_Paradip_Qingdao,Paradip_IN,Qingdao_CN,3600,moderate_weather,87549.0,283.2,Capesize Bulk Carrier,180000,conventional,12.0,14000.0,300.0,806060.6,483636.36,2633400.0,1,0,0
SCN_0006,R2_Paradip_Qingdao,Paradip_IN,Qingdao_CN,3600,moderate_weather,87549.0,283.2,Capesize Bulk Carrier,180000,conventional,15.5,14000.0,232.26,624046.9,374428.15,2038761.29,1,1,1
SCN_0006,R2_Paradip_Qingdao,Paradip_IN,Qingdao_CN,3600,moderate_weather,87549.0,283.2,Capesize Bulk Carrier,180000,lng,8.5,5310.09,423.53,774648.3,348591.73,958627.25,1,0,0
SCN_0006,R2_Paradip_Qingdao,Paradip_IN,Qingdao_CN,3600,moderate_weather,87549.0,283.2,Capesize Bulk Carrier,180000,lng,12.0,14000.0,300.0,1446666.7,651000.0,1790250.0,1,0,0
SCN_0006,R2_Paradip_Qingdao,Paradip_IN,Qingdao_CN,3600,moderate_weather,87549.0,283.2,Capesize Bulk Carrier,180000,lng,15.5,14000.0,232.26,1120000.0,504000.0,1386000.0,1,1,1
SCN_0006,R2_Paradip_Qingdao,Paradip_IN,Qingdao_CN,3600,moderate_weather,87549.0,283.2,Capesize Bulk Carrier,180000,ammonia,8.5,5310.09,423.53,1714764.0,1629025.76,0.0,1,0,0
SCN_0006,R2_Paradip_Qingdao,Paradip_IN,Qingdao_CN,3600,moderate_weather,87549.0,283.2,Capesize Bulk Carrier,180000,ammonia,12.0,14000.0,300.0,3202346.0,3042228.74,0.0,1,0,0
SCN_0006,R2_Paradip_Qingdao,Paradip_IN,Qingdao_CN,3600,moderate_weather,87549.0,283.2,Capesize Bulk Carrier,180000,ammonia,15.5,14000.0,232.26,2479235.6,2355273.86,0.0,1,1,1
SCN_0006,R2_Paradip_Qingdao,Paradip_IN,Qingdao_CN,3600,moderate_weather,87549.0,283.2,Aframax Tanker,115000,conventional,8.5,4114.54,423.53,334443.8,200666.27,1092627.85,1,0,0
SCN_0006,R2_Paradip_Qingdao,Paradip_IN,Qingdao_CN,3600,moderate_weather,87549.0,283.2,Aframax Tanker,115000,conventional,11.75,10868.71,306.38,639088.5,383453.11,2087902.18,1,0,0
SCN_0006,R2_Paradip_Qingdao,Paradip_IN,Qingdao_CN,3600,moderate_weather,87549.0,283.2,Aframax Tanker,115000,conventional,15.0,13000.0,240.0,598787.9,359272.73,1956240.0,1,1,1
SCN_0006,R2_Paradip_Qingdao,Paradip_IN,Qingdao_CN,3600,moderate_weather,87549.0,283.2,Aframax Tanker,115000,lng,8.5,4114.54,423.53,600238.6,270107.36,742795.25,1,0,0
SCN_0006,R2_Paradip_Qingdao,Paradip_IN,Qingdao_CN,3600,moderate_weather,87549.0,283.2,Aframax Tanker,115000,lng,11.75,10868.71,306.38,1146995.7,516148.07,1419407.18,1,0,0
SCN_0006,R2_Paradip_Qingdao,Paradip_IN,Qingdao_CN,3600,moderate_weather,87549.0,283.2,Aframax Tanker,115000,lng,15.0,13000.0,240.0,1074666.7,483600.0,1329900.0,1,1,1
SCN_0006,R2_Paradip_Qingdao,Paradip_IN,Qingdao_CN,3600,moderate_weather,87549.0,283.2,Aframax Tanker,115000,ammonia,8.5,4114.54,423.53,1328690.1,1262255.58,0.0,1,0,0
SCN_0006,R2_Paradip_Qingdao,Paradip_IN,Qingdao_CN,3600,moderate_weather,87549.0,283.2,Aframax Tanker,115000,ammonia,11.75,10868.71,306.38,2538993.4,2412043.75,0.0,1,0,0
SCN_0006,R2_Paradip_Qingdao,Paradip_IN,Qingdao_CN,3600,moderate_weather,87549.0,283.2,Aframax Tanker,115000,ammonia,15.0,13000.0,240.0,2378885.6,2259941.35,0.0,1,1,1
SCN_0007,R2_Paradip_Qingdao,Paradip_IN,Qingdao_CN,3600,high_wave_wind,94014.0,300.0,Handysize Bulk Carrier,35000,conventional,8.5,2266.39,423.53,184219.6,110531.74,601845.35,0,0,0
SCN_0007,R2_Paradip_Qingdao,Paradip_IN,Qingdao_CN,3600,high_wave_wind,94014.0,300.0,Handysize Bulk Carrier,35000,conventional,11.25,5254.54,320.0,322703.0,193621.78,1054270.61,0,0,0
SCN_0007,R2_Paradip_Qingdao,Paradip_IN,Qingdao_CN,3600,high_wave_wind,94014.0,300.0,Handysize Bulk Carrier,35000,conventional,14.0,6000.0,257.14,296103.9,177662.34,967371.43,0,1,0
SCN_0007,R2_Paradip_Qingdao,Paradip_IN,Qingdao_CN,3600,high_wave_wind,94014.0,300.0,Handysize Bulk Carrier,35000,lng,8.5,2266.39,423.53,330625.7,148781.55,409149.25,0,0,0
SCN_0007,R2_Paradip_Qingdao,Paradip_IN,Qingdao_CN,3600,high_wave_wind,94014.0,300.0,Handysize Bulk Carrier,35000,lng,11.25,5254.54,320.0,579166.9,260625.11,716719.06,0,0,0
SCN_0007,R2_Paradip_Qingdao,Paradip_IN,Qingdao_CN,3600,high_wave_wind,94014.0,300.0,Handysize Bulk Carrier,35000,lng,14.0,6000.0,257.14,531428.6,239142.86,657642.86,0,1,0
SCN_0007,R2_Paradip_Qingdao,Paradip_IN,Qingdao_CN,3600,high_wave_wind,94014.0,300.0,Handysize Bulk Carrier,35000,methanol,8.5,2266.39,423.53,424189.8,233304.39,463622.49,0,0,0
SCN_0007,R2_Paradip_Qingdao,Paradip_IN,Qingdao_CN,3600,high_wave_wind,94014.0,300.0,Handysize Bulk Carrier,35000,methanol,11.25,5254.54,320.0,743066.1,408686.33,812141.48,0,0,0
SCN_0007,R2_Paradip_Qingdao,Paradip_IN,Qingdao_CN,3600,high_wave_wind,94014.0,300.0,Handysize Bulk Carrier,35000,methanol,14.0,6000.0,257.14,681818.2,375000.0,745200.0,0,1,0
SCN_0007,R2_Paradip_Qingdao,Paradip_IN,Qingdao_CN,3600,high_wave_wind,94014.0,300.0,Supramax Bulk Carrier,58000,conventional,8.5,2920.2,423.53,237363.6,142418.16,775466.9,0,0,0
SCN_0007,R2_Paradip_Qingdao,Paradip_IN,Qingdao_CN,3600,high_wave_wind,94014.0,300.0,Supramax Bulk Carrier,58000,conventional,11.5,7231.84,313.04,434482.2,260689.3,1419453.25,0,0,0
SCN_0007,R2_Paradip_Qingdao,Paradip_IN,Qingdao_CN,3600,high_wave_wind,94014.0,300.0,Supramax Bulk Carrier,58000,conventional,14.5,8000.0,248.28,381191.2,228714.73,1245351.72,0,1,0
SCN_0007,R2_Paradip_Qingdao,Paradip_IN,Qingdao_CN,3600,high_wave_wind,94014.0,300.0,Supramax Bulk Carrier,58000,lng,8.5,2920.2,423.53,426005.2,191702.34,527181.44,0,0,0
SCN_0007,R2_Paradip_Qingdao,Paradip_IN,Qingdao_CN,3600,high_wave_wind,94014.0,300.0,Supramax Bulk Carrier,58000,lng,11.5,7231.84,313.04,779781.2,350901.52,964979.18,0,0,0
SCN_0007,R2_Paradip_Qingdao,Paradip_IN,Qingdao_CN,3600,high_wave_wind,94014.0,300.0,Supramax Bulk Carrier,58000,lng,14.5,8000.0,248.28,684137.9,307862.07,846620.69,0,1,0
SCN_0007,R2_Paradip_Qingdao,Paradip_IN,Qingdao_CN,3600,high_wave_wind,94014.0,300.0,Supramax Bulk Carrier,58000,methanol,8.5,2920.2,423.53,546560.9,300608.51,597369.24,0,0,0
SCN_0007,R2_Paradip_Qingdao,Paradip_IN,Qingdao_CN,3600,high_wave_wind,94014.0,300.0,Supramax Bulk Carrier,58000,methanol,11.5,7231.84,313.04,1000452.4,550248.8,1093454.42,0,0,0
SCN_0007,R2_Paradip_Qingdao,Paradip_IN,Qingdao_CN,3600,high_wave_wind,94014.0,300.0,Supramax Bulk Carrier,58000,methanol,14.5,8000.0,248.28,877742.9,482758.62,959337.93,0,1,0
SCN_0007,R2_Paradip_Qingdao,Paradip_IN,Qingdao_CN,3600,high_wave_wind,94014.0,300.0,Panamax Bulk Carrier,75000,conventional,8.5,3334.42,423.53,271033.0,162619.8,885464.82,0,0,0
SCN_0007,R2_Paradip_Qingdao,Paradip_IN,Qingdao_CN,3600,high_wave_wind,94014.0,300.0,Panamax Bulk Carrier,75000,conventional,11.5,8257.66,313.04,496112.3,297667.39,1620798.93,0,0,0
SCN_0007,R2_Paradip_Qingdao,Paradip_IN,Qingdao_CN,3600,high_wave_wind,94014.0,300.0,Panamax Bulk Carrier,75000,conventional,14.5,9500.0,248.28,452664.6,271598.75,1478855.17,0,1,0
SCN_0007,R2_Paradip_Qingdao,Paradip_IN,Qingdao_CN,3600,high_wave_wind,94014.0,300.0,Panamax Bulk Carrier,75000,lng,8.5,3334.42,423.53,486432.9,218894.81,601960.73,0,0,0
SCN_0007,R2_Paradip_Qingdao,Paradip_IN,Qingdao_CN,3600,high_wave_wind,94014.0,300.0,Panamax Bulk Carrier,75000,lng,11.5,8257.66,313.04,890391.0,400675.97,1101858.92,0,0,0
SCN_0007,R2_Paradip_Qingdao,Paradip_IN,Qingdao_CN,3600,high_wave_wind,94014.0,300.0,Panamax Bulk Carrier,75000,lng,14.5,9500.0,248.28,812413.8,365586.21,1005362.07,0,1,0
SCN_0007,R2_Paradip_Qingdao,Paradip_IN,Qingdao_CN,3600,high_wave_wind,94014.0,300.0,Panamax Bulk Carrier,75000,methanol,8.5,3334.42,423.53,624089.2,343249.03,682104.48,0,0,0
SCN_0007,R2_Paradip_Qingdao,Paradip_IN,Qingdao_CN,3600,high_wave_wind,94014.0,300.0,Panamax Bulk Carrier,75000,methanol,11.5,8257.66,313.04,1142363.9,628300.13,1248558.02,0,0,0
SCN_0007,R2_Paradip_Qingdao,Paradip_IN,Qingdao_CN,3600,high_wave_wind,94014.0,300.0,Panamax Bulk Carrier,75000,methanol,14.5,9500.0,248.28,1042319.7,573275.86,1139213.79,0,1,0
SCN_0007,R2_Paradip_Qingdao,Paradip_IN,Qingdao_CN,3600,high_wave_wind,94014.0,300.0,Panamax Bulk Carrier,75000,ammonia,8.5,3334.42,423.53,1076769.5,1022931.01,0.0,0,0,0
SCN_0007,R2_Paradip_Qingdao,Paradip_IN,Qingdao_CN,3600,high_wave_wind,94014.0,300.0,Panamax Bulk Carrier,75000,ammonia,11.5,8257.66,313.04,1970972.5,1872423.89,0.0,0,0,0
SCN_0007,R2_Paradip_Qingdao,Paradip_IN,Qingdao_CN,3600,high_wave_wind,94014.0,300.0,Panamax Bulk Carrier,75000,ammonia,14.5,9500.0,248.28,1798361.8,1708443.73,0.0,0,1,0
SCN_0007,R2_Paradip_Qingdao,Paradip_IN,Qingdao_CN,3600,high_wave_wind,94014.0,300.0,Kamsarmax Bulk Carrier,82000,conventional,8.5,3503.1,423.53,284743.9,170846.31,930258.18,0,0,0
SCN_0007,R2_Paradip_Qingdao,Paradip_IN,Qingdao_CN,3600,high_wave_wind,94014.0,300.0,Kamsarmax Bulk Carrier,82000,conventional,12.0,9700.0,300.0,558484.8,335090.91,1824570.0,0,1,0
SCN_0007,R2_Paradip_Qingdao,Paradip_IN,Qingdao_CN,3600,high_wave_wind,94014.0,300.0,Kamsarmax Bulk Carrier,82000,conventional,15.5,9700.0,232.26,432375.4,259425.22,1412570.32,0,1,0
SCN_0007,R2_Paradip_Qingdao,Paradip_IN,Qingdao_CN,3600,high_wave_wind,94014.0,300.0,Kamsarmax Bulk Carrier,82000,lng,8.5,3503.1,423.53,511040.3,229968.13,632412.36,0,0,0
SCN_0007,R2_Paradip_Qingdao,Paradip_IN,Qingdao_CN,3600,high_wave_wind,94014.0,300.0,Kamsarmax Bulk Carrier,82000,lng,12.0,9700.0,300.0,1002333.3,451050.0,1240387.5,0,1,0
SCN_0007,R2_Paradip_Qingdao,Paradip_IN,Qingdao_CN,3600,high_wave_wind,94014.0,300.0,Kamsarmax Bulk Carrier,82000,lng,15.5,9700.0,232.26,776000.0,349200.0,960300.0,0,1,0
SCN_0007,R2_Paradip_Qingdao,Paradip_IN,Qingdao_CN,3600,high_wave_wind,94014.0,300.0,Kamsarmax Bulk Carrier,82000,methanol,8.5,3503.1,423.53,655660.2,360613.11,716610.37,0,0,0
SCN_0007,R2_Paradip_Qingdao,Paradip_IN,Qingdao_CN,3600,high_wave_wind,94014.0,300.0,Kamsarmax Bulk Carrier,82000,methanol,12.0,9700.0,300.0,1285984.8,707291.67,1405530.0,0,1,0
SCN_0007,R2_Paradip_Qingdao,Paradip_IN,Qingdao_CN,3600,high_wave_wind,94014.0,300.0,Kamsarmax Bulk Carrier,82000,methanol,15.5,9700.0,232.26,995601.2,547580.65,1088152.26,0,1,0
SCN_0007,R2_Paradip_Qingdao,Paradip_IN,Qingdao_CN,3600,high_wave_wind,94014.0,300.0,Kamsarmax Bulk Carrier,82000,ammonia,8.5,3503.1,423.53,1131240.5,1074678.43,0.0,0,0,0
SCN_0007,R2_Paradip_Qingdao,Paradip_IN,Qingdao_CN,3600,high_wave_wind,94014.0,300.0,Kamsarmax Bulk Carrier,82000,ammonia,12.0,9700.0,300.0,2218768.3,2107829.91,0.0,0,1,0
SCN_0007,R2_Paradip_Qingdao,Paradip_IN,Qingdao_CN,3600,high_wave_wind,94014.0,300.0,Kamsarmax Bulk Carrier,82000,ammonia,15.5,9700.0,232.26,1717756.1,1631868.32,0.0,0,1,0
SCN_0007,R2_Paradip_Qingdao,Paradip_IN,Qingdao_CN,3600,high_wave_wind,94014.0,300.0,Kamsarmax Bulk Carrier,82000,hydrogen,8.5,3503.1,423.53,1358285.2,2512827.6,0.0,0,0,0
SCN_0007,R2_Paradip_Qingdao,Paradip_IN,Qingdao_CN,3600,high_wave_wind,94014.0,300.0,Kamsarmax Bulk Carrier,82000,hydrogen,12.0,9700.0,300.0,2664084.5,4928556.34,0.0,0,1,0
SCN_0007,R2_Paradip_Qingdao,Paradip_IN,Qingdao_CN,3600,high_wave_wind,94014.0,300.0,Kamsarmax Bulk Carrier,82000,hydrogen,15.5,9700.0,232.26,2062517.0,3815656.52,0.0,0,1,0
SCN_0007,R2_Paradip_Qingdao,Paradip_IN,Qingdao_CN,3600,high_wave_wind,94014.0,300.0,Capesize Bulk Carrier,180000,conventional,8.5,5532.41,423.53,449693.6,269816.16,1469149.0,1,0,0
SCN_0007,R2_Paradip_Qingdao,Paradip_IN,Qingdao_CN,3600,high_wave_wind,94014.0,300.0,Capesize Bulk Carrier,180000,conventional,12.0,14000.0,300.0,806060.6,483636.36,2633400.0,1,1,1
SCN_0007,R2_Paradip_Qingdao,Paradip_IN,Qingdao_CN,3600,high_wave_wind,94014.0,300.0,Capesize Bulk Carrier,180000,conventional,15.5,14000.0,232.26,624046.9,374428.15,2038761.29,1,1,1
SCN_0007,R2_Paradip_Qingdao,Paradip_IN,Qingdao_CN,3600,high_wave_wind,94014.0,300.0,Capesize Bulk Carrier,180000,lng,8.5,5532.41,423.53,807081.7,363186.75,998763.57,1,0,0
SCN_0007,R2_Paradip_Qingdao,Paradip_IN,Qingdao_CN,3600,high_wave_wind,94014.0,300.0,Capesize Bulk Carrier,180000,lng,12.0,14000.0,300.0,1446666.7,651000.0,1790250.0,1,1,1
SCN_0007,R2_Paradip_Qingdao,Paradip_IN,Qingdao_CN,3600,high_wave_wind,94014.0,300.0,Capesize Bulk Carrier,180000,lng,15.5,14000.0,232.26,1120000.0,504000.0,1386000.0,1,1,1
SCN_0007,R2_Paradip_Qingdao,Paradip_IN,Qingdao_CN,3600,high_wave_wind,94014.0,300.0,Capesize Bulk Carrier,180000,ammonia,8.5,5532.41,423.53,1786558.6,1697230.69,0.0,1,0,0
SCN_0007,R2_Paradip_Qingdao,Paradip_IN,Qingdao_CN,3600,high_wave_wind,94014.0,300.0,Capesize Bulk Carrier,180000,ammonia,12.0,14000.0,300.0,3202346.0,3042228.74,0.0,1,1,1
SCN_0007,R2_Paradip_Qingdao,Paradip_IN,Qingdao_CN,3600,high_wave_wind,94014.0,300.0,Capesize Bulk Carrier,180000,ammonia,15.5,14000.0,232.26,2479235.6,2355273.86,0.0,1,1,1
SCN_0007,R2_Paradip_Qingdao,Paradip_IN,Qingdao_CN,3600,high_wave_wind,94014.0,300.0,Aframax Tanker,115000,conventional,8.5,4286.81,423.53,348446.5,209067.88,1138374.58,1,0,0
SCN_0007,R2_Paradip_Qingdao,Paradip_IN,Qingdao_CN,3600,high_wave_wind,94014.0,300.0,Aframax Tanker,115000,conventional,11.75,11323.77,306.38,665846.2,399507.73,2175319.59,1,0,0
SCN_0007,R2_Paradip_Qingdao,Paradip_IN,Qingdao_CN,3600,high_wave_wind,94014.0,300.0,Aframax Tanker,115000,conventional,15.0,13000.0,240.0,598787.9,359272.73,1956240.0,1,1,1
SCN_0007,R2_Paradip_Qingdao,Paradip_IN,Qingdao_CN,3600,high_wave_wind,94014.0,300.0,Aframax Tanker,115000,lng,8.5,4286.81,423.53,625369.7,281416.36,773895.0,1,0,0
SCN_0007,R2_Paradip_Qingdao,Paradip_IN,Qingdao_CN,3600,high_wave_wind,94014.0,300.0,Aframax Tanker,115000,lng,11.75,11323.77,306.38,1195018.7,537758.43,1478835.69,1,0,0
SCN_0007,R2_Paradip_Qingdao,Paradip_IN,Qingdao_CN,3600,high_wave_wind,94014.0,300.0,Aframax Tanker,115000,lng,15.0,13000.0,240.0,1074666.7,483600.0,1329900.0,1,1,1
SCN_0007,R2_Paradip_Qingdao,Paradip_IN,Qingdao_CN,3600,high_wave_wind,94014.0,300.0,Aframax Tanker,115000,ammonia,8.5,4286.81,423.53,1384320.4,1315104.38,0.0,1,0,0
SCN_0007,R2_Paradip_Qingdao,Paradip_IN,Qingdao_CN,3600,high_wave_wind,94014.0,300.0,Aframax Tanker,115000,ammonia,11.75,11323.77,306.38,2645297.4,2513032.5,0.0,1,0,0
SCN_0007,R2_Paradip_Qingdao,Paradip_IN,Qingdao_CN,3600,high_wave_wind,94014.0,300.0,Aframax Tanker,115000,ammonia,15.0,13000.0,240.0,2378885.6,2259941.35,0.0,1,1,1
SCN_0008,R2_Paradip_Qingdao,Paradip_IN,Qingdao_CN,3600,normal,48755.0,314.4,Handysize Bulk Carrier,35000,conventional,8.5,2030.0,423.53,165005.0,99003.01,539071.39,0,0,0
SCN_0008,R2_Paradip_Qingdao,Paradip_IN,Qingdao_CN,3600,normal,48755.0,314.4,Handysize Bulk Carrier,35000,conventional,11.25,4706.48,320.0,289044.3,173426.55,944307.58,0,0,0
SCN_0008,R2_Paradip_Qingdao,Paradip_IN,Qingdao_CN,3600,normal,48755.0,314.4,Handysize Bulk Carrier,35000,conventional,14.0,6000.0,257.14,296103.9,177662.34,967371.43,0,1,0
SCN_0008,R2_Paradip_Qingdao,Paradip_IN,Qingdao_CN,3600,normal,48755.0,314.4,Handysize Bulk Carrier,35000,lng,8.5,2030.0,423.53,296140.6,133263.26,366473.97,0,0,0
SCN_0008,R2_Paradip_Qingdao,Paradip_IN,Qingdao_CN,3600,normal,48755.0,314.4,Handysize Bulk Carrier,35000,lng,11.25,4706.48,320.0,518758.4,233441.27,641963.49,0,0,0
SCN_0008,R2_Paradip_Qingdao,Paradip_IN,Qingdao_CN,3600,normal,48755.0,314.4,Handysize Bulk Carrier,35000,lng,14.0,6000.0,257.14,531428.6,239142.86,657642.86,0,1,0
SCN_0008,R2_Paradip_Qingdao,Paradip_IN,Qingdao_CN,3600,normal,48755.0,314.4,Handysize Bulk Carrier,35000,methanol,8.5,2030.0,423.53,379945.8,208970.17,415265.52,0,0,0
SCN_0008,R2_Paradip_Qingdao,Paradip_IN,Qingdao_CN,3600,normal,48755.0,314.4,Handysize Bulk Carrier,35000,methanol,11.25,4706.48,320.0,665562.4,366059.34,727433.11,0,0,0
SCN_0008,R2_Paradip_Qingdao,Paradip_IN,Qingdao_CN,3600,normal,48755.0,314.4,Handysize Bulk Carrier,35000,methanol,14.0,6000.0,257.14,681818.2,375000.0,745200.0,0,1,0
SCN_0008,R2_Paradip_Qingdao,Paradip_IN,Qingdao_CN,3600,normal,48755.0,314.4,Supramax Bulk Carrier,58000,conventional,8.5,2615.61,423.53,212606.0,127563.6,694583.79,1,0,0
SCN_0008,R2_Paradip_Qingdao,Paradip_IN,Qingdao_CN,3600,normal,48755.0,314.4,Supramax Bulk Carrier,58000,conventional,11.5,6477.54,313.04,389164.6,233498.76,1271400.77,1,1,1
SCN_0008,R2_Paradip_Qingdao,Paradip_IN,Qingdao_CN,3600,normal,48755.0,314.4,Supramax Bulk Carrier,58000,conventional,14.5,8000.0,248.28,381191.2,228714.73,1245351.72,1,1,1
SCN_0008,R2_Paradip_Qingdao,Paradip_IN,Qingdao_CN,3600,normal,48755.0,314.4,Supramax Bulk Carrier,58000,lng,8.5,2615.61,423.53,381571.8,171707.32,472195.12,1,0,0
SCN_0008,R2_Paradip_Qingdao,Paradip_IN,Qingdao_CN,3600,normal,48755.0,314.4,Supramax Bulk Carrier,58000,lng,11.5,6477.54,313.04,698448.1,314301.63,864329.47,1,1,1
SCN_0008,R2_Paradip_Qingdao,Paradip_IN,Qingdao_CN,3600,normal,48755.0,314.4,Supramax Bulk Carrier,58000,lng,14.5,8000.0,248.28,684137.9,307862.07,846620.69,1,1,1
SCN_0008,R2_Paradip_Qingdao,Paradip_IN,Qingdao_CN,3600,normal,48755.0,314.4,Supramax Bulk Carrier,58000,methanol,8.5,2615.61,423.53,489553.3,269254.3,535062.15,1,0,0
SCN_0008,R2_Paradip_Qingdao,Paradip_IN,Qingdao_CN,3600,normal,48755.0,314.4,Supramax Bulk Carrier,58000,methanol,11.5,6477.54,313.04,896102.7,492856.49,979404.42,1,1,1
SCN_0008,R2_Paradip_Qingdao,Paradip_IN,Qingdao_CN,3600,normal,48755.0,314.4,Supramax Bulk Carrier,58000,methanol,14.5,8000.0,248.28,877742.9,482758.62,959337.93,1,1,1
SCN_0008,R2_Paradip_Qingdao,Paradip_IN,Qingdao_CN,3600,normal,48755.0,314.4,Panamax Bulk Carrier,75000,conventional,8.5,2986.63,423.53,242763.6,145658.15,793108.65,1,0,0
SCN_0008,R2_Paradip_Qingdao,Paradip_IN,Qingdao_CN,3600,normal,48755.0,314.4,Panamax Bulk Carrier,75000,conventional,11.5,7396.36,313.04,444366.6,266619.94,1451745.59,1,1,1
SCN_0008,R2_Paradip_Qingdao,Paradip_IN,Qingdao_CN,3600,normal,48755.0,314.4,Panamax Bulk Carrier,75000,conventional,14.5,9500.0,248.28,452664.6,271598.75,1478855.17,1,1,1
SCN_0008,R2_Paradip_Qingdao,Paradip_IN,Qingdao_CN,3600,normal,48755.0,314.4,Panamax Bulk Carrier,75000,lng,8.5,2986.63,423.53,435696.8,196063.54,539174.74,1,0,0
SCN_0008,R2_Paradip_Qingdao,Paradip_IN,Qingdao_CN,3600,normal,48755.0,314.4,Panamax Bulk Carrier,75000,lng,11.5,7396.36,313.04,797521.1,358884.48,986932.31,1,1,1
SCN_0008,R2_Paradip_Qingdao,Paradip_IN,Qingdao_CN,3600,normal,48755.0,314.4,Panamax Bulk Carrier,75000,lng,14.5,9500.0,248.28,812413.8,365586.21,1005362.07,1,1,1
SCN_0008,R2_Paradip_Qingdao,Paradip_IN,Qingdao_CN,3600,normal,48755.0,314.4,Panamax Bulk Carrier,75000,methanol,8.5,2986.63,423.53,558995.1,307447.31,610959.3,1,0,0
SCN_0008,R2_Paradip_Qingdao,Paradip_IN,Qingdao_CN,3600,normal,48755.0,314.4,Panamax Bulk Carrier,75000,methanol,11.5,7396.36,313.04,1023212.5,562766.88,1118330.34,1,1,1
SCN_0008,R2_Paradip_Qingdao,Paradip_IN,Qingdao_CN,3600,normal,48755.0,314.4,Panamax Bulk Carrier,75000,methanol,14.5,9500.0,248.28,1042319.7,573275.86,1139213.79,1,1,1
SCN_0008,R2_Paradip_Qingdao,Paradip_IN,Qingdao_CN,3600,normal,48755.0,314.4,Panamax Bulk Carrier,75000,ammonia,8.5,2986.63,423.53,964459.8,916236.78,0.0,1,0,0
SCN_0008,R2_Paradip_Qingdao,Paradip_IN,Qingdao_CN,3600,normal,48755.0,314.4,Panamax Bulk Carrier,75000,ammonia,11.5,7396.36,313.04,1765395.2,1677125.45,0.0,1,1,1
SCN_0008,R2_Paradip_Qingdao,Paradip_IN,Qingdao_CN,3600,normal,48755.0,314.4,Panamax Bulk Carrier,75000,ammonia,14.5,9500.0,248.28,1798361.8,1708443.73,0.0,1,1,1
SCN_0008,R2_Paradip_Qingdao,Paradip_IN,Qingdao_CN,3600,normal,48755.0,314.4,Kamsarmax Bulk Carrier,82000,conventional,8.5,3137.72,423.53,255044.4,153026.62,833229.96,1,0,0
SCN_0008,R2_Paradip_Qingdao,Paradip_IN,Qingdao_CN,3600,normal,48755.0,314.4,Kamsarmax Bulk Carrier,82000,conventional,12.0,8828.78,300.0,508323.7,304994.24,1660693.61,1,1,1
SCN_0008,R2_Paradip_Qingdao,Paradip_IN,Qingdao_CN,3600,normal,48755.0,314.4,Kamsarmax Bulk Carrier,82000,conventional,15.5,9700.0,232.26,432375.4,259425.22,1412570.32,1,1,1
SCN_0008,R2_Paradip_Qingdao,Paradip_IN,Qingdao_CN,3600,normal,48755.0,314.4,Kamsarmax Bulk Carrier,82000,lng,8.5,3137.72,423.53,457737.5,205981.89,566450.19,1,0,0
SCN_0008,R2_Paradip_Qingdao,Paradip_IN,Qingdao_CN,3600,normal,48755.0,314.4,Kamsarmax Bulk Carrier,82000,lng,12.0,8828.78,300.0,912307.3,410538.29,1128980.31,1,1,1
SCN_0008,R2_Paradip_Qingdao,Paradip_IN,Qingdao_CN,3600,normal,48755.0,314.4,Kamsarmax Bulk Carrier,82000,lng,15.5,9700.0,232.26,776000.0,349200.0,960300.0,1,1,1
SCN_0008,R2_Paradip_Qingdao,Paradip_IN,Qingdao_CN,3600,normal,48755.0,314.4,Kamsarmax Bulk Carrier,82000,methanol,8.5,3137.72,423.53,587273.2,323000.27,641866.14,1,0,0
SCN_0008,R2_Paradip_Qingdao,Paradip_IN,Qingdao_CN,3600,normal,48755.0,314.4,Kamsarmax Bulk Carrier,82000,methanol,12.0,8828.78,300.0,1170482.3,643765.25,1279290.3,1,1,1
SCN_0008,R2_Paradip_Qingdao,Paradip_IN,Qingdao_CN,3600,normal,48755.0,314.4,Kamsarmax Bulk Carrier,82000,methanol,15.5,9700.0,232.26,995601.2,547580.65,1088152.26,1,1,1
SCN_0008,R2_Paradip_Qingdao,Paradip_IN,Qingdao_CN,3600,normal,48755.0,314.4,Kamsarmax Bulk Carrier,82000,ammonia,8.5,3137.72,423.53,1013249.3,962586.81,0.0,1,0,0
SCN_0008,R2_Paradip_Qingdao,Paradip_IN,Qingdao_CN,3600,normal,48755.0,314.4,Kamsarmax Bulk Carrier,82000,ammonia,12.0,8828.78,300.0,2019486.4,1918512.13,0.0,1,1,1
SCN_0008,R2_Paradip_Qingdao,Paradip_IN,Qingdao_CN,3600,normal,48755.0,314.4,Kamsarmax Bulk Carrier,82000,ammonia,15.5,9700.0,232.26,1717756.1,1631868.32,0.0,1,1,1
SCN_0008,R2_Paradip_Qingdao,Paradip_IN,Qingdao_CN,3600,normal,48755.0,314.4,Kamsarmax Bulk Carrier,82000,hydrogen,8.5,3137.72,423.53,1216612.7,2250733.48,0.0,1,0,0
SCN_0008,R2_Paradip_Qingdao,Paradip_IN,Qingdao_CN,3600,normal,48755.0,314.4,Kamsarmax Bulk Carrier,82000,hydrogen,12.0,8828.78,300.0,2424805.9,4485890.94,0.0,1,1,1
SCN_0008,R2_Paradip_Qingdao,Paradip_IN,Qingdao_CN,3600,normal,48755.0,314.4,Kamsarmax Bulk Carrier,82000,hydrogen,15.5,9700.0,232.26,2062517.0,3815656.52,0.0,1,1,1
SCN_0008,R2_Paradip_Qingdao,Paradip_IN,Qingdao_CN,3600,normal,48755.0,314.4,Capesize Bulk Carrier,180000,conventional,8.5,4955.37,423.53,402789.4,241673.67,1315913.13,1,0,0
SCN_0008,R2_Paradip_Qingdao,Paradip_IN,Qingdao_CN,3600,normal,48755.0,314.4,Capesize Bulk Carrier,180000,conventional,12.0,13943.22,300.0,802791.4,481674.86,2622719.59,1,1,1
SCN_0008,R2_Paradip_Qingdao,Paradip_IN,Qingdao_CN,3600,normal,48755.0,314.4,Capesize Bulk Carrier,180000,conventional,15.5,14000.0,232.26,624046.9,374428.15,2038761.29,1,1,1
SCN_0008,R2_Paradip_Qingdao,Paradip_IN,Qingdao_CN,3600,normal,48755.0,314.4,Capesize Bulk Carrier,180000,lng,8.5,4955.37,423.53,722901.1,325305.48,894590.07,1,0,0
SCN_0008,R2_Paradip_Qingdao,Paradip_IN,Qingdao_CN,3600,normal,48755.0,314.4,Capesize Bulk Carrier,180000,lng,12.0,13943.22,300.0,1440799.4,648359.71,1782989.2,1,1,1
SCN_0008,R2_Paradip_Qingdao,Paradip_IN,Qingdao_CN,3600,normal,48755.0,314.4,Capesize Bulk Carrier,180000,lng,15.5,14000.0,232.26,1120000.0,504000.0,1386000.0,1,1,1
SCN_0008,R2_Paradip_Qingdao,Paradip_IN,Qingdao_CN,3600,normal,48755.0,314.4,Capesize Bulk Carrier,180000,ammonia,8.5,4955.37,423.53,1600216.1,1520205.34,0.0,1,0,0
SCN_0008,R2_Paradip_Qingdao,Paradip_IN,Qingdao_CN,3600,normal,48755.0,314.4,Capesize Bulk Carrier,180000,ammonia,12.0,13943.22,300.0,3189358.1,3029890.23,0.0,1,1,1
SCN_0008,R2_Paradip_Qingdao,Paradip_IN,Qingdao_CN,3600,normal,48755.0,314.4,Capesize Bulk Carrier,180000,ammonia,15.5,14000.0,232.26,2479235.6,2355273.86,0.0,1,1,1
SCN_0008,R2_Paradip_Qingdao,Paradip_IN,Qingdao_CN,3600,normal,48755.0,314.4,Aframax Tanker,115000,conventional,8.5,3839.68,423.53,312102.6,187261.58,1019639.3,1,0,0
SCN_0008,R2_Paradip_Qingdao,Paradip_IN,Qingdao_CN,3600,normal,48755.0,314.4,Aframax Tanker,115000,conventional,11.75,10142.67,306.38,596396.8,357838.09,1948428.39,1,1,1
SCN_0008,R2_Paradip_Qingdao,Paradip_IN,Qingdao_CN,3600,normal,48755.0,314.4,Aframax Tanker,115000,conventional,15.0,13000.0,240.0,598787.9,359272.73,1956240.0,1,1,1
SCN_0008,R2_Paradip_Qingdao,Paradip_IN,Qingdao_CN,3600,normal,48755.0,314.4,Aframax Tanker,115000,lng,8.5,3839.68,423.53,560142.1,252063.94,693175.84,1,0,0
SCN_0008,R2_Paradip_Qingdao,Paradip_IN,Qingdao_CN,3600,normal,48755.0,314.4,Aframax Tanker,115000,lng,11.75,10142.67,306.38,1070375.3,481668.9,1324589.47,1,1,1
SCN_0008,R2_Paradip_Qingdao,Paradip_IN,Qingdao_CN,3600,normal,48755.0,314.4,Aframax Tanker,115000,lng,15.0,13000.0,240.0,1074666.7,483600.0,1329900.0,1,1,1
SCN_0008,R2_Paradip_Qingdao,Paradip_IN,Qingdao_CN,3600,normal,48755.0,314.4,Aframax Tanker,115000,ammonia,8.5,3839.68,423.53,1239932.4,1177935.74,0.0,1,0,0
SCN_0008,R2_Paradip_Qingdao,Paradip_IN,Qingdao_CN,3600,normal,48755.0,314.4,Aframax Tanker,115000,ammonia,11.75,10142.67,306.38,2369386.3,2250917.0,0.0,1,1,1
SCN_0008,R2_Paradip_Qingdao,Paradip_IN,Qingdao_CN,3600,normal,48755.0,314.4,Aframax Tanker,115000,ammonia,15.0,13000.0,240.0,2378885.6,2259941.35,0.0,1,1,1
SCN_0009,R3_Vizag_Singapore,Visakhapatnam_IN,Singapore_SG,1450,normal,36535.0,132.0,Handysize Bulk Carrier,35000,conventional,8.5,2040.53,170.59,66805.3,40083.18,218252.92,0,0,0
SCN_0009,R3_Vizag_Singapore,Visakhapatnam_IN,Singapore_SG,1450,normal,36535.0,132.0,Handysize Bulk Carrier,35000,conventional,11.25,4730.91,128.89,117024.9,70214.92,382320.22,0,1,0
SCN_0009,R3_Vizag_Singapore,Visakhapatnam_IN,Singapore_SG,1450,normal,36535.0,132.0,Handysize Bulk Carrier,35000,conventional,14.0,6000.0,103.57,119264.1,71558.44,389635.71,0,1,0
SCN_0009,R3_Vizag_Singapore,Visakhapatnam_IN,Singapore_SG,1450,normal,36535.0,132.0,Handysize Bulk Carrier,35000,lng,8.5,2040.53,170.59,119897.9,53954.07,148373.7,0,0,0
SCN_0009,R3_Vizag_Singapore,Visakhapatnam_IN,Singapore_SG,1450,normal,36535.0,132.0,Handysize Bulk Carrier,35000,lng,11.25,4730.91,128.89,210028.8,94512.97,259910.67,0,1,0
SCN_0009,R3_Vizag_Singapore,Visakhapatnam_IN,Singapore_SG,1450,normal,36535.0,132.0,Handysize Bulk Carrier,35000,lng,14.0,6000.0,103.57,214047.6,96321.43,264883.93,0,1,0
SCN_0009,R3_Vizag_Singapore,Visakhapatnam_IN,Singapore_SG,1450,normal,36535.0,132.0,Handysize Bulk Carrier,35000,methanol,8.5,2040.53,170.59,153828.0,84605.4,168127.85,0,0,0
SCN_0009,R3_Vizag_Singapore,Visakhapatnam_IN,Singapore_SG,1450,normal,36535.0,132.0,Handysize Bulk Carrier,35000,methanol,11.25,4730.91,128.89,269465.1,148205.83,294514.62,0,1,0
SCN_0009,R3_Vizag_Singapore,Visakhapatnam_IN,Singapore_SG,1450,normal,36535.0,132.0,Handysize Bulk Carrier,35000,methanol,14.0,6000.0,103.57,274621.2,151041.67,300150.0,0,1,0
SCN_0009,R3_Vizag_Singapore,Visakhapatnam_IN,Singapore_SG,1450,normal,36535.0,132.0,Supramax Bulk Carrier,58000,conventional,8.5,2629.19,170.59,86077.4,51646.46,281214.96,1,0,0
SCN_0009,R3_Vizag_Singapore,Visakhapatnam_IN,Singapore_SG,1450,normal,36535.0,132.0,Supramax Bulk Carrier,58000,conventional,11.5,6511.16,126.09,157560.4,94536.25,514749.88,1,1,1
SCN_0009,R3_Vizag_Singapore,Visakhapatnam_IN,Singapore_SG,1450,normal,36535.0,132.0,Supramax Bulk Carrier,58000,conventional,14.5,8000.0,100.0,153535.4,92121.21,501600.0,1,1,1
SCN_0009,R3_Vizag_Singapore,Visakhapatnam_IN,Singapore_SG,1450,normal,36535.0,132.0,Supramax Bulk Carrier,58000,lng,8.5,2629.19,170.59,154486.3,69518.85,191176.84,1,0,0
SCN_0009,R3_Vizag_Singapore,Visakhapatnam_IN,Singapore_SG,1450,normal,36535.0,132.0,Supramax Bulk Carrier,58000,lng,11.5,6511.16,126.09,282779.5,127250.77,349939.61,1,1,1
SCN_0009,R3_Vizag_Singapore,Visakhapatnam_IN,Singapore_SG,1450,normal,36535.0,132.0,Supramax Bulk Carrier,58000,lng,14.5,8000.0,100.0,275555.6,124000.0,341000.0,1,1,1
SCN_0009,R3_Vizag_Singapore,Visakhapatnam_IN,Singapore_SG,1450,normal,36535.0,132.0,Supramax Bulk Carrier,58000,methanol,8.5,2629.19,170.59,198204.6,109012.53,216629.71,1,0,0
SCN_0009,R3_Vizag_Singapore,Visakhapatnam_IN,Singapore_SG,1450,normal,36535.0,132.0,Supramax Bulk Carrier,58000,methanol,11.5,6511.16,126.09,362803.6,199541.98,396529.81,1,1,1
SCN_0009,R3_Vizag_Singapore,Visakhapatnam_IN,Singapore_SG,1450,normal,36535.0,132.0,Supramax Bulk Carrier,58000,methanol,14.5,8000.0,100.0,353535.4,194444.44,386400.0,1,1,1
SCN_0009,R3_Vizag_Singapore,Visakhapatnam_IN,Singapore_SG,1450,normal,36535.0,132.0,Panamax Bulk Carrier,75000,conventional,8.5,3002.13,170.59,98287.3,58972.37,321104.56,1,0,0
SCN_0009,R3_Vizag_Singapore,Visakhapatnam_IN,Singapore_SG,1450,normal,36535.0,132.0,Panamax Bulk Carrier,75000,conventional,11.5,7434.75,126.09,179909.9,107945.97,587765.79,1,1,1
SCN_0009,R3_Vizag_Singapore,Visakhapatnam_IN,Singapore_SG,1450,normal,36535.0,132.0,Panamax Bulk Carrier,75000,conventional,14.5,9500.0,100.0,182323.2,109393.94,595650.0,1,1,1
SCN_0009,R3_Vizag_Singapore,Visakhapatnam_IN,Singapore_SG,1450,normal,36535.0,132.0,Panamax Bulk Carrier,75000,lng,8.5,3002.13,170.59,176399.8,79379.92,218294.77,1,0,0
SCN_0009,R3_Vizag_Singapore,Visakhapatnam_IN,Singapore_SG,1450,normal,36535.0,132.0,Panamax Bulk Carrier,75000,lng,11.5,7434.75,126.09,322891.0,145300.95,399577.62,1,1,1
SCN_0009,R3_Vizag_Singapore,Visakhapatnam_IN,Singapore_SG,1450,normal,36535.0,132.0,Panamax Bulk Carrier,75000,lng,14.5,9500.0,100.0,327222.2,147250.0,404937.5,1,1,1
SCN_0009,R3_Vizag_Singapore,Visakhapatnam_IN,Singapore_SG,1450,normal,36535.0,132.0,Panamax Bulk Carrier,75000,methanol,8.5,3002.13,170.59,226319.4,124475.67,247358.06,1,0,0
SCN_0009,R3_Vizag_Singapore,Visakhapatnam_IN,Singapore_SG,1450,normal,36535.0,132.0,Panamax Bulk Carrier,75000,methanol,11.5,7434.75,126.09,414266.3,227846.47,452776.51,1,1,1
SCN_0009,R3_Vizag_Singapore,Visakhapatnam_IN,Singapore_SG,1450,normal,36535.0,132.0,Panamax Bulk Carrier,75000,methanol,14.5,9500.0,100.0,419823.2,230902.78,458850.0,1,1,1
SCN_0009,R3_Vizag_Singapore,Visakhapatnam_IN,Singapore_SG,1450,normal,36535.0,132.0,Panamax Bulk Carrier,75000,ammonia,8.5,3002.13,170.59,390479.2,370955.24,0.0,1,0,0
SCN_0009,R3_Vizag_Singapore,Visakhapatnam_IN,Singapore_SG,1450,normal,36535.0,132.0,Panamax Bulk Carrier,75000,ammonia,11.5,7434.75,126.09,714752.6,679014.95,0.0,1,1,1
SCN_0009,R3_Vizag_Singapore,Visakhapatnam_IN,Singapore_SG,1450,normal,36535.0,132.0,Panamax Bulk Carrier,75000,ammonia,14.5,9500.0,100.0,724340.2,688123.17,0.0,1,1,1
SCN_0009,R3_Vizag_Singapore,Visakhapatnam_IN,Singapore_SG,1450,normal,36535.0,132.0,Kamsarmax Bulk Carrier,82000,conventional,8.5,3154.0,170.59,103259.4,61955.63,337348.4,1,0,0
SCN_0009,R3_Vizag_Singapore,Visakhapatnam_IN,Singapore_SG,1450,normal,36535.0,132.0,Kamsarmax Bulk Carrier,82000,conventional,12.0,8874.6,120.83,205804.2,123482.5,672362.22,1,1,1
SCN_0009,R3_Vizag_Singapore,Visakhapatnam_IN,Singapore_SG,1450,normal,36535.0,132.0,Kamsarmax Bulk Carrier,82000,conventional,15.5,9700.0,93.55,174151.2,104490.71,568951.94,1,1,1
SCN_0009,R3_Vizag_Singapore,Visakhapatnam_IN,Singapore_SG,1450,normal,36535.0,132.0,Kamsarmax Bulk Carrier,82000,lng,8.5,3154.0,170.59,185323.4,83395.54,229337.73,1,0,0
SCN_0009,R3_Vizag_Singapore,Visakhapatnam_IN,Singapore_SG,1450,normal,36535.0,132.0,Kamsarmax Bulk Carrier,82000,lng,12.0,8874.6,120.83,369364.3,166213.95,457088.35,1,1,1
SCN_0009,R3_Vizag_Singapore,Visakhapatnam_IN,Singapore_SG,1450,normal,36535.0,132.0,Kamsarmax Bulk Carrier,82000,lng,15.5,9700.0,93.55,312555.6,140650.0,386787.5,1,1,1
SCN_0009,R3_Vizag_Singapore,Visakhapatnam_IN,Singapore_SG,1450,normal,36535.0,132.0,Kamsarmax Bulk Carrier,82000,methanol,8.5,3154.0,170.59,237768.3,130772.57,259871.26,1,0,0
SCN_0009,R3_Vizag_Singapore,Visakhapatnam_IN,Singapore_SG,1450,normal,36535.0,132.0,Kamsarmax Bulk Carrier,82000,methanol,12.0,8874.6,120.83,473891.2,260640.15,517944.1,1,1,1
SCN_0009,R3_Vizag_Singapore,Visakhapatnam_IN,Singapore_SG,1450,normal,36535.0,132.0,Kamsarmax Bulk Carrier,82000,methanol,15.5,9700.0,93.55,401006.0,220553.32,438283.55,1,1,1
SCN_0009,R3_Vizag_Singapore,Visakhapatnam_IN,Singapore_SG,1450,normal,36535.0,132.0,Kamsarmax Bulk Carrier,82000,ammonia,8.5,3154.0,170.59,410232.5,389720.9,0.0,1,0,0
SCN_0009,R3_Vizag_Singapore,Visakhapatnam_IN,Singapore_SG,1450,normal,36535.0,132.0,Kamsarmax Bulk Carrier,82000,ammonia,12.0,8874.6,120.83,817626.1,776744.76,0.0,1,1,1
SCN_0009,R3_Vizag_Singapore,Visakhapatnam_IN,Singapore_SG,1450,normal,36535.0,132.0,Kamsarmax Bulk Carrier,82000,ammonia,15.5,9700.0,93.55,691874.0,657280.3,0.0,1,1,1
SCN_0009,R3_Vizag_Singapore,Visakhapatnam_IN,Singapore_SG,1450,normal,36535.0,132.0,Kamsarmax Bulk Carrier,82000,hydrogen,8.5,3154.0,170.59,492567.9,911250.66,0.0,1,0,0
SCN_0009,R3_Vizag_Singapore,Visakhapatnam_IN,Singapore_SG,1450,normal,36535.0,132.0,Kamsarmax Bulk Carrier,82000,hydrogen,12.0,8874.6,120.83,981727.1,1816195.09,0.0,1,1,1
SCN_0009,R3_Vizag_Singapore,Visakhapatnam_IN,Singapore_SG,1450,normal,36535.0,132.0,Kamsarmax Bulk Carrier,82000,hydrogen,15.5,9700.0,93.55,830736.0,1536861.65,0.0,1,1,1
SCN_0009,R3_Vizag_Singapore,Visakhapatnam_IN,Singapore_SG,1450,normal,36535.0,132.0,Capesize Bulk Carrier,180000,conventional,8.5,4981.09,170.59,163076.7,97846.01,532771.53,1,0,0
SCN_0009,R3_Vizag_Singapore,Visakhapatnam_IN,Singapore_SG,1450,normal,36535.0,132.0,Capesize Bulk Carrier,180000,conventional,12.0,14000.0,120.83,324663.3,194797.98,1060675.0,1,1,1
SCN_0009,R3_Vizag_Singapore,Visakhapatnam_IN,Singapore_SG,1450,normal,36535.0,132.0,Capesize Bulk Carrier,180000,conventional,15.5,14000.0,93.55,251352.2,150811.34,821167.74,1,1,1
SCN_0009,R3_Vizag_Singapore,Visakhapatnam_IN,Singapore_SG,1450,normal,36535.0,132.0,Capesize Bulk Carrier,180000,lng,8.5,4981.09,170.59,292679.7,131705.88,362191.17,1,0,0
SCN_0009,R3_Vizag_Singapore,Visakhapatnam_IN,Singapore_SG,1450,normal,36535.0,132.0,Capesize Bulk Carrier,180000,lng,12.0,14000.0,120.83,582685.2,262208.33,721072.92,1,1,1
SCN_0009,R3_Vizag_Singapore,Visakhapatnam_IN,Singapore_SG,1450,normal,36535.0,132.0,Capesize Bulk Carrier,180000,lng,15.5,14000.0,93.55,451111.1,203000.0,558250.0,1,1,1
SCN_0009,R3_Vizag_Singapore,Visakhapatnam_IN,Singapore_SG,1450,normal,36535.0,132.0,Capesize Bulk Carrier,180000,ammonia,8.5,4981.09,170.59,647876.8,615482.97,0.0,1,0,0
SCN_0009,R3_Vizag_Singapore,Visakhapatnam_IN,Singapore_SG,1450,normal,36535.0,132.0,Capesize Bulk Carrier,180000,ammonia,12.0,14000.0,120.83,1289833.8,1225342.13,0.0,1,1,1
SCN_0009,R3_Vizag_Singapore,Visakhapatnam_IN,Singapore_SG,1450,normal,36535.0,132.0,Capesize Bulk Carrier,180000,ammonia,15.5,14000.0,93.55,998581.0,948651.97,0.0,1,1,1
SCN_0009,R3_Vizag_Singapore,Visakhapatnam_IN,Singapore_SG,1450,normal,36535.0,132.0,Aframax Tanker,115000,conventional,8.5,3859.61,170.59,126360.5,75816.28,412819.64,1,0,0
SCN_0009,R3_Vizag_Singapore,Visakhapatnam_IN,Singapore_SG,1450,normal,36535.0,132.0,Aframax Tanker,115000,conventional,11.75,10195.31,123.4,241462.2,144877.3,788856.91,1,1,1
SCN_0009,R3_Vizag_Singapore,Visakhapatnam_IN,Singapore_SG,1450,normal,36535.0,132.0,Aframax Tanker,115000,conventional,15.0,13000.0,96.67,241178.5,144707.07,787930.0,1,1,1
SCN_0009,R3_Vizag_Singapore,Visakhapatnam_IN,Singapore_SG,1450,normal,36535.0,132.0,Aframax Tanker,115000,lng,8.5,3859.61,170.59,226783.8,102052.7,280644.93,1,0,0
SCN_0009,R3_Vizag_Singapore,Visakhapatnam_IN,Singapore_SG,1450,normal,36535.0,132.0,Aframax Tanker,115000,lng,11.75,10195.31,123.4,433361.1,195012.47,536284.3,1,1,1
SCN_0009,R3_Vizag_Singapore,Visakhapatnam_IN,Singapore_SG,1450,normal,36535.0,132.0,Aframax Tanker,115000,lng,15.0,13000.0,96.67,432851.9,194783.33,535654.17,1,1,1
SCN_0009,R3_Vizag_Singapore,Visakhapatnam_IN,Singapore_SG,1450,normal,36535.0,132.0,Aframax Tanker,115000,ammonia,8.5,3859.61,170.59,502009.3,476908.85,0.0,1,0,0
SCN_0009,R3_Vizag_Singapore,Visakhapatnam_IN,Singapore_SG,1450,normal,36535.0,132.0,Aframax Tanker,115000,ammonia,11.75,10195.31,123.4,959289.4,911324.96,0.0,1,1,1
SCN_0009,R3_Vizag_Singapore,Visakhapatnam_IN,Singapore_SG,1450,normal,36535.0,132.0,Aframax Tanker,115000,ammonia,15.0,13000.0,96.67,958162.3,910254.15,0.0,1,1,1
SCN_0010,R3_Vizag_Singapore,Visakhapatnam_IN,Singapore_SG,1450,normal,85694.0,139.2,Handysize Bulk Carrier,35000,conventional,8.5,2054.32,170.59,67256.7,40354.03,219727.71,0,0,0
SCN_0010,R3_Vizag_Singapore,Visakhapatnam_IN,Singapore_SG,1450,normal,85694.0,139.2,Handysize Bulk Carrier,35000,conventional,11.25,4762.87,128.89,117815.6,70689.38,384903.65,0,1,0
SCN_0010,R3_Vizag_Singapore,Visakhapatnam_IN,Singapore_SG,1450,normal,85694.0,139.2,Handysize Bulk Carrier,35000,conventional,14.0,6000.0,103.57,119264.1,71558.44,389635.71,0,1,0
SCN_0010,R3_Vizag_Singapore,Visakhapatnam_IN,Singapore_SG,1450,normal,85694.0,139.2,Handysize Bulk Carrier,35000,lng,8.5,2054.32,170.59,120708.1,54318.65,149376.3,0,0,0
SCN_0010,R3_Vizag_Singapore,Visakhapatnam_IN,Singapore_SG,1450,normal,85694.0,139.2,Handysize Bulk Carrier,35000,lng,11.25,4762.87,128.89,211448.0,95151.62,261666.96,0,1,0
SCN_0010,R3_Vizag_Singapore,Visakhapatnam_IN,Singapore_SG,1450,normal,85694.0,139.2,Handysize Bulk Carrier,35000,lng,14.0,6000.0,103.57,214047.6,96321.43,264883.93,0,1,0
SCN_0010,R3_Vizag_Singapore,Visakhapatnam_IN,Singapore_SG,1450,normal,85694.0,139.2,Handysize Bulk Carrier,35000,methanol,8.5,2054.32,170.59,154867.5,85177.1,169263.93,0,0,0
SCN_0010,R3_Vizag_Singapore,Visakhapatnam_IN,Singapore_SG,1450,normal,85694.0,139.2,Handysize Bulk Carrier,35000,methanol,11.25,4762.87,128.89,271286.0,149207.29,296504.73,0,1,0
SCN_0010,R3_Vizag_Singapore,Visakhapatnam_IN,Singapore_SG,1450,normal,85694.0,139.2,Handysize Bulk Carrier,35000,methanol,14.0,6000.0,103.57,274621.2,151041.67,300150.0,0,1,0
SCN_0010,R3_Vizag_Singapore,Visakhapatnam_IN,Singapore_SG,1450,normal,85694.0,139.2,Supramax Bulk Carrier,58000,conventional,8.5,2646.96,170.59,86659.1,51995.45,283115.2,0,0,0
SCN_0010,R3_Vizag_Singapore,Visakhapatnam_IN,Singapore_SG,1450,normal,85694.0,139.2,Supramax Bulk Carrier,58000,conventional,11.5,6555.16,126.09,158625.1,95175.06,518228.18,0,1,0
SCN_0010,R3_Vizag_Singapore,Visakhapatnam_IN,Singapore_SG,1450,normal,85694.0,139.2,Supramax Bulk Carrier,58000,conventional,14.5,8000.0,100.0,153535.4,92121.21,501600.0,0,1,0
SCN_0010,R3_Vizag_Singapore,Visakhapatnam_IN,Singapore_SG,1450,normal,85694.0,139.2,Supramax Bulk Carrier,58000,lng,8.5,2646.96,170.59,155530.2,69988.61,192468.67,0,0,0
SCN_0010,R3_Vizag_Singapore,Visakhapatnam_IN,Singapore_SG,1450,normal,85694.0,139.2,Supramax Bulk Carrier,58000,lng,11.5,6555.16,126.09,284690.3,128110.63,352304.24,0,1,0
SCN_0010,R3_Vizag_Singapore,Visakhapatnam_IN,Singapore_SG,1450,normal,85694.0,139.2,Supramax Bulk Carrier,58000,lng,14.5,8000.0,100.0,275555.6,124000.0,341000.0,0,1,0
SCN_0010,R3_Vizag_Singapore,Visakhapatnam_IN,Singapore_SG,1450,normal,85694.0,139.2,Supramax Bulk Carrier,58000,methanol,8.5,2646.96,170.59,199543.9,109749.16,218093.53,0,0,0
SCN_0010,R3_Vizag_Singapore,Visakhapatnam_IN,Singapore_SG,1450,normal,85694.0,139.2,Supramax Bulk Carrier,58000,methanol,11.5,6555.16,126.09,365255.1,200890.33,399209.27,0,1,0
SCN_0010,R3_Vizag_Singapore,Visakhapatnam_IN,Singapore_SG,1450,normal,85694.0,139.2,Supramax Bulk Carrier,58000,methanol,14.5,8000.0,100.0,353535.4,194444.44,386400.0,0,1,0
SCN_0010,R3_Vizag_Singapore,Visakhapatnam_IN,Singapore_SG,1450,normal,85694.0,139.2,Panamax Bulk Carrier,75000,conventional,8.5,3022.42,170.59,98951.4,59370.86,323274.34,0,0,0
SCN_0010,R3_Vizag_Singapore,Visakhapatnam_IN,Singapore_SG,1450,normal,85694.0,139.2,Panamax Bulk Carrier,75000,conventional,11.5,7484.99,126.09,181125.6,108675.38,591737.47,0,1,0
SCN_0010,R3_Vizag_Singapore,Visakhapatnam_IN,Singapore_SG,1450,normal,85694.0,139.2,Panamax Bulk Carrier,75000,conventional,14.5,9500.0,100.0,182323.2,109393.94,595650.0,0,1,0
SCN_0010,R3_Vizag_Singapore,Visakhapatnam_IN,Singapore_SG,1450,normal,85694.0,139.2,Panamax Bulk Carrier,75000,lng,8.5,3022.42,170.59,177591.8,79916.31,219769.84,0,0,0
SCN_0010,R3_Vizag_Singapore,Visakhapatnam_IN,Singapore_SG,1450,normal,85694.0,139.2,Panamax Bulk Carrier,75000,lng,11.5,7484.99,126.09,325072.9,146282.79,402277.67,0,1,0
SCN_0010,R3_Vizag_Singapore,Visakhapatnam_IN,Singapore_SG,1450,normal,85694.0,139.2,Panamax Bulk Carrier,75000,lng,14.5,9500.0,100.0,327222.2,147250.0,404937.5,0,1,0
SCN_0010,R3_Vizag_Singapore,Visakhapatnam_IN,Singapore_SG,1450,normal,85694.0,139.2,Panamax Bulk Carrier,75000,methanol,8.5,3022.42,170.59,227848.7,125316.79,249029.52,0,0,0
SCN_0010,R3_Vizag_Singapore,Visakhapatnam_IN,Singapore_SG,1450,normal,85694.0,139.2,Panamax Bulk Carrier,75000,methanol,11.5,7484.99,126.09,417065.6,229386.09,455836.04,0,1,0
SCN_0010,R3_Vizag_Singapore,Visakhapatnam_IN,Singapore_SG,1450,normal,85694.0,139.2,Panamax Bulk Carrier,75000,methanol,14.5,9500.0,100.0,419823.2,230902.78,458850.0,0,1,0
SCN_0010,R3_Vizag_Singapore,Visakhapatnam_IN,Singapore_SG,1450,normal,85694.0,139.2,Panamax Bulk Carrier,75000,ammonia,8.5,3022.42,170.59,393117.8,373461.88,0.0,0,0,0
SCN_0010,R3_Vizag_Singapore,Visakhapatnam_IN,Singapore_SG,1450,normal,85694.0,139.2,Panamax Bulk Carrier,75000,ammonia,11.5,7484.99,126.09,719582.3,683603.23,0.0,0,1,0
SCN_0010,R3_Vizag_Singapore,Visakhapatnam_IN,Singapore_SG,1450,normal,85694.0,139.2,Panamax Bulk Carrier,75000,ammonia,14.5,9500.0,100.0,724340.2,688123.17,0.0,0,1,0
SCN_0010,R3_Vizag_Singapore,Visakhapatnam_IN,Singapore_SG,1450,normal,85694.0,139.2,Kamsarmax Bulk Carrier,82000,conventional,8.5,3175.31,170.59,103957.1,62374.28,339627.95,0,0,0
SCN_0010,R3_Vizag_Singapore,Visakhapatnam_IN,Singapore_SG,1450,normal,85694.0,139.2,Kamsarmax Bulk Carrier,82000,conventional,12.0,8934.57,120.83,207194.8,124316.9,676905.54,0,1,0
SCN_0010,R3_Vizag_Singapore,Visakhapatnam_IN,Singapore_SG,1450,normal,85694.0,139.2,Kamsarmax Bulk Carrier,82000,conventional,15.5,9700.0,93.55,174151.2,104490.71,568951.94,0,1,0
SCN_0010,R3_Vizag_Singapore,Visakhapatnam_IN,Singapore_SG,1450,normal,85694.0,139.2,Kamsarmax Bulk Carrier,82000,lng,8.5,3175.31,170.59,186575.7,83959.06,230887.42,0,0,0
SCN_0010,R3_Vizag_Singapore,Visakhapatnam_IN,Singapore_SG,1450,normal,85694.0,139.2,Kamsarmax Bulk Carrier,82000,lng,12.0,8934.57,120.83,371860.2,167337.1,460177.01,0,1,0
SCN_0010,R3_Vizag_Singapore,Visakhapatnam_IN,Singapore_SG,1450,normal,85694.0,139.2,Kamsarmax Bulk Carrier,82000,lng,15.5,9700.0,93.55,312555.6,140650.0,386787.5,0,1,0
SCN_0010,R3_Vizag_Singapore,Visakhapatnam_IN,Singapore_SG,1450,normal,85694.0,139.2,Kamsarmax Bulk Carrier,82000,methanol,8.5,3175.31,170.59,239375.0,131656.24,261627.27,0,0,0
SCN_0010,R3_Vizag_Singapore,Visakhapatnam_IN,Singapore_SG,1450,normal,85694.0,139.2,Kamsarmax Bulk Carrier,82000,methanol,12.0,8934.57,120.83,477093.4,262401.36,521443.98,0,1,0
SCN_0010,R3_Vizag_Singapore,Visakhapatnam_IN,Singapore_SG,1450,normal,85694.0,139.2,Kamsarmax Bulk Carrier,82000,methanol,15.5,9700.0,93.55,401006.0,220553.32,438283.55,0,1,0
SCN_0010,R3_Vizag_Singapore,Visakhapatnam_IN,Singapore_SG,1450,normal,85694.0,139.2,Kamsarmax Bulk Carrier,82000,ammonia,8.5,3175.31,170.59,413004.6,392354.34,0.0,0,0,0
SCN_0010,R3_Vizag_Singapore,Visakhapatnam_IN,Singapore_SG,1450,normal,85694.0,139.2,Kamsarmax Bulk Carrier,82000,ammonia,12.0,8934.57,120.83,823151.0,781993.43,0.0,0,1,0
SCN_0010,R3_Vizag_Singapore,Visakhapatnam_IN,Singapore_SG,1450,normal,85694.0,139.2,Kamsarmax Bulk Carrier,82000,ammonia,15.5,9700.0,93.55,691874.0,657280.3,0.0,0,1,0
SCN_0010,R3_Vizag_Singapore,Visakhapatnam_IN,Singapore_SG,1450,normal,85694.0,139.2,Kamsarmax Bulk Carrier,82000,hydrogen,8.5,3175.31,170.59,495896.3,917408.21,0.0,0,0,0
SCN_0010,R3_Vizag_Singapore,Visakhapatnam_IN,Singapore_SG,1450,normal,85694.0,139.2,Kamsarmax Bulk Carrier,82000,hydrogen,12.0,8934.57,120.83,988360.9,1828467.58,0.0,0,1,0
SCN_0010,R3_Vizag_Singapore,Visakhapatnam_IN,Singapore_SG,1450,normal,85694.0,139.2,Kamsarmax Bulk Carrier,82000,hydrogen,15.5,9700.0,93.55,830736.0,1536861.65,0.0,0,1,0
SCN_0010,R3_Vizag_Singapore,Visakhapatnam_IN,Singapore_SG,1450,normal,85694.0,139.2,Capesize Bulk Carrier,180000,conventional,8.5,5014.75,170.59,164178.6,98507.18,536371.6,1,0,0
SCN_0010,R3_Vizag_Singapore,Visakhapatnam_IN,Singapore_SG,1450,normal,85694.0,139.2,Capesize Bulk Carrier,180000,conventional,12.0,14000.0,120.83,324663.3,194797.98,1060675.0,1,1,1
SCN_0010,R3_Vizag_Singapore,Visakhapatnam_IN,Singapore_SG,1450,normal,85694.0,139.2,Capesize Bulk Carrier,180000,conventional,15.5,14000.0,93.55,251352.2,150811.34,821167.74,1,1,1
SCN_0010,R3_Vizag_Singapore,Visakhapatnam_IN,Singapore_SG,1450,normal,85694.0,139.2,Capesize Bulk Carrier,180000,lng,8.5,5014.75,170.59,294657.4,132595.85,364638.59,1,0,0
SCN_0010,R3_Vizag_Singapore,Visakhapatnam_IN,Singapore_SG,1450,normal,85694.0,139.2,Capesize Bulk Carrier,180000,lng,12.0,14000.0,120.83,582685.2,262208.33,721072.92,1,1,1
SCN_0010,R3_Vizag_Singapore,Visakhapatnam_IN,Singapore_SG,1450,normal,85694.0,139.2,Capesize Bulk Carrier,180000,lng,15.5,14000.0,93.55,451111.1,203000.0,558250.0,1,1,1
SCN_0010,R3_Vizag_Singapore,Visakhapatnam_IN,Singapore_SG,1450,normal,85694.0,139.2,Capesize Bulk Carrier,180000,ammonia,8.5,5014.75,170.59,652254.7,619641.94,0.0,1,0,0
SCN_0010,R3_Vizag_Singapore,Visakhapatnam_IN,Singapore_SG,1450,normal,85694.0,139.2,Capesize Bulk Carrier,180000,ammonia,12.0,14000.0,120.83,1289833.8,1225342.13,0.0,1,1,1
SCN_0010,R3_Vizag_Singapore,Visakhapatnam_IN,Singapore_SG,1450,normal,85694.0,139.2,Capesize Bulk Carrier,180000,ammonia,15.5,14000.0,93.55,998581.0,948651.97,0.0,1,1,1
SCN_0010,R3_Vizag_Singapore,Visakhapatnam_IN,Singapore_SG,1450,normal,85694.0,139.2,Aframax Tanker,115000,conventional,8.5,3885.69,170.59,127214.3,76328.59,415609.17,1,0,0
SCN_0010,R3_Vizag_Singapore,Visakhapatnam_IN,Singapore_SG,1450,normal,85694.0,139.2,Aframax Tanker,115000,conventional,11.75,10264.21,123.4,243093.8,145856.27,794187.42,1,1,1
SCN_0010,R3_Vizag_Singapore,Visakhapatnam_IN,Singapore_SG,1450,normal,85694.0,139.2,Aframax Tanker,115000,conventional,15.0,13000.0,96.67,241178.5,144707.07,787930.0,1,1,1
SCN_0010,R3_Vizag_Singapore,Visakhapatnam_IN,Singapore_SG,1450,normal,85694.0,139.2,Aframax Tanker,115000,lng,8.5,3885.69,170.59,228316.2,102742.3,282541.32,1,0,0
SCN_0010,R3_Vizag_Singapore,Visakhapatnam_IN,Singapore_SG,1450,normal,85694.0,139.2,Aframax Tanker,115000,lng,11.75,10264.21,123.4,436289.4,196330.22,539908.11,1,1,1
SCN_0010,R3_Vizag_Singapore,Visakhapatnam_IN,Singapore_SG,1450,normal,85694.0,139.2,Aframax Tanker,115000,lng,15.0,13000.0,96.67,432851.9,194783.33,535654.17,1,1,1
SCN_0010,R3_Vizag_Singapore,Visakhapatnam_IN,Singapore_SG,1450,normal,85694.0,139.2,Aframax Tanker,115000,ammonia,8.5,3885.69,170.59,505401.5,480131.45,0.0,1,0,0
SCN_0010,R3_Vizag_Singapore,Visakhapatnam_IN,Singapore_SG,1450,normal,85694.0,139.2,Aframax Tanker,115000,ammonia,11.75,10264.21,123.4,965771.6,917483.02,0.0,1,1,1
SCN_0010,R3_Vizag_Singapore,Visakhapatnam_IN,Singapore_SG,1450,normal,85694.0,139.2,Aframax Tanker,115000,ammonia,15.0,13000.0,96.67,958162.3,910254.15,0.0,1,1,1
SCN_0011,R3_Vizag_Singapore,Visakhapatnam_IN,Singapore_SG,1450,moderate_weather,146584.0,132.0,Supramax Bulk Carrier,58000,conventional,8.5,2712.75,170.59,88813.2,53287.92,290152.73,0,0,0
SCN_0011,R3_Vizag_Singapore,Visakhapatnam_IN,Singapore_SG,1450,moderate_weather,146584.0,132.0,Supramax Bulk Carrier,58000,conventional,11.5,6718.1,126.09,162568.1,97540.87,531110.01,0,1,0
SCN_0011,R3_Vizag_Singapore,Visakhapatnam_IN,Singapore_SG,1450,moderate_weather,146584.0,132.0,Supramax Bulk Carrier,58000,conventional,14.5,8000.0,100.0,153535.4,92121.21,501600.0,0,1,0
SCN_0011,R3_Vizag_Singapore,Visakhapatnam_IN,Singapore_SG,1450,moderate_weather,146584.0,132.0,Supramax Bulk Carrier,58000,lng,8.5,2712.75,170.59,159396.3,71728.35,197252.95,0,0,0
SCN_0011,R3_Vizag_Singapore,Visakhapatnam_IN,Singapore_SG,1450,moderate_weather,146584.0,132.0,Supramax Bulk Carrier,58000,lng,11.5,6718.1,126.09,291767.0,131295.14,361061.63,0,1,0
SCN_0011,R3_Vizag_Singapore,Visakhapatnam_IN,Singapore_SG,1450,moderate_weather,146584.0,132.0,Supramax Bulk Carrier,58000,lng,14.5,8000.0,100.0,275555.6,124000.0,341000.0,0,1,0
SCN_0011,R3_Vizag_Singapore,Visakhapatnam_IN,Singapore_SG,1450,moderate_weather,146584.0,132.0,Supramax Bulk Carrier,58000,methanol,8.5,2712.75,170.59,204504.1,112477.25,223514.78,0,0,0
SCN_0011,R3_Vizag_Singapore,Visakhapatnam_IN,Singapore_SG,1450,moderate_weather,146584.0,132.0,Supramax Bulk Carrier,58000,methanol,11.5,6718.1,126.09,374334.5,205883.95,409132.59,0,1,0
SCN_0011,R3_Vizag_Singapore,Visakhapatnam_IN,Singapore_SG,1450,moderate_weather,146584.0,132.0,Supramax Bulk Carrier,58000,methanol,14.5,8000.0,100.0,353535.4,194444.44,386400.0,0,1,0
SCN_0011,R3_Vizag_Singapore,Visakhapatnam_IN,Singapore_SG,1450,moderate_weather,146584.0,132.0,Panamax Bulk Carrier,75000,conventional,8.5,3097.55,170.59,101411.1,60846.67,331310.12,0,0,0
SCN_0011,R3_Vizag_Singapore,Visakhapatnam_IN,Singapore_SG,1450,moderate_weather,146584.0,132.0,Panamax Bulk Carrier,75000,conventional,11.5,7671.05,126.09,185628.0,111376.78,606446.56,0,1,0
SCN_0011,R3_Vizag_Singapore,Visakhapatnam_IN,Singapore_SG,1450,moderate_weather,146584.0,132.0,Panamax Bulk Carrier,75000,conventional,14.5,9500.0,100.0,182323.2,109393.94,595650.0,0,1,0
SCN_0011,R3_Vizag_Singapore,Visakhapatnam_IN,Singapore_SG,1450,moderate_weather,146584.0,132.0,Panamax Bulk Carrier,75000,lng,8.5,3097.55,170.59,182006.3,81902.82,225232.76,0,0,0
SCN_0011,R3_Vizag_Singapore,Visakhapatnam_IN,Singapore_SG,1450,moderate_weather,146584.0,132.0,Panamax Bulk Carrier,75000,lng,11.5,7671.05,126.09,333153.3,149919.01,412277.27,0,1,0
SCN_0011,R3_Vizag_Singapore,Visakhapatnam_IN,Singapore_SG,1450,moderate_weather,146584.0,132.0,Panamax Bulk Carrier,75000,lng,14.5,9500.0,100.0,327222.2,147250.0,404937.5,0,1,0
SCN_0011,R3_Vizag_Singapore,Visakhapatnam_IN,Singapore_SG,1450,moderate_weather,146584.0,132.0,Panamax Bulk Carrier,75000,methanol,8.5,3097.55,170.59,233512.4,128431.84,255219.76,0,0,0
SCN_0011,R3_Vizag_Singapore,Visakhapatnam_IN,Singapore_SG,1450,moderate_weather,146584.0,132.0,Panamax Bulk Carrier,75000,methanol,11.5,7671.05,126.09,427432.8,235088.05,467166.97,0,1,0
SCN_0011,R3_Vizag_Singapore,Visakhapatnam_IN,Singapore_SG,1450,moderate_weather,146584.0,132.0,Panamax Bulk Carrier,75000,methanol,14.5,9500.0,100.0,419823.2,230902.78,458850.0,0,1,0
SCN_0011,R3_Vizag_Singapore,Visakhapatnam_IN,Singapore_SG,1450,moderate_weather,146584.0,132.0,Panamax Bulk Carrier,75000,ammonia,8.5,3097.55,170.59,402889.7,382745.19,0.0,0,0,0
SCN_0011,R3_Vizag_Singapore,Visakhapatnam_IN,Singapore_SG,1450,moderate_weather,146584.0,132.0,Panamax Bulk Carrier,75000,ammonia,11.5,7671.05,126.09,737469.3,700595.86,0.0,0,1,0
SCN_0011,R3_Vizag_Singapore,Visakhapatnam_IN,Singapore_SG,1450,moderate_weather,146584.0,132.0,Panamax Bulk Carrier,75000,ammonia,14.5,9500.0,100.0,724340.2,688123.17,0.0,0,1,0
SCN_0011,R3_Vizag_Singapore,Visakhapatnam_IN,Singapore_SG,1450,moderate_weather,146584.0,132.0,Kamsarmax Bulk Carrier,82000,conventional,8.5,3254.25,170.59,106541.2,63924.75,348070.24,0,0,0
SCN_0011,R3_Vizag_Singapore,Visakhapatnam_IN,Singapore_SG,1450,moderate_weather,146584.0,132.0,Kamsarmax Bulk Carrier,82000,conventional,12.0,9156.66,120.83,212345.2,127407.11,693731.69,0,1,0
SCN_0011,R3_Vizag_Singapore,Visakhapatnam_IN,Singapore_SG,1450,moderate_weather,146584.0,132.0,Kamsarmax Bulk Carrier,82000,conventional,15.5,9700.0,93.55,174151.2,104490.71,568951.94,0,1,0
SCN_0011,R3_Vizag_Singapore,Visakhapatnam_IN,Singapore_SG,1450,moderate_weather,146584.0,132.0,Kamsarmax Bulk Carrier,82000,lng,8.5,3254.25,170.59,191213.5,86046.07,236626.7,0,0,0
SCN_0011,R3_Vizag_Singapore,Visakhapatnam_IN,Singapore_SG,1450,moderate_weather,146584.0,132.0,Kamsarmax Bulk Carrier,82000,lng,12.0,9156.66,120.83,381103.7,171496.67,471615.84,0,1,0
SCN_0011,R3_Vizag_Singapore,Visakhapatnam_IN,Singapore_SG,1450,moderate_weather,146584.0,132.0,Kamsarmax Bulk Carrier,82000,lng,15.5,9700.0,93.55,312555.6,140650.0,386787.5,0,1,0
SCN_0011,R3_Vizag_Singapore,Visakhapatnam_IN,Singapore_SG,1450,moderate_weather,146584.0,132.0,Kamsarmax Bulk Carrier,82000,methanol,8.5,3254.25,170.59,245325.2,134928.88,268130.66,0,0,0
SCN_0011,R3_Vizag_Singapore,Visakhapatnam_IN,Singapore_SG,1450,moderate_weather,146584.0,132.0,Kamsarmax Bulk Carrier,82000,methanol,12.0,9156.66,120.83,488952.7,268923.99,534405.75,0,1,0
SCN_0011,R3_Vizag_Singapore,Visakhapatnam_IN,Singapore_SG,1450,moderate_weather,146584.0,132.0,Kamsarmax Bulk Carrier,82000,methanol,15.5,9700.0,93.55,401006.0,220553.32,438283.55,0,1,0
SCN_0011,R3_Vizag_Singapore,Visakhapatnam_IN,Singapore_SG,1450,moderate_weather,146584.0,132.0,Kamsarmax Bulk Carrier,82000,ammonia,8.5,3254.25,170.59,423270.8,402107.27,0.0,0,0,0
SCN_0011,R3_Vizag_Singapore,Visakhapatnam_IN,Singapore_SG,1450,moderate_weather,146584.0,132.0,Kamsarmax Bulk Carrier,82000,ammonia,12.0,9156.66,120.83,843612.4,801431.8,0.0,0,1,0
SCN_0011,R3_Vizag_Singapore,Visakhapatnam_IN,Singapore_SG,1450,moderate_weather,146584.0,132.0,Kamsarmax Bulk Carrier,82000,ammonia,15.5,9700.0,93.55,691874.0,657280.3,0.0,0,1,0
SCN_0011,R3_Vizag_Singapore,Visakhapatnam_IN,Singapore_SG,1450,moderate_weather,146584.0,132.0,Kamsarmax Bulk Carrier,82000,hydrogen,8.5,3254.25,170.59,508223.1,940212.65,0.0,0,0,0
SCN_0011,R3_Vizag_Singapore,Visakhapatnam_IN,Singapore_SG,1450,moderate_weather,146584.0,132.0,Kamsarmax Bulk Carrier,82000,hydrogen,12.0,9156.66,120.83,1012929.0,1873918.64,0.0,0,1,0
SCN_0011,R3_Vizag_Singapore,Visakhapatnam_IN,Singapore_SG,1450,moderate_weather,146584.0,132.0,Kamsarmax Bulk Carrier,82000,hydrogen,15.5,9700.0,93.55,830736.0,1536861.65,0.0,0,1,0
SCN_0011,R3_Vizag_Singapore,Visakhapatnam_IN,Singapore_SG,1450,moderate_weather,146584.0,132.0,Capesize Bulk Carrier,180000,conventional,8.5,5139.4,170.59,168259.7,100955.82,549704.43,1,0,0
SCN_0011,R3_Vizag_Singapore,Visakhapatnam_IN,Singapore_SG,1450,moderate_weather,146584.0,132.0,Capesize Bulk Carrier,180000,conventional,12.0,14000.0,120.83,324663.3,194797.98,1060675.0,1,1,1
SCN_0011,R3_Vizag_Singapore,Visakhapatnam_IN,Singapore_SG,1450,moderate_weather,146584.0,132.0,Capesize Bulk Carrier,180000,conventional,15.5,14000.0,93.55,251352.2,150811.34,821167.74,1,1,1
SCN_0011,R3_Vizag_Singapore,Visakhapatnam_IN,Singapore_SG,1450,moderate_weather,146584.0,132.0,Capesize Bulk Carrier,180000,lng,8.5,5139.4,170.59,301981.9,135891.85,373702.58,1,0,0
SCN_0011,R3_Vizag_Singapore,Visakhapatnam_IN,Singapore_SG,1450,moderate_weather,146584.0,132.0,Capesize Bulk Carrier,180000,lng,12.0,14000.0,120.83,582685.2,262208.33,721072.92,1,1,1
SCN_0011,R3_Vizag_Singapore,Visakhapatnam_IN,Singapore_SG,1450,moderate_weather,146584.0,132.0,Capesize Bulk Carrier,180000,lng,15.5,14000.0,93.55,451111.1,203000.0,558250.0,1,1,1
SCN_0011,R3_Vizag_Singapore,Visakhapatnam_IN,Singapore_SG,1450,moderate_weather,146584.0,132.0,Capesize Bulk Carrier,180000,ammonia,8.5,5139.4,170.59,668468.1,635044.67,0.0,1,0,0
SCN_0011,R3_Vizag_Singapore,Visakhapatnam_IN,Singapore_SG,1450,moderate_weather,146584.0,132.0,Capesize Bulk Carrier,180000,ammonia,12.0,14000.0,120.83,1289833.8,1225342.13,0.0,1,1,1
SCN_0011,R3_Vizag_Singapore,Visakhapatnam_IN,Singapore_SG,1450,moderate_weather,146584.0,132.0,Capesize Bulk Carrier,180000,ammonia,15.5,14000.0,93.55,998581.0,948651.97,0.0,1,1,1
SCN_0011,R3_Vizag_Singapore,Visakhapatnam_IN,Singapore_SG,1450,moderate_weather,146584.0,132.0,Aframax Tanker,115000,conventional,8.5,3982.28,170.59,130376.5,78225.92,425940.16,0,0,0
SCN_0011,R3_Vizag_Singapore,Visakhapatnam_IN,Singapore_SG,1450,moderate_weather,146584.0,132.0,Aframax Tanker,115000,conventional,11.75,10519.35,123.4,249136.5,149481.89,813928.9,0,1,0
SCN_0011,R3_Vizag_Singapore,Visakhapatnam_IN,Singapore_SG,1450,moderate_weather,146584.0,132.0,Aframax Tanker,115000,conventional,15.0,13000.0,96.67,241178.5,144707.07,787930.0,0,1,0
SCN_0011,R3_Vizag_Singapore,Visakhapatnam_IN,Singapore_SG,1450,moderate_weather,146584.0,132.0,Aframax Tanker,115000,lng,8.5,3982.28,170.59,233991.6,105296.21,289564.58,0,0,0
SCN_0011,R3_Vizag_Singapore,Visakhapatnam_IN,Singapore_SG,1450,moderate_weather,146584.0,132.0,Aframax Tanker,115000,lng,11.75,10519.35,123.4,447134.4,201210.49,553328.86,0,1,0
SCN_0011,R3_Vizag_Singapore,Visakhapatnam_IN,Singapore_SG,1450,moderate_weather,146584.0,132.0,Aframax Tanker,115000,lng,15.0,13000.0,96.67,432851.9,194783.33,535654.17,0,1,0
SCN_0011,R3_Vizag_Singapore,Visakhapatnam_IN,Singapore_SG,1450,moderate_weather,146584.0,132.0,Aframax Tanker,115000,ammonia,8.5,3982.28,170.59,517964.5,492066.3,0.0,0,0,0
SCN_0011,R3_Vizag_Singapore,Visakhapatnam_IN,Singapore_SG,1450,moderate_weather,146584.0,132.0,Aframax Tanker,115000,ammonia,11.75,10519.35,123.4,989778.2,940289.32,0.0,0,1,0
SCN_0011,R3_Vizag_Singapore,Visakhapatnam_IN,Singapore_SG,1450,moderate_weather,146584.0,132.0,Aframax Tanker,115000,ammonia,15.0,13000.0,96.67,958162.3,910254.15,0.0,0,1,0
SCN_0012,R3_Vizag_Singapore,Visakhapatnam_IN,Singapore_SG,1450,high_wave_wind,71098.0,132.0,Handysize Bulk Carrier,35000,conventional,8.5,2285.78,170.59,74834.4,44900.63,244483.94,0,0,0
SCN_0012,R3_Vizag_Singapore,Visakhapatnam_IN,Singapore_SG,1450,high_wave_wind,71098.0,132.0,Handysize Bulk Carrier,35000,conventional,11.25,5299.5,128.89,131089.6,78653.79,428269.88,0,1,0
SCN_0012,R3_Vizag_Singapore,Visakhapatnam_IN,Singapore_SG,1450,high_wave_wind,71098.0,132.0,Handysize Bulk Carrier,35000,conventional,14.0,6000.0,103.57,119264.1,71558.44,389635.71,0,1,0
SCN_0012,R3_Vizag_Singapore,Visakhapatnam_IN,Singapore_SG,1450,high_wave_wind,71098.0,132.0,Handysize Bulk Carrier,35000,lng,8.5,2285.78,170.59,134308.0,60438.61,166206.19,0,0,0
SCN_0012,R3_Vizag_Singapore,Visakhapatnam_IN,Singapore_SG,1450,high_wave_wind,71098.0,132.0,Handysize Bulk Carrier,35000,lng,11.25,5299.5,128.89,235271.4,105872.14,291148.38,0,1,0
SCN_0012,R3_Vizag_Singapore,Visakhapatnam_IN,Singapore_SG,1450,high_wave_wind,71098.0,132.0,Handysize Bulk Carrier,35000,lng,14.0,6000.0,103.57,214047.6,96321.43,264883.93,0,1,0
SCN_0012,R3_Vizag_Singapore,Visakhapatnam_IN,Singapore_SG,1450,high_wave_wind,71098.0,132.0,Handysize Bulk Carrier,35000,methanol,8.5,2285.78,170.59,172316.0,94773.81,188334.52,0,0,0
SCN_0012,R3_Vizag_Singapore,Visakhapatnam_IN,Singapore_SG,1450,high_wave_wind,71098.0,132.0,Handysize Bulk Carrier,35000,methanol,11.25,5299.5,128.89,301851.2,166018.14,329911.25,0,1,0
SCN_0012,R3_Vizag_Singapore,Visakhapatnam_IN,Singapore_SG,1450,high_wave_wind,71098.0,132.0,Handysize Bulk Carrier,35000,methanol,14.0,6000.0,103.57,274621.2,151041.67,300150.0,0,1,0
SCN_0012,R3_Vizag_Singapore,Visakhapatnam_IN,Singapore_SG,1450,high_wave_wind,71098.0,132.0,Supramax Bulk Carrier,58000,conventional,8.5,2945.18,170.59,96422.8,57853.66,315013.16,0,0,0
SCN_0012,R3_Vizag_Singapore,Visakhapatnam_IN,Singapore_SG,1450,high_wave_wind,71098.0,132.0,Supramax Bulk Carrier,58000,conventional,11.5,7293.72,126.09,176497.0,105898.22,576615.78,0,1,0
SCN_0012,R3_Vizag_Singapore,Visakhapatnam_IN,Singapore_SG,1450,high_wave_wind,71098.0,132.0,Supramax Bulk Carrier,58000,conventional,14.5,8000.0,100.0,153535.4,92121.21,501600.0,0,1,0
SCN_0012,R3_Vizag_Singapore,Visakhapatnam_IN,Singapore_SG,1450,high_wave_wind,71098.0,132.0,Supramax Bulk Carrier,58000,lng,8.5,2945.18,170.59,173053.5,77874.07,214153.68,0,0,0
SCN_0012,R3_Vizag_Singapore,Visakhapatnam_IN,Singapore_SG,1450,high_wave_wind,71098.0,132.0,Supramax Bulk Carrier,58000,lng,11.5,7293.72,126.09,316765.7,142544.57,391997.57,0,1,0
SCN_0012,R3_Vizag_Singapore,Visakhapatnam_IN,Singapore_SG,1450,high_wave_wind,71098.0,132.0,Supramax Bulk Carrier,58000,lng,14.5,8000.0,100.0,275555.6,124000.0,341000.0,0,1,0
SCN_0012,R3_Vizag_Singapore,Visakhapatnam_IN,Singapore_SG,1450,high_wave_wind,71098.0,132.0,Supramax Bulk Carrier,58000,methanol,8.5,2945.18,170.59,222026.1,122114.35,242665.64,0,0,0
SCN_0012,R3_Vizag_Singapore,Visakhapatnam_IN,Singapore_SG,1450,high_wave_wind,71098.0,132.0,Supramax Bulk Carrier,58000,methanol,11.5,7293.72,126.09,406407.6,223524.19,444187.28,0,1,0
SCN_0012,R3_Vizag_Singapore,Visakhapatnam_IN,Singapore_SG,1450,high_wave_wind,71098.0,132.0,Supramax Bulk Carrier,58000,methanol,14.5,8000.0,100.0,353535.4,194444.44,386400.0,0,1,0
SCN_0012,R3_Vizag_Singapore,Visakhapatnam_IN,Singapore_SG,1450,high_wave_wind,71098.0,132.0,Panamax Bulk Carrier,75000,conventional,8.5,3362.95,170.59,110100.1,66060.04,359696.94,1,0,0
SCN_0012,R3_Vizag_Singapore,Visakhapatnam_IN,Singapore_SG,1450,high_wave_wind,71098.0,132.0,Panamax Bulk Carrier,75000,conventional,11.5,8328.31,126.09,201532.7,120919.6,658407.2,1,1,1
SCN_0012,R3_Vizag_Singapore,Visakhapatnam_IN,Singapore_SG,1450,high_wave_wind,71098.0,132.0,Panamax Bulk Carrier,75000,conventional,14.5,9500.0,100.0,182323.2,109393.94,595650.0,1,1,1
SCN_0012,R3_Vizag_Singapore,Visakhapatnam_IN,Singapore_SG,1450,high_wave_wind,71098.0,132.0,Panamax Bulk Carrier,75000,lng,8.5,3362.95,170.59,197600.7,88920.3,244530.81,1,0,0
SCN_0012,R3_Vizag_Singapore,Visakhapatnam_IN,Singapore_SG,1450,high_wave_wind,71098.0,132.0,Panamax Bulk Carrier,75000,lng,11.5,8328.31,126.09,361698.1,162764.14,447601.39,1,1,1
SCN_0012,R3_Vizag_Singapore,Visakhapatnam_IN,Singapore_SG,1450,high_wave_wind,71098.0,132.0,Panamax Bulk Carrier,75000,lng,14.5,9500.0,100.0,327222.2,147250.0,404937.5,1,1,1
SCN_0012,R3_Vizag_Singapore,Visakhapatnam_IN,Singapore_SG,1450,high_wave_wind,71098.0,132.0,Panamax Bulk Carrier,75000,methanol,8.5,3362.95,170.59,253519.9,139435.95,277087.12,1,0,0
SCN_0012,R3_Vizag_Singapore,Visakhapatnam_IN,Singapore_SG,1450,high_wave_wind,71098.0,132.0,Panamax Bulk Carrier,75000,methanol,11.5,8328.31,126.09,464055.5,255230.51,507194.07,1,1,1
SCN_0012,R3_Vizag_Singapore,Visakhapatnam_IN,Singapore_SG,1450,high_wave_wind,71098.0,132.0,Panamax Bulk Carrier,75000,methanol,14.5,9500.0,100.0,419823.2,230902.78,458850.0,1,1,1
SCN_0012,R3_Vizag_Singapore,Visakhapatnam_IN,Singapore_SG,1450,high_wave_wind,71098.0,132.0,Panamax Bulk Carrier,75000,ammonia,8.5,3362.95,170.59,437409.5,415538.99,0.0,1,0,0
SCN_0012,R3_Vizag_Singapore,Visakhapatnam_IN,Singapore_SG,1450,high_wave_wind,71098.0,132.0,Panamax Bulk Carrier,75000,ammonia,11.5,8328.31,126.09,800656.1,760623.27,0.0,1,1,1
SCN_0012,R3_Vizag_Singapore,Visakhapatnam_IN,Singapore_SG,1450,high_wave_wind,71098.0,132.0,Panamax Bulk Carrier,75000,ammonia,14.5,9500.0,100.0,724340.2,688123.17,0.0,1,1,1
SCN_0012,R3_Vizag_Singapore,Visakhapatnam_IN,Singapore_SG,1450,high_wave_wind,71098.0,132.0,Kamsarmax Bulk Carrier,82000,conventional,8.5,3533.07,170.59,115669.8,69401.85,377893.07,1,0,0
SCN_0012,R3_Vizag_Singapore,Visakhapatnam_IN,Singapore_SG,1450,high_wave_wind,71098.0,132.0,Kamsarmax Bulk Carrier,82000,conventional,12.0,9700.0,120.83,224945.3,134967.17,734896.25,1,1,1
SCN_0012,R3_Vizag_Singapore,Visakhapatnam_IN,Singapore_SG,1450,high_wave_wind,71098.0,132.0,Kamsarmax Bulk Carrier,82000,conventional,15.5,9700.0,93.55,174151.2,104490.71,568951.94,1,1,1
SCN_0012,R3_Vizag_Singapore,Visakhapatnam_IN,Singapore_SG,1450,high_wave_wind,71098.0,132.0,Kamsarmax Bulk Carrier,82000,lng,8.5,3533.07,170.59,207596.8,93418.54,256900.99,1,0,0
SCN_0012,R3_Vizag_Singapore,Visakhapatnam_IN,Singapore_SG,1450,high_wave_wind,71098.0,132.0,Kamsarmax Bulk Carrier,82000,lng,12.0,9700.0,120.83,403717.6,181672.92,499600.52,1,1,1
SCN_0012,R3_Vizag_Singapore,Visakhapatnam_IN,Singapore_SG,1450,high_wave_wind,71098.0,132.0,Kamsarmax Bulk Carrier,82000,lng,15.5,9700.0,93.55,312555.6,140650.0,386787.5,1,1,1
SCN_0012,R3_Vizag_Singapore,Visakhapatnam_IN,Singapore_SG,1450,high_wave_wind,71098.0,132.0,Kamsarmax Bulk Carrier,82000,methanol,8.5,3533.07,170.59,266344.8,146489.65,291104.23,1,0,0
SCN_0012,R3_Vizag_Singapore,Visakhapatnam_IN,Singapore_SG,1450,high_wave_wind,71098.0,132.0,Kamsarmax Bulk Carrier,82000,methanol,12.0,9700.0,120.83,517966.1,284881.37,566116.25,1,1,1
SCN_0012,R3_Vizag_Singapore,Visakhapatnam_IN,Singapore_SG,1450,high_wave_wind,71098.0,132.0,Kamsarmax Bulk Carrier,82000,methanol,15.5,9700.0,93.55,401006.0,220553.32,438283.55,1,1,1
SCN_0012,R3_Vizag_Singapore,Visakhapatnam_IN,Singapore_SG,1450,high_wave_wind,71098.0,132.0,Kamsarmax Bulk Carrier,82000,ammonia,8.5,3533.07,170.59,459536.9,436560.02,0.0,1,0,0
SCN_0012,R3_Vizag_Singapore,Visakhapatnam_IN,Singapore_SG,1450,high_wave_wind,71098.0,132.0,Kamsarmax Bulk Carrier,82000,ammonia,12.0,9700.0,120.83,893670.6,848987.05,0.0,1,1,1
SCN_0012,R3_Vizag_Singapore,Visakhapatnam_IN,Singapore_SG,1450,high_wave_wind,71098.0,132.0,Kamsarmax Bulk Carrier,82000,ammonia,15.5,9700.0,93.55,691874.0,657280.3,0.0,1,1,1
SCN_0012,R3_Vizag_Singapore,Visakhapatnam_IN,Singapore_SG,1450,high_wave_wind,71098.0,132.0,Kamsarmax Bulk Carrier,82000,hydrogen,8.5,3533.07,170.59,551767.9,1020770.54,0.0,1,0,0
SCN_0012,R3_Vizag_Singapore,Visakhapatnam_IN,Singapore_SG,1450,high_wave_wind,71098.0,132.0,Kamsarmax Bulk Carrier,82000,hydrogen,12.0,9700.0,120.83,1073034.0,1985112.97,0.0,1,1,1
SCN_0012,R3_Vizag_Singapore,Visakhapatnam_IN,Singapore_SG,1450,high_wave_wind,71098.0,132.0,Kamsarmax Bulk Carrier,82000,hydrogen,15.5,9700.0,93.55,830736.0,1536861.65,0.0,1,1,1
SCN_0012,R3_Vizag_Singapore,Visakhapatnam_IN,Singapore_SG,1450,high_wave_wind,71098.0,132.0,Capesize Bulk Carrier,180000,conventional,8.5,5579.75,170.59,182676.3,109605.76,596803.38,1,0,0
SCN_0012,R3_Vizag_Singapore,Visakhapatnam_IN,Singapore_SG,1450,high_wave_wind,71098.0,132.0,Capesize Bulk Carrier,180000,conventional,12.0,14000.0,120.83,324663.3,194797.98,1060675.0,1,1,1
SCN_0012,R3_Vizag_Singapore,Visakhapatnam_IN,Singapore_SG,1450,high_wave_wind,71098.0,132.0,Capesize Bulk Carrier,180000,conventional,15.5,14000.0,93.55,251352.2,150811.34,821167.74,1,1,1
SCN_0012,R3_Vizag_Singapore,Visakhapatnam_IN,Singapore_SG,1450,high_wave_wind,71098.0,132.0,Capesize Bulk Carrier,180000,lng,8.5,5579.75,170.59,327855.8,147535.13,405721.6,1,0,0
SCN_0012,R3_Vizag_Singapore,Visakhapatnam_IN,Singapore_SG,1450,high_wave_wind,71098.0,132.0,Capesize Bulk Carrier,180000,lng,12.0,14000.0,120.83,582685.2,262208.33,721072.92,1,1,1
SCN_0012,R3_Vizag_Singapore,Visakhapatnam_IN,Singapore_SG,1450,high_wave_wind,71098.0,132.0,Capesize Bulk Carrier,180000,lng,15.5,14000.0,93.55,451111.1,203000.0,558250.0,1,1,1
SCN_0012,R3_Vizag_Singapore,Visakhapatnam_IN,Singapore_SG,1450,high_wave_wind,71098.0,132.0,Capesize Bulk Carrier,180000,ammonia,8.5,5579.75,170.59,725742.7,689455.61,0.0,1,0,0
SCN_0012,R3_Vizag_Singapore,Visakhapatnam_IN,Singapore_SG,1450,high_wave_wind,71098.0,132.0,Capesize Bulk Carrier,180000,ammonia,12.0,14000.0,120.83,1289833.8,1225342.13,0.0,1,1,1
SCN_0012,R3_Vizag_Singapore,Visakhapatnam_IN,Singapore_SG,1450,high_wave_wind,71098.0,132.0,Capesize Bulk Carrier,180000,ammonia,15.5,14000.0,93.55,998581.0,948651.97,0.0,1,1,1
SCN_0012,R3_Vizag_Singapore,Visakhapatnam_IN,Singapore_SG,1450,high_wave_wind,71098.0,132.0,Aframax Tanker,115000,conventional,8.5,4323.49,170.59,141547.3,84928.36,462434.92,1,0,0
SCN_0012,R3_Vizag_Singapore,Visakhapatnam_IN,Singapore_SG,1450,high_wave_wind,71098.0,132.0,Aframax Tanker,115000,conventional,11.75,11420.65,123.4,270482.6,162289.57,883666.73,1,1,1
SCN_0012,R3_Vizag_Singapore,Visakhapatnam_IN,Singapore_SG,1450,high_wave_wind,71098.0,132.0,Aframax Tanker,115000,conventional,15.0,13000.0,96.67,241178.5,144707.07,787930.0,1,1,1
SCN_0012,R3_Vizag_Singapore,Visakhapatnam_IN,Singapore_SG,1450,high_wave_wind,71098.0,132.0,Aframax Tanker,115000,lng,8.5,4323.49,170.59,254040.1,114318.04,314374.62,1,0,0
SCN_0012,R3_Vizag_Singapore,Visakhapatnam_IN,Singapore_SG,1450,high_wave_wind,71098.0,132.0,Aframax Tanker,115000,lng,11.75,11420.65,123.4,485445.1,218450.31,600738.35,1,1,1
SCN_0012,R3_Vizag_Singapore,Visakhapatnam_IN,Singapore_SG,1450,high_wave_wind,71098.0,132.0,Aframax Tanker,115000,lng,15.0,13000.0,96.67,432851.9,194783.33,535654.17,1,1,1
SCN_0012,R3_Vizag_Singapore,Visakhapatnam_IN,Singapore_SG,1450,high_wave_wind,71098.0,132.0,Aframax Tanker,115000,ammonia,8.5,4323.49,170.59,562344.0,534226.78,0.0,1,0,0
SCN_0012,R3_Vizag_Singapore,Visakhapatnam_IN,Singapore_SG,1450,high_wave_wind,71098.0,132.0,Aframax Tanker,115000,ammonia,11.75,11420.65,123.4,1074582.9,1020853.77,0.0,1,1,1
SCN_0012,R3_Vizag_Singapore,Visakhapatnam_IN,Singapore_SG,1450,high_wave_wind,71098.0,132.0,Aframax Tanker,115000,ammonia,15.0,13000.0,96.67,958162.3,910254.15,0.0,1,1,1
SCN_0013,R4_Kandla_Fujairah,Kandla_IN,Fujairah_AE,900,moderate_weather,149272.0,93.6,Supramax Bulk Carrier,58000,conventional,8.5,2732.48,105.88,55526.3,33315.81,181404.56,0,0,0
SCN_0013,R4_Kandla_Fujairah,Kandla_IN,Fujairah_AE,900,moderate_weather,149272.0,93.6,Supramax Bulk Carrier,58000,conventional,11.5,6766.96,78.26,101638.2,60982.91,332051.95,0,1,0
SCN_0013,R4_Kandla_Fujairah,Kandla_IN,Fujairah_AE,900,moderate_weather,149272.0,93.6,Supramax Bulk Carrier,58000,conventional,14.5,8000.0,62.07,95297.8,57178.68,311337.93,0,1,0
SCN_0013,R4_Kandla_Fujairah,Kandla_IN,Fujairah_AE,900,moderate_weather,149272.0,93.6,Supramax Bulk Carrier,58000,lng,8.5,2732.48,105.88,99655.2,44844.83,123323.28,0,0,0
SCN_0013,R4_Kandla_Fujairah,Kandla_IN,Fujairah_AE,900,moderate_weather,149272.0,93.6,Supramax Bulk Carrier,58000,lng,11.5,6766.96,78.26,182413.8,82086.21,225737.07,0,1,0
SCN_0013,R4_Kandla_Fujairah,Kandla_IN,Fujairah_AE,900,moderate_weather,149272.0,93.6,Supramax Bulk Carrier,58000,lng,14.5,8000.0,62.07,171034.5,76965.52,211655.17,0,1,0
SCN_0013,R4_Kandla_Fujairah,Kandla_IN,Fujairah_AE,900,moderate_weather,149272.0,93.6,Supramax Bulk Carrier,58000,methanol,8.5,2732.48,105.88,127856.7,70321.19,139742.27,0,0,0
SCN_0013,R4_Kandla_Fujairah,Kandla_IN,Fujairah_AE,900,moderate_weather,149272.0,93.6,Supramax Bulk Carrier,58000,methanol,11.5,6766.96,78.26,234035.3,128719.41,255791.21,0,1,0
SCN_0013,R4_Kandla_Fujairah,Kandla_IN,Fujairah_AE,900,moderate_weather,149272.0,93.6,Supramax Bulk Carrier,58000,methanol,14.5,8000.0,62.07,219435.7,120689.66,239834.48,0,1,0
SCN_0013,R4_Kandla_Fujairah,Kandla_IN,Fujairah_AE,900,moderate_weather,149272.0,93.6,Panamax Bulk Carrier,75000,conventional,8.5,3120.08,105.88,63402.6,38041.56,207136.32,0,0,0
SCN_0013,R4_Kandla_Fujairah,Kandla_IN,Fujairah_AE,900,moderate_weather,149272.0,93.6,Panamax Bulk Carrier,75000,conventional,11.5,7726.84,78.26,116055.3,69633.17,379152.63,0,1,0
SCN_0013,R4_Kandla_Fujairah,Kandla_IN,Fujairah_AE,900,moderate_weather,149272.0,93.6,Panamax Bulk Carrier,75000,conventional,14.5,9500.0,62.07,113166.1,67899.69,369713.79,0,1,0
SCN_0013,R4_Kandla_Fujairah,Kandla_IN,Fujairah_AE,900,moderate_weather,149272.0,93.6,Panamax Bulk Carrier,75000,lng,8.5,3120.08,105.88,113791.0,51205.95,140816.36,0,0,0
SCN_0013,R4_Kandla_Fujairah,Kandla_IN,Fujairah_AE,900,moderate_weather,149272.0,93.6,Panamax Bulk Carrier,75000,lng,11.5,7726.84,78.26,208288.7,93729.92,257757.27,0,1,0
SCN_0013,R4_Kandla_Fujairah,Kandla_IN,Fujairah_AE,900,moderate_weather,149272.0,93.6,Panamax Bulk Carrier,75000,lng,14.5,9500.0,62.07,203103.4,91396.55,251340.52,0,1,0
SCN_0013,R4_Kandla_Fujairah,Kandla_IN,Fujairah_AE,900,moderate_weather,149272.0,93.6,Panamax Bulk Carrier,75000,methanol,8.5,3120.08,105.88,145992.8,80296.06,159564.34,0,0,0
SCN_0013,R4_Kandla_Fujairah,Kandla_IN,Fujairah_AE,900,moderate_weather,149272.0,93.6,Panamax Bulk Carrier,75000,methanol,11.5,7726.84,78.26,267232.6,146977.92,292074.52,0,1,0
SCN_0013,R4_Kandla_Fujairah,Kandla_IN,Fujairah_AE,900,moderate_weather,149272.0,93.6,Panamax Bulk Carrier,75000,methanol,14.5,9500.0,62.07,260579.9,143318.97,284803.45,0,1,0
SCN_0013,R4_Kandla_Fujairah,Kandla_IN,Fujairah_AE,900,moderate_weather,149272.0,93.6,Panamax Bulk Carrier,75000,ammonia,8.5,3120.08,105.88,251888.1,239293.71,0.0,0,0,0
SCN_0013,R4_Kandla_Fujairah,Kandla_IN,Fujairah_AE,900,moderate_weather,149272.0,93.6,Panamax Bulk Carrier,75000,ammonia,11.5,7726.84,78.26,461068.6,438015.13,0.0,0,1,0
SCN_0013,R4_Kandla_Fujairah,Kandla_IN,Fujairah_AE,900,moderate_weather,149272.0,93.6,Panamax Bulk Carrier,75000,ammonia,14.5,9500.0,62.07,449590.5,427110.93,0.0,0,1,0
SCN_0013,R4_Kandla_Fujairah,Kandla_IN,Fujairah_AE,900,moderate_weather,149272.0,93.6,Kamsarmax Bulk Carrier,82000,conventional,8.5,3277.91,105.88,66610.0,39965.99,217614.8,0,0,0
SCN_0013,R4_Kandla_Fujairah,Kandla_IN,Fujairah_AE,900,moderate_weather,149272.0,93.6,Kamsarmax Bulk Carrier,82000,conventional,12.0,9223.26,75.0,132759.0,79655.39,433723.62,0,1,0
SCN_0013,R4_Kandla_Fujairah,Kandla_IN,Fujairah_AE,900,moderate_weather,149272.0,93.6,Kamsarmax Bulk Carrier,82000,conventional,15.5,9700.0,58.06,108093.8,64856.3,353142.58,0,1,0
SCN_0013,R4_Kandla_Fujairah,Kandla_IN,Fujairah_AE,900,moderate_weather,149272.0,93.6,Kamsarmax Bulk Carrier,82000,lng,8.5,3277.91,105.88,119547.4,53796.32,147939.89,0,0,0
SCN_0013,R4_Kandla_Fujairah,Kandla_IN,Fujairah_AE,900,moderate_weather,149272.0,93.6,Kamsarmax Bulk Carrier,82000,lng,12.0,9223.26,75.0,238267.5,107220.35,294855.97,0,1,0
SCN_0013,R4_Kandla_Fujairah,Kandla_IN,Fujairah_AE,900,moderate_weather,149272.0,93.6,Kamsarmax Bulk Carrier,82000,lng,15.5,9700.0,58.06,194000.0,87300.0,240075.0,0,1,0
SCN_0013,R4_Kandla_Fujairah,Kandla_IN,Fujairah_AE,900,moderate_weather,149272.0,93.6,Kamsarmax Bulk Carrier,82000,methanol,8.5,3277.91,105.88,153378.2,84358.03,167636.28,0,0,0
SCN_0013,R4_Kandla_Fujairah,Kandla_IN,Fujairah_AE,900,moderate_weather,149272.0,93.6,Kamsarmax Bulk Carrier,82000,methanol,12.0,9223.26,75.0,305695.0,168132.27,334112.46,0,1,0
SCN_0013,R4_Kandla_Fujairah,Kandla_IN,Fujairah_AE,900,moderate_weather,149272.0,93.6,Kamsarmax Bulk Carrier,82000,methanol,15.5,9700.0,58.06,248900.3,136895.16,272038.06,0,1,0
SCN_0013,R4_Kandla_Fujairah,Kandla_IN,Fujairah_AE,900,moderate_weather,149272.0,93.6,Kamsarmax Bulk Carrier,82000,ammonia,8.5,3277.91,105.88,264630.5,251398.96,0.0,0,0,0
SCN_0013,R4_Kandla_Fujairah,Kandla_IN,Fujairah_AE,900,moderate_weather,149272.0,93.6,Kamsarmax Bulk Carrier,82000,ammonia,12.0,9223.26,75.0,527429.6,501058.13,0.0,0,1,0
SCN_0013,R4_Kandla_Fujairah,Kandla_IN,Fujairah_AE,900,moderate_weather,149272.0,93.6,Kamsarmax Bulk Carrier,82000,ammonia,15.5,9700.0,58.06,429439.0,407967.08,0.0,0,1,0
SCN_0013,R4_Kandla_Fujairah,Kandla_IN,Fujairah_AE,900,moderate_weather,149272.0,93.6,Kamsarmax Bulk Carrier,82000,hydrogen,8.5,3277.91,105.88,317742.9,587824.43,0.0,0,0,0
SCN_0013,R4_Kandla_Fujairah,Kandla_IN,Fujairah_AE,900,moderate_weather,149272.0,93.6,Kamsarmax Bulk Carrier,82000,hydrogen,12.0,9223.26,75.0,633287.0,1171580.87,0.0,0,1,0
SCN_0013,R4_Kandla_Fujairah,Kandla_IN,Fujairah_AE,900,moderate_weather,149272.0,93.6,Kamsarmax Bulk Carrier,82000,hydrogen,15.5,9700.0,58.06,515629.3,953914.13,0.0,0,1,0
SCN_0013,R4_Kandla_Fujairah,Kandla_IN,Fujairah_AE,900,moderate_weather,149272.0,93.6,Capesize Bulk Carrier,180000,conventional,8.5,5176.78,105.88,105196.6,63117.95,343677.25,1,0,0
SCN_0013,R4_Kandla_Fujairah,Kandla_IN,Fujairah_AE,900,moderate_weather,149272.0,93.6,Capesize Bulk Carrier,180000,conventional,12.0,14000.0,75.0,201515.2,120909.09,658350.0,1,1,1
SCN_0013,R4_Kandla_Fujairah,Kandla_IN,Fujairah_AE,900,moderate_weather,149272.0,93.6,Capesize Bulk Carrier,180000,conventional,15.5,14000.0,58.06,156011.7,93607.04,509690.32,1,1,1
SCN_0013,R4_Kandla_Fujairah,Kandla_IN,Fujairah_AE,900,moderate_weather,149272.0,93.6,Capesize Bulk Carrier,180000,lng,8.5,5176.78,105.88,188800.2,84960.09,233640.23,1,0,0
SCN_0013,R4_Kandla_Fujairah,Kandla_IN,Fujairah_AE,900,moderate_weather,149272.0,93.6,Capesize Bulk Carrier,180000,lng,12.0,14000.0,75.0,361666.7,162750.0,447562.5,1,1,1
SCN_0013,R4_Kandla_Fujairah,Kandla_IN,Fujairah_AE,900,moderate_weather,149272.0,93.6,Capesize Bulk Carrier,180000,lng,15.5,14000.0,58.06,280000.0,126000.0,346500.0,1,1,1
SCN_0013,R4_Kandla_Fujairah,Kandla_IN,Fujairah_AE,900,moderate_weather,149272.0,93.6,Capesize Bulk Carrier,180000,ammonia,8.5,5176.78,105.88,417928.7,397032.28,0.0,1,0,0
SCN_0013,R4_Kandla_Fujairah,Kandla_IN,Fujairah_AE,900,moderate_weather,149272.0,93.6,Capesize Bulk Carrier,180000,ammonia,12.0,14000.0,75.0,800586.5,760557.18,0.0,1,1,1
SCN_0013,R4_Kandla_Fujairah,Kandla_IN,Fujairah_AE,900,moderate_weather,149272.0,93.6,Capesize Bulk Carrier,180000,ammonia,15.5,14000.0,58.06,619808.9,588818.47,0.0,1,1,1
SCN_0013,R4_Kandla_Fujairah,Kandla_IN,Fujairah_AE,900,moderate_weather,149272.0,93.6,Aframax Tanker,115000,conventional,8.5,4011.24,105.88,81511.9,48907.14,266299.36,0,0,0
SCN_0013,R4_Kandla_Fujairah,Kandla_IN,Fujairah_AE,900,moderate_weather,149272.0,93.6,Aframax Tanker,115000,conventional,11.75,10595.85,76.6,155761.1,93456.63,508871.36,0,1,0
SCN_0013,R4_Kandla_Fujairah,Kandla_IN,Fujairah_AE,900,moderate_weather,149272.0,93.6,Aframax Tanker,115000,conventional,15.0,13000.0,60.0,149697.0,89818.18,489060.0,0,1,0
SCN_0013,R4_Kandla_Fujairah,Kandla_IN,Fujairah_AE,900,moderate_weather,149272.0,93.6,Aframax Tanker,115000,lng,8.5,4011.24,105.88,146292.4,65831.58,181036.85,0,0,0
SCN_0013,R4_Kandla_Fujairah,Kandla_IN,Fujairah_AE,900,moderate_weather,149272.0,93.6,Aframax Tanker,115000,lng,11.75,10595.85,76.6,279550.1,125797.55,345943.25,0,1,0
SCN_0013,R4_Kandla_Fujairah,Kandla_IN,Fujairah_AE,900,moderate_weather,149272.0,93.6,Aframax Tanker,115000,lng,15.0,13000.0,60.0,268666.7,120900.0,332475.0,0,1,0
SCN_0013,R4_Kandla_Fujairah,Kandla_IN,Fujairah_AE,900,moderate_weather,149272.0,93.6,Aframax Tanker,115000,ammonia,8.5,4011.24,105.88,323833.3,307641.67,0.0,0,0,0
SCN_0013,R4_Kandla_Fujairah,Kandla_IN,Fujairah_AE,900,moderate_weather,149272.0,93.6,Aframax Tanker,115000,ammonia,11.75,10595.85,76.6,618813.0,587872.36,0.0,0,1,0
SCN_0013,R4_Kandla_Fujairah,Kandla_IN,Fujairah_AE,900,moderate_weather,149272.0,93.6,Aframax Tanker,115000,ammonia,15.0,13000.0,60.0,594721.4,564985.34,0.0,0,1,0
SCN_0014,R4_Kandla_Fujairah,Kandla_IN,Fujairah_AE,900,normal,30509.0,72.0,Handysize Bulk Carrier,35000,conventional,8.5,2027.45,105.88,41199.4,24719.66,134598.54,1,0,0
SCN_0014,R4_Kandla_Fujairah,Kandla_IN,Fujairah_AE,900,normal,30509.0,72.0,Handysize Bulk Carrier,35000,conventional,11.25,4700.56,80.0,72170.3,43302.17,235780.31,1,0,0
SCN_0014,R4_Kandla_Fujairah,Kandla_IN,Fujairah_AE,900,normal,30509.0,72.0,Handysize Bulk Carrier,35000,conventional,14.0,6000.0,64.29,74026.0,44415.58,241842.86,1,1,1
SCN_0014,R4_Kandla_Fujairah,Kandla_IN,Fujairah_AE,900,normal,30509.0,72.0,Handysize Bulk Carrier,35000,lng,8.5,2027.45,105.88,73942.1,33273.96,91503.39,1,0,0
SCN_0014,R4_Kandla_Fujairah,Kandla_IN,Fujairah_AE,900,normal,30509.0,72.0,Handysize Bulk Carrier,35000,lng,11.25,4700.56,80.0,129526.7,58287.0,160289.25,1,0,0
SCN_0014,R4_Kandla_Fujairah,Kandla_IN,Fujairah_AE,900,normal,30509.0,72.0,Handysize Bulk Carrier,35000,lng,14.0,6000.0,64.29,132857.1,59785.71,164410.71,1,1,1
SCN_0014,R4_Kandla_Fujairah,Kandla_IN,Fujairah_AE,900,normal,30509.0,72.0,Handysize Bulk Carrier,35000,methanol,8.5,2027.45,105.88,94867.1,52176.91,103685.95,1,0,0
SCN_0014,R4_Kandla_Fujairah,Kandla_IN,Fujairah_AE,900,normal,30509.0,72.0,Handysize Bulk Carrier,35000,methanol,11.25,4700.56,80.0,166181.6,91399.86,181629.81,1,0,0
SCN_0014,R4_Kandla_Fujairah,Kandla_IN,Fujairah_AE,900,normal,30509.0,72.0,Handysize Bulk Carrier,35000,methanol,14.0,6000.0,64.29,170454.5,93750.0,186300.0,1,1,1
SCN_0014,R4_Kandla_Fujairah,Kandla_IN,Fujairah_AE,900,normal,30509.0,72.0,Supramax Bulk Carrier,58000,conventional,8.5,2612.33,105.88,53084.7,31850.83,173427.79,1,0,0
SCN_0014,R4_Kandla_Fujairah,Kandla_IN,Fujairah_AE,900,normal,30509.0,72.0,Supramax Bulk Carrier,58000,conventional,11.5,6469.4,78.26,97168.9,58301.35,317450.87,1,0,0
SCN_0014,R4_Kandla_Fujairah,Kandla_IN,Fujairah_AE,900,normal,30509.0,72.0,Supramax Bulk Carrier,58000,conventional,14.5,8000.0,62.07,95297.8,57178.68,311337.93,1,1,1
SCN_0014,R4_Kandla_Fujairah,Kandla_IN,Fujairah_AE,900,normal,30509.0,72.0,Supramax Bulk Carrier,58000,lng,8.5,2612.33,105.88,95273.1,42872.9,117900.47,1,0,0
SCN_0014,R4_Kandla_Fujairah,Kandla_IN,Fujairah_AE,900,normal,30509.0,72.0,Supramax Bulk Carrier,58000,lng,11.5,6469.4,78.26,174392.6,78476.69,215810.9,1,0,0
SCN_0014,R4_Kandla_Fujairah,Kandla_IN,Fujairah_AE,900,normal,30509.0,72.0,Supramax Bulk Carrier,58000,lng,14.5,8000.0,62.07,171034.5,76965.52,211655.17,1,1,1
SCN_0014,R4_Kandla_Fujairah,Kandla_IN,Fujairah_AE,900,normal,30509.0,72.0,Supramax Bulk Carrier,58000,methanol,8.5,2612.33,105.88,122234.6,67229.01,133597.49,1,0,0
SCN_0014,R4_Kandla_Fujairah,Kandla_IN,Fujairah_AE,900,normal,30509.0,72.0,Supramax Bulk Carrier,58000,methanol,11.5,6469.4,78.26,223744.2,123059.33,244543.5,1,0,0
SCN_0014,R4_Kandla_Fujairah,Kandla_IN,Fujairah_AE,900,normal,30509.0,72.0,Supramax Bulk Carrier,58000,methanol,14.5,8000.0,62.07,219435.7,120689.66,239834.48,1,1,1
SCN_0014,R4_Kandla_Fujairah,Kandla_IN,Fujairah_AE,900,normal,30509.0,72.0,Panamax Bulk Carrier,75000,conventional,8.5,2982.88,105.88,60614.7,36368.79,198028.06,1,0,0
SCN_0014,R4_Kandla_Fujairah,Kandla_IN,Fujairah_AE,900,normal,30509.0,72.0,Panamax Bulk Carrier,75000,conventional,11.5,7387.07,78.26,110952.1,66571.25,362480.44,1,0,0
SCN_0014,R4_Kandla_Fujairah,Kandla_IN,Fujairah_AE,900,normal,30509.0,72.0,Panamax Bulk Carrier,75000,conventional,14.5,9500.0,62.07,113166.1,67899.69,369713.79,1,1,1
SCN_0014,R4_Kandla_Fujairah,Kandla_IN,Fujairah_AE,900,normal,30509.0,72.0,Panamax Bulk Carrier,75000,lng,8.5,2982.88,105.88,108787.3,48954.31,134624.34,1,0,0
SCN_0014,R4_Kandla_Fujairah,Kandla_IN,Fujairah_AE,900,normal,30509.0,72.0,Panamax Bulk Carrier,75000,lng,11.5,7387.07,78.26,199129.8,89608.4,246423.1,1,0,0
SCN_0014,R4_Kandla_Fujairah,Kandla_IN,Fujairah_AE,900,normal,30509.0,72.0,Panamax Bulk Carrier,75000,lng,14.5,9500.0,62.07,203103.4,91396.55,251340.52,1,1,1
SCN_0014,R4_Kandla_Fujairah,Kandla_IN,Fujairah_AE,900,normal,30509.0,72.0,Panamax Bulk Carrier,75000,methanol,8.5,2982.88,105.88,139573.2,76765.27,152547.94,1,0,0
SCN_0014,R4_Kandla_Fujairah,Kandla_IN,Fujairah_AE,900,normal,30509.0,72.0,Panamax Bulk Carrier,75000,methanol,11.5,7387.07,78.26,255481.8,140514.97,279231.34,1,0,0
SCN_0014,R4_Kandla_Fujairah,Kandla_IN,Fujairah_AE,900,normal,30509.0,72.0,Panamax Bulk Carrier,75000,methanol,14.5,9500.0,62.07,260579.9,143318.97,284803.45,1,1,1
SCN_0014,R4_Kandla_Fujairah,Kandla_IN,Fujairah_AE,900,normal,30509.0,72.0,Panamax Bulk Carrier,75000,ammonia,8.5,2982.88,105.88,240812.0,228771.42,0.0,1,0,0
SCN_0014,R4_Kandla_Fujairah,Kandla_IN,Fujairah_AE,900,normal,30509.0,72.0,Panamax Bulk Carrier,75000,ammonia,11.5,7387.07,78.26,440794.3,418754.61,0.0,1,0,0
SCN_0014,R4_Kandla_Fujairah,Kandla_IN,Fujairah_AE,900,normal,30509.0,72.0,Panamax Bulk Carrier,75000,ammonia,14.5,9500.0,62.07,449590.5,427110.93,0.0,1,1,1
SCN_0014,R4_Kandla_Fujairah,Kandla_IN,Fujairah_AE,900,normal,30509.0,72.0,Kamsarmax Bulk Carrier,82000,conventional,8.5,3133.77,105.88,63681.0,38208.59,208045.79,1,0,0
SCN_0014,R4_Kandla_Fujairah,Kandla_IN,Fujairah_AE,900,normal,30509.0,72.0,Kamsarmax Bulk Carrier,82000,conventional,12.0,8817.69,75.0,126921.3,76152.77,414651.82,1,0,0
SCN_0014,R4_Kandla_Fujairah,Kandla_IN,Fujairah_AE,900,normal,30509.0,72.0,Kamsarmax Bulk Carrier,82000,conventional,15.5,9700.0,58.06,108093.8,64856.3,353142.58,1,1,1
SCN_0014,R4_Kandla_Fujairah,Kandla_IN,Fujairah_AE,900,normal,30509.0,72.0,Kamsarmax Bulk Carrier,82000,lng,8.5,3133.77,105.88,114290.6,51430.78,141434.64,1,0,0
SCN_0014,R4_Kandla_Fujairah,Kandla_IN,Fujairah_AE,900,normal,30509.0,72.0,Kamsarmax Bulk Carrier,82000,lng,12.0,8817.69,75.0,227790.3,102505.63,281890.49,1,0,0
SCN_0014,R4_Kandla_Fujairah,Kandla_IN,Fujairah_AE,900,normal,30509.0,72.0,Kamsarmax Bulk Carrier,82000,lng,15.5,9700.0,58.06,194000.0,87300.0,240075.0,1,1,1
SCN_0014,R4_Kandla_Fujairah,Kandla_IN,Fujairah_AE,900,normal,30509.0,72.0,Kamsarmax Bulk Carrier,82000,methanol,8.5,3133.77,105.88,146633.9,80648.62,160264.94,1,0,0
SCN_0014,R4_Kandla_Fujairah,Kandla_IN,Fujairah_AE,900,normal,30509.0,72.0,Kamsarmax Bulk Carrier,82000,methanol,12.0,8817.69,75.0,292252.9,160739.12,319420.78,1,0,0
SCN_0014,R4_Kandla_Fujairah,Kandla_IN,Fujairah_AE,900,normal,30509.0,72.0,Kamsarmax Bulk Carrier,82000,methanol,15.5,9700.0,58.06,248900.3,136895.16,272038.06,1,1,1
SCN_0014,R4_Kandla_Fujairah,Kandla_IN,Fujairah_AE,900,normal,30509.0,72.0,Kamsarmax Bulk Carrier,82000,ammonia,8.5,3133.77,105.88,252994.1,240344.38,0.0,1,0,0
SCN_0014,R4_Kandla_Fujairah,Kandla_IN,Fujairah_AE,900,normal,30509.0,72.0,Kamsarmax Bulk Carrier,82000,ammonia,12.0,8817.69,75.0,504237.3,479025.47,0.0,1,0,0
SCN_0014,R4_Kandla_Fujairah,Kandla_IN,Fujairah_AE,900,normal,30509.0,72.0,Kamsarmax Bulk Carrier,82000,ammonia,15.5,9700.0,58.06,429439.0,407967.08,0.0,1,1,1
SCN_0014,R4_Kandla_Fujairah,Kandla_IN,Fujairah_AE,900,normal,30509.0,72.0,Kamsarmax Bulk Carrier,82000,hydrogen,8.5,3133.77,105.88,303771.1,561976.46,0.0,1,0,0
SCN_0014,R4_Kandla_Fujairah,Kandla_IN,Fujairah_AE,900,normal,30509.0,72.0,Kamsarmax Bulk Carrier,82000,hydrogen,12.0,8817.69,75.0,605439.9,1120063.81,0.0,1,0,0
SCN_0014,R4_Kandla_Fujairah,Kandla_IN,Fujairah_AE,900,normal,30509.0,72.0,Kamsarmax Bulk Carrier,82000,hydrogen,15.5,9700.0,58.06,515629.3,953914.13,0.0,1,1,1
SCN_0014,R4_Kandla_Fujairah,Kandla_IN,Fujairah_AE,900,normal,30509.0,72.0,Capesize Bulk Carrier,180000,conventional,8.5,4949.14,105.88,100570.9,60342.51,328564.98,1,0,0
SCN_0014,R4_Kandla_Fujairah,Kandla_IN,Fujairah_AE,900,normal,30509.0,72.0,Capesize Bulk Carrier,180000,conventional,12.0,13925.7,75.0,200445.7,120267.43,654856.16,1,0,0
SCN_0014,R4_Kandla_Fujairah,Kandla_IN,Fujairah_AE,900,normal,30509.0,72.0,Capesize Bulk Carrier,180000,conventional,15.5,14000.0,58.06,156011.7,93607.04,509690.32,1,1,1
SCN_0014,R4_Kandla_Fujairah,Kandla_IN,Fujairah_AE,900,normal,30509.0,72.0,Capesize Bulk Carrier,180000,lng,8.5,4949.14,105.88,180498.2,81224.2,223366.55,1,0,0
SCN_0014,R4_Kandla_Fujairah,Kandla_IN,Fujairah_AE,900,normal,30509.0,72.0,Capesize Bulk Carrier,180000,lng,12.0,13925.7,75.0,359747.3,161886.29,445187.3,1,0,0
SCN_0014,R4_Kandla_Fujairah,Kandla_IN,Fujairah_AE,900,normal,30509.0,72.0,Capesize Bulk Carrier,180000,lng,15.5,14000.0,58.06,280000.0,126000.0,346500.0,1,1,1
SCN_0014,R4_Kandla_Fujairah,Kandla_IN,Fujairah_AE,900,normal,30509.0,72.0,Capesize Bulk Carrier,180000,ammonia,8.5,4949.14,105.88,399551.4,379573.87,0.0,1,0,0
SCN_0014,R4_Kandla_Fujairah,Kandla_IN,Fujairah_AE,900,normal,30509.0,72.0,Capesize Bulk Carrier,180000,ammonia,12.0,13925.7,75.0,796337.8,756520.93,0.0,1,0,0
SCN_0014,R4_Kandla_Fujairah,Kandla_IN,Fujairah_AE,900,normal,30509.0,72.0,Capesize Bulk Carrier,180000,ammonia,15.5,14000.0,58.06,619808.9,588818.47,0.0,1,1,1
SCN_0014,R4_Kandla_Fujairah,Kandla_IN,Fujairah_AE,900,normal,30509.0,72.0,Aframax Tanker,115000,conventional,8.5,3834.86,105.88,77927.6,46756.58,254589.58,1,0,0
SCN_0014,R4_Kandla_Fujairah,Kandla_IN,Fujairah_AE,900,normal,30509.0,72.0,Aframax Tanker,115000,conventional,11.75,10129.93,76.6,148911.9,89347.13,486495.14,1,0,0
SCN_0014,R4_Kandla_Fujairah,Kandla_IN,Fujairah_AE,900,normal,30509.0,72.0,Aframax Tanker,115000,conventional,15.0,13000.0,60.0,149697.0,89818.18,489060.0,1,1,1
SCN_0014,R4_Kandla_Fujairah,Kandla_IN,Fujairah_AE,900,normal,30509.0,72.0,Aframax Tanker,115000,lng,8.5,3834.86,105.88,139859.6,62936.82,173076.25,1,0,0
SCN_0014,R4_Kandla_Fujairah,Kandla_IN,Fujairah_AE,900,normal,30509.0,72.0,Aframax Tanker,115000,lng,11.75,10129.93,76.6,267257.7,120265.94,330731.34,1,0,0
SCN_0014,R4_Kandla_Fujairah,Kandla_IN,Fujairah_AE,900,normal,30509.0,72.0,Aframax Tanker,115000,lng,15.0,13000.0,60.0,268666.7,120900.0,332475.0,1,1,1
SCN_0014,R4_Kandla_Fujairah,Kandla_IN,Fujairah_AE,900,normal,30509.0,72.0,Aframax Tanker,115000,ammonia,8.5,3834.86,105.88,309593.7,294113.97,0.0,1,0,0
SCN_0014,R4_Kandla_Fujairah,Kandla_IN,Fujairah_AE,900,normal,30509.0,72.0,Aframax Tanker,115000,ammonia,11.75,10129.93,76.6,591602.4,562022.29,0.0,1,0,0
SCN_0014,R4_Kandla_Fujairah,Kandla_IN,Fujairah_AE,900,normal,30509.0,72.0,Aframax Tanker,115000,ammonia,15.0,13000.0,60.0,594721.4,564985.34,0.0,1,1,1
SCN_0015,R4_Kandla_Fujairah,Kandla_IN,Fujairah_AE,900,bad_weather,150335.0,88.8,Supramax Bulk Carrier,58000,conventional,8.5,2896.11,105.88,58851.5,35310.87,192267.71,0,0,0
SCN_0015,R4_Kandla_Fujairah,Kandla_IN,Fujairah_AE,900,bad_weather,150335.0,88.8,Supramax Bulk Carrier,58000,conventional,11.5,7172.19,78.26,107724.6,64634.78,351936.4,0,1,0
SCN_0015,R4_Kandla_Fujairah,Kandla_IN,Fujairah_AE,900,bad_weather,150335.0,88.8,Supramax Bulk Carrier,58000,conventional,14.5,8000.0,62.07,95297.8,57178.68,311337.93,0,1,0
SCN_0015,R4_Kandla_Fujairah,Kandla_IN,Fujairah_AE,900,bad_weather,150335.0,88.8,Supramax Bulk Carrier,58000,lng,8.5,2896.11,105.88,105622.9,47530.3,130708.31,0,0,0
SCN_0015,R4_Kandla_Fujairah,Kandla_IN,Fujairah_AE,900,bad_weather,150335.0,88.8,Supramax Bulk Carrier,58000,lng,11.5,7172.19,78.26,193337.4,87001.82,239255.01,0,1,0
SCN_0015,R4_Kandla_Fujairah,Kandla_IN,Fujairah_AE,900,bad_weather,150335.0,88.8,Supramax Bulk Carrier,58000,lng,14.5,8000.0,62.07,171034.5,76965.52,211655.17,0,1,0
SCN_0015,R4_Kandla_Fujairah,Kandla_IN,Fujairah_AE,900,bad_weather,150335.0,88.8,Supramax Bulk Carrier,58000,methanol,8.5,2896.11,105.88,135513.2,74532.27,148110.54,0,0,0
SCN_0015,R4_Kandla_Fujairah,Kandla_IN,Fujairah_AE,900,bad_weather,150335.0,88.8,Supramax Bulk Carrier,58000,methanol,11.5,7172.19,78.26,248050.2,136427.59,271108.9,0,1,0
SCN_0015,R4_Kandla_Fujairah,Kandla_IN,Fujairah_AE,900,bad_weather,150335.0,88.8,Supramax Bulk Carrier,58000,methanol,14.5,8000.0,62.07,219435.7,120689.66,239834.48,0,1,0
SCN_0015,R4_Kandla_Fujairah,Kandla_IN,Fujairah_AE,900,bad_weather,150335.0,88.8,Panamax Bulk Carrier,75000,conventional,8.5,3306.92,105.88,67199.4,40319.63,219540.38,0,0,0
SCN_0015,R4_Kandla_Fujairah,Kandla_IN,Fujairah_AE,900,bad_weather,150335.0,88.8,Panamax Bulk Carrier,75000,conventional,11.5,8189.55,78.26,123005.1,73803.06,401857.65,0,1,0
SCN_0015,R4_Kandla_Fujairah,Kandla_IN,Fujairah_AE,900,bad_weather,150335.0,88.8,Panamax Bulk Carrier,75000,conventional,14.5,9500.0,62.07,113166.1,67899.69,369713.79,0,1,0
SCN_0015,R4_Kandla_Fujairah,Kandla_IN,Fujairah_AE,900,bad_weather,150335.0,88.8,Panamax Bulk Carrier,75000,lng,8.5,3306.92,105.88,120605.2,54272.34,149248.94,0,0,0
SCN_0015,R4_Kandla_Fujairah,Kandla_IN,Fujairah_AE,900,bad_weather,150335.0,88.8,Panamax Bulk Carrier,75000,lng,11.5,8189.55,78.26,220761.8,99342.8,273192.7,0,1,0
SCN_0015,R4_Kandla_Fujairah,Kandla_IN,Fujairah_AE,900,bad_weather,150335.0,88.8,Panamax Bulk Carrier,75000,lng,14.5,9500.0,62.07,203103.4,91396.55,251340.52,0,1,0
SCN_0015,R4_Kandla_Fujairah,Kandla_IN,Fujairah_AE,900,bad_weather,150335.0,88.8,Panamax Bulk Carrier,75000,methanol,8.5,3306.92,105.88,154735.4,85104.48,169119.62,0,0,0
SCN_0015,R4_Kandla_Fujairah,Kandla_IN,Fujairah_AE,900,bad_weather,150335.0,88.8,Panamax Bulk Carrier,75000,methanol,11.5,8189.55,78.26,283235.4,155779.48,309564.98,0,1,0
SCN_0015,R4_Kandla_Fujairah,Kandla_IN,Fujairah_AE,900,bad_weather,150335.0,88.8,Panamax Bulk Carrier,75000,methanol,14.5,9500.0,62.07,260579.9,143318.97,284803.45,0,1,0
SCN_0015,R4_Kandla_Fujairah,Kandla_IN,Fujairah_AE,900,bad_weather,150335.0,88.8,Panamax Bulk Carrier,75000,ammonia,8.5,3306.92,105.88,266972.1,253623.47,0.0,0,0,0
SCN_0015,R4_Kandla_Fujairah,Kandla_IN,Fujairah_AE,900,bad_weather,150335.0,88.8,Panamax Bulk Carrier,75000,ammonia,11.5,8189.55,78.26,488679.0,464245.04,0.0,0,1,0
SCN_0015,R4_Kandla_Fujairah,Kandla_IN,Fujairah_AE,900,bad_weather,150335.0,88.8,Panamax Bulk Carrier,75000,ammonia,14.5,9500.0,62.07,449590.5,427110.93,0.0,0,1,0
SCN_0015,R4_Kandla_Fujairah,Kandla_IN,Fujairah_AE,900,bad_weather,150335.0,88.8,Kamsarmax Bulk Carrier,82000,conventional,8.5,3474.21,105.88,70598.8,42359.29,230646.35,0,0,0
SCN_0015,R4_Kandla_Fujairah,Kandla_IN,Fujairah_AE,900,bad_weather,150335.0,88.8,Kamsarmax Bulk Carrier,82000,conventional,12.0,9700.0,75.0,139621.2,83772.73,456142.5,0,1,0
SCN_0015,R4_Kandla_Fujairah,Kandla_IN,Fujairah_AE,900,bad_weather,150335.0,88.8,Kamsarmax Bulk Carrier,82000,conventional,15.5,9700.0,58.06,108093.8,64856.3,353142.58,0,1,0
SCN_0015,R4_Kandla_Fujairah,Kandla_IN,Fujairah_AE,900,bad_weather,150335.0,88.8,Kamsarmax Bulk Carrier,82000,lng,8.5,3474.21,105.88,126706.3,57017.84,156799.06,0,0,0
SCN_0015,R4_Kandla_Fujairah,Kandla_IN,Fujairah_AE,900,bad_weather,150335.0,88.8,Kamsarmax Bulk Carrier,82000,lng,12.0,9700.0,75.0,250583.3,112762.5,310096.88,0,1,0
SCN_0015,R4_Kandla_Fujairah,Kandla_IN,Fujairah_AE,900,bad_weather,150335.0,88.8,Kamsarmax Bulk Carrier,82000,lng,15.5,9700.0,58.06,194000.0,87300.0,240075.0,0,1,0
SCN_0015,R4_Kandla_Fujairah,Kandla_IN,Fujairah_AE,900,bad_weather,150335.0,88.8,Kamsarmax Bulk Carrier,82000,methanol,8.5,3474.21,105.88,162563.1,89409.69,177674.94,0,0,0
SCN_0015,R4_Kandla_Fujairah,Kandla_IN,Fujairah_AE,900,bad_weather,150335.0,88.8,Kamsarmax Bulk Carrier,82000,methanol,12.0,9700.0,75.0,321496.2,176822.92,351382.5,0,1,0
SCN_0015,R4_Kandla_Fujairah,Kandla_IN,Fujairah_AE,900,bad_weather,150335.0,88.8,Kamsarmax Bulk Carrier,82000,methanol,15.5,9700.0,58.06,248900.3,136895.16,272038.06,0,1,0
SCN_0015,R4_Kandla_Fujairah,Kandla_IN,Fujairah_AE,900,bad_weather,150335.0,88.8,Kamsarmax Bulk Carrier,82000,ammonia,8.5,3474.21,105.88,280477.5,266453.62,0.0,0,0,0
SCN_0015,R4_Kandla_Fujairah,Kandla_IN,Fujairah_AE,900,bad_weather,150335.0,88.8,Kamsarmax Bulk Carrier,82000,ammonia,12.0,9700.0,75.0,554692.1,526957.48,0.0,0,1,0
SCN_0015,R4_Kandla_Fujairah,Kandla_IN,Fujairah_AE,900,bad_weather,150335.0,88.8,Kamsarmax Bulk Carrier,82000,ammonia,15.5,9700.0,58.06,429439.0,407967.08,0.0,0,1,0
SCN_0015,R4_Kandla_Fujairah,Kandla_IN,Fujairah_AE,900,bad_weather,150335.0,88.8,Kamsarmax Bulk Carrier,82000,hydrogen,8.5,3474.21,105.88,336770.5,623025.45,0.0,0,0,0
SCN_0015,R4_Kandla_Fujairah,Kandla_IN,Fujairah_AE,900,bad_weather,150335.0,88.8,Kamsarmax Bulk Carrier,82000,hydrogen,12.0,9700.0,75.0,666021.1,1232139.08,0.0,0,1,0
SCN_0015,R4_Kandla_Fujairah,Kandla_IN,Fujairah_AE,900,bad_weather,150335.0,88.8,Kamsarmax Bulk Carrier,82000,hydrogen,15.5,9700.0,58.06,515629.3,953914.13,0.0,0,1,0
SCN_0015,R4_Kandla_Fujairah,Kandla_IN,Fujairah_AE,900,bad_weather,150335.0,88.8,Capesize Bulk Carrier,180000,conventional,8.5,5486.78,105.88,111496.1,66897.68,364257.87,1,0,0
SCN_0015,R4_Kandla_Fujairah,Kandla_IN,Fujairah_AE,900,bad_weather,150335.0,88.8,Capesize Bulk Carrier,180000,conventional,12.0,14000.0,75.0,201515.2,120909.09,658350.0,1,1,1
SCN_0015,R4_Kandla_Fujairah,Kandla_IN,Fujairah_AE,900,bad_weather,150335.0,88.8,Capesize Bulk Carrier,180000,conventional,15.5,14000.0,58.06,156011.7,93607.04,509690.32,1,1,1
SCN_0015,R4_Kandla_Fujairah,Kandla_IN,Fujairah_AE,900,bad_weather,150335.0,88.8,Capesize Bulk Carrier,180000,lng,8.5,5486.78,105.88,200106.2,90047.8,247631.44,1,0,0
SCN_0015,R4_Kandla_Fujairah,Kandla_IN,Fujairah_AE,900,bad_weather,150335.0,88.8,Capesize Bulk Carrier,180000,lng,12.0,14000.0,75.0,361666.7,162750.0,447562.5,1,1,1
SCN_0015,R4_Kandla_Fujairah,Kandla_IN,Fujairah_AE,900,bad_weather,150335.0,88.8,Capesize Bulk Carrier,180000,lng,15.5,14000.0,58.06,280000.0,126000.0,346500.0,1,1,1
SCN_0015,R4_Kandla_Fujairah,Kandla_IN,Fujairah_AE,900,bad_weather,150335.0,88.8,Capesize Bulk Carrier,180000,ammonia,8.5,5486.78,105.88,442955.8,420807.99,0.0,1,0,0
SCN_0015,R4_Kandla_Fujairah,Kandla_IN,Fujairah_AE,900,bad_weather,150335.0,88.8,Capesize Bulk Carrier,180000,ammonia,12.0,14000.0,75.0,800586.5,760557.18,0.0,1,1,1
SCN_0015,R4_Kandla_Fujairah,Kandla_IN,Fujairah_AE,900,bad_weather,150335.0,88.8,Capesize Bulk Carrier,180000,ammonia,15.5,14000.0,58.06,619808.9,588818.47,0.0,1,1,1
SCN_0015,R4_Kandla_Fujairah,Kandla_IN,Fujairah_AE,900,bad_weather,150335.0,88.8,Aframax Tanker,115000,conventional,8.5,4251.45,105.88,86393.1,51835.87,282246.32,0,0,0
SCN_0015,R4_Kandla_Fujairah,Kandla_IN,Fujairah_AE,900,bad_weather,150335.0,88.8,Aframax Tanker,115000,conventional,11.75,11230.37,76.6,165088.6,99053.15,539344.39,0,1,0
SCN_0015,R4_Kandla_Fujairah,Kandla_IN,Fujairah_AE,900,bad_weather,150335.0,88.8,Aframax Tanker,115000,conventional,15.0,13000.0,60.0,149697.0,89818.18,489060.0,0,1,0
SCN_0015,R4_Kandla_Fujairah,Kandla_IN,Fujairah_AE,900,bad_weather,150335.0,88.8,Aframax Tanker,115000,lng,8.5,4251.45,105.88,155052.9,69773.81,191877.98,0,0,0
SCN_0015,R4_Kandla_Fujairah,Kandla_IN,Fujairah_AE,900,bad_weather,150335.0,88.8,Aframax Tanker,115000,lng,11.75,11230.37,76.6,296290.6,133330.75,366659.57,0,1,0
SCN_0015,R4_Kandla_Fujairah,Kandla_IN,Fujairah_AE,900,bad_weather,150335.0,88.8,Aframax Tanker,115000,lng,15.0,13000.0,60.0,268666.7,120900.0,332475.0,0,1,0
SCN_0015,R4_Kandla_Fujairah,Kandla_IN,Fujairah_AE,900,bad_weather,150335.0,88.8,Aframax Tanker,115000,ammonia,8.5,4251.45,105.88,343225.6,326064.35,0.0,0,0,0
SCN_0015,R4_Kandla_Fujairah,Kandla_IN,Fujairah_AE,900,bad_weather,150335.0,88.8,Aframax Tanker,115000,ammonia,11.75,11230.37,76.6,655869.7,623076.26,0.0,0,1,0
SCN_0015,R4_Kandla_Fujairah,Kandla_IN,Fujairah_AE,900,bad_weather,150335.0,88.8,Aframax Tanker,115000,ammonia,15.0,13000.0,60.0,594721.4,564985.34,0.0,0,1,0
SCN_0016,R4_Kandla_Fujairah,Kandla_IN,Fujairah_AE,900,high_wave_wind,76595.0,74.4,Handysize Bulk Carrier,35000,conventional,8.5,2277.43,105.88,46279.4,27767.63,151194.75,0,0,0
SCN_0016,R4_Kandla_Fujairah,Kandla_IN,Fujairah_AE,900,high_wave_wind,76595.0,74.4,Handysize Bulk Carrier,35000,conventional,11.25,5280.15,80.0,81069.0,48641.4,264852.4,0,0,0
SCN_0016,R4_Kandla_Fujairah,Kandla_IN,Fujairah_AE,900,high_wave_wind,76595.0,74.4,Handysize Bulk Carrier,35000,conventional,14.0,6000.0,64.29,74026.0,44415.58,241842.86,0,1,0
SCN_0016,R4_Kandla_Fujairah,Kandla_IN,Fujairah_AE,900,high_wave_wind,76595.0,74.4,Handysize Bulk Carrier,35000,lng,8.5,2277.43,105.88,83059.3,37376.69,102785.91,0,0,0
SCN_0016,R4_Kandla_Fujairah,Kandla_IN,Fujairah_AE,900,high_wave_wind,76595.0,74.4,Handysize Bulk Carrier,35000,lng,11.25,5280.15,80.0,145497.5,65473.88,180053.16,0,0,0
SCN_0016,R4_Kandla_Fujairah,Kandla_IN,Fujairah_AE,900,high_wave_wind,76595.0,74.4,Handysize Bulk Carrier,35000,lng,14.0,6000.0,64.29,132857.1,59785.71,164410.71,0,1,0
SCN_0016,R4_Kandla_Fujairah,Kandla_IN,Fujairah_AE,900,high_wave_wind,76595.0,74.4,Handysize Bulk Carrier,35000,methanol,8.5,2277.43,105.88,106564.4,58610.41,116470.6,0,0,0
SCN_0016,R4_Kandla_Fujairah,Kandla_IN,Fujairah_AE,900,high_wave_wind,76595.0,74.4,Handysize Bulk Carrier,35000,methanol,11.25,5280.15,80.0,186672.0,102669.61,204025.05,0,0,0
SCN_0016,R4_Kandla_Fujairah,Kandla_IN,Fujairah_AE,900,high_wave_wind,76595.0,74.4,Handysize Bulk Carrier,35000,methanol,14.0,6000.0,64.29,170454.5,93750.0,186300.0,0,1,0
SCN_0016,R4_Kandla_Fujairah,Kandla_IN,Fujairah_AE,900,high_wave_wind,76595.0,74.4,Supramax Bulk Carrier,58000,conventional,8.5,2934.43,105.88,59630.2,35778.09,194811.72,0,0,0
SCN_0016,R4_Kandla_Fujairah,Kandla_IN,Fujairah_AE,900,high_wave_wind,76595.0,74.4,Supramax Bulk Carrier,58000,conventional,11.5,7267.09,78.26,109150.0,65490.0,356593.07,0,0,0
SCN_0016,R4_Kandla_Fujairah,Kandla_IN,Fujairah_AE,900,high_wave_wind,76595.0,74.4,Supramax Bulk Carrier,58000,conventional,14.5,8000.0,62.07,95297.8,57178.68,311337.93,0,1,0
SCN_0016,R4_Kandla_Fujairah,Kandla_IN,Fujairah_AE,900,high_wave_wind,76595.0,74.4,Supramax Bulk Carrier,58000,lng,8.5,2934.43,105.88,107020.4,48159.2,132437.79,0,0,0
SCN_0016,R4_Kandla_Fujairah,Kandla_IN,Fujairah_AE,900,high_wave_wind,76595.0,74.4,Supramax Bulk Carrier,58000,lng,11.5,7267.09,78.26,195895.5,88152.99,242420.73,0,0,0
SCN_0016,R4_Kandla_Fujairah,Kandla_IN,Fujairah_AE,900,high_wave_wind,76595.0,74.4,Supramax Bulk Carrier,58000,lng,14.5,8000.0,62.07,171034.5,76965.52,211655.17,0,1,0
SCN_0016,R4_Kandla_Fujairah,Kandla_IN,Fujairah_AE,900,high_wave_wind,76595.0,74.4,Supramax Bulk Carrier,58000,methanol,8.5,2934.43,105.88,137306.3,75518.45,150070.27,0,0,0
SCN_0016,R4_Kandla_Fujairah,Kandla_IN,Fujairah_AE,900,high_wave_wind,76595.0,74.4,Supramax Bulk Carrier,58000,methanol,11.5,7267.09,78.26,251332.3,138232.74,274696.1,0,0,0
SCN_0016,R4_Kandla_Fujairah,Kandla_IN,Fujairah_AE,900,high_wave_wind,76595.0,74.4,Supramax Bulk Carrier,58000,methanol,14.5,8000.0,62.07,219435.7,120689.66,239834.48,0,1,0
SCN_0016,R4_Kandla_Fujairah,Kandla_IN,Fujairah_AE,900,high_wave_wind,76595.0,74.4,Panamax Bulk Carrier,75000,conventional,8.5,3350.67,105.88,68088.5,40853.12,222445.24,0,0,0
SCN_0016,R4_Kandla_Fujairah,Kandla_IN,Fujairah_AE,900,high_wave_wind,76595.0,74.4,Panamax Bulk Carrier,75000,conventional,11.5,8297.91,78.26,124632.6,74779.59,407174.85,0,0,0
SCN_0016,R4_Kandla_Fujairah,Kandla_IN,Fujairah_AE,900,high_wave_wind,76595.0,74.4,Panamax Bulk Carrier,75000,conventional,14.5,9500.0,62.07,113166.1,67899.69,369713.79,0,1,0
SCN_0016,R4_Kandla_Fujairah,Kandla_IN,Fujairah_AE,900,high_wave_wind,76595.0,74.4,Panamax Bulk Carrier,75000,lng,8.5,3350.67,105.88,122201.0,54990.45,151223.74,0,0,0
SCN_0016,R4_Kandla_Fujairah,Kandla_IN,Fujairah_AE,900,high_wave_wind,76595.0,74.4,Panamax Bulk Carrier,75000,lng,11.5,8297.91,78.26,223682.8,100657.26,276807.47,0,0,0
SCN_0016,R4_Kandla_Fujairah,Kandla_IN,Fujairah_AE,900,high_wave_wind,76595.0,74.4,Panamax Bulk Carrier,75000,lng,14.5,9500.0,62.07,203103.4,91396.55,251340.52,0,1,0
SCN_0016,R4_Kandla_Fujairah,Kandla_IN,Fujairah_AE,900,high_wave_wind,76595.0,74.4,Panamax Bulk Carrier,75000,methanol,8.5,3350.67,105.88,156782.8,86230.54,171357.34,0,0,0
SCN_0016,R4_Kandla_Fujairah,Kandla_IN,Fujairah_AE,900,high_wave_wind,76595.0,74.4,Panamax Bulk Carrier,75000,methanol,11.5,8297.91,78.26,286983.1,157840.69,313661.01,0,0,0
SCN_0016,R4_Kandla_Fujairah,Kandla_IN,Fujairah_AE,900,high_wave_wind,76595.0,74.4,Panamax Bulk Carrier,75000,methanol,14.5,9500.0,62.07,260579.9,143318.97,284803.45,0,1,0
SCN_0016,R4_Kandla_Fujairah,Kandla_IN,Fujairah_AE,900,high_wave_wind,76595.0,74.4,Panamax Bulk Carrier,75000,ammonia,8.5,3350.67,105.88,270504.5,256979.31,0.0,0,0,0
SCN_0016,R4_Kandla_Fujairah,Kandla_IN,Fujairah_AE,900,high_wave_wind,76595.0,74.4,Panamax Bulk Carrier,75000,ammonia,11.5,8297.91,78.26,495145.0,470387.73,0.0,0,0,0
SCN_0016,R4_Kandla_Fujairah,Kandla_IN,Fujairah_AE,900,high_wave_wind,76595.0,74.4,Panamax Bulk Carrier,75000,ammonia,14.5,9500.0,62.07,449590.5,427110.93,0.0,0,1,0
SCN_0016,R4_Kandla_Fujairah,Kandla_IN,Fujairah_AE,900,high_wave_wind,76595.0,74.4,Kamsarmax Bulk Carrier,82000,conventional,8.5,3520.17,105.88,71533.0,42919.77,233698.17,1,0,0
SCN_0016,R4_Kandla_Fujairah,Kandla_IN,Fujairah_AE,900,high_wave_wind,76595.0,74.4,Kamsarmax Bulk Carrier,82000,conventional,12.0,9700.0,75.0,139621.2,83772.73,456142.5,1,0,0
SCN_0016,R4_Kandla_Fujairah,Kandla_IN,Fujairah_AE,900,high_wave_wind,76595.0,74.4,Kamsarmax Bulk Carrier,82000,conventional,15.5,9700.0,58.06,108093.8,64856.3,353142.58,1,1,1
SCN_0016,R4_Kandla_Fujairah,Kandla_IN,Fujairah_AE,900,high_wave_wind,76595.0,74.4,Kamsarmax Bulk Carrier,82000,lng,8.5,3520.17,105.88,128382.8,57772.27,158873.75,1,0,0
SCN_0016,R4_Kandla_Fujairah,Kandla_IN,Fujairah_AE,900,high_wave_wind,76595.0,74.4,Kamsarmax Bulk Carrier,82000,lng,12.0,9700.0,75.0,250583.3,112762.5,310096.88,1,0,0
SCN_0016,R4_Kandla_Fujairah,Kandla_IN,Fujairah_AE,900,high_wave_wind,76595.0,74.4,Kamsarmax Bulk Carrier,82000,lng,15.5,9700.0,58.06,194000.0,87300.0,240075.0,1,1,1
SCN_0016,R4_Kandla_Fujairah,Kandla_IN,Fujairah_AE,900,high_wave_wind,76595.0,74.4,Kamsarmax Bulk Carrier,82000,methanol,8.5,3520.17,105.88,164714.0,90592.72,180025.86,1,0,0
SCN_0016,R4_Kandla_Fujairah,Kandla_IN,Fujairah_AE,900,high_wave_wind,76595.0,74.4,Kamsarmax Bulk Carrier,82000,methanol,12.0,9700.0,75.0,321496.2,176822.92,351382.5,1,0,0
SCN_0016,R4_Kandla_Fujairah,Kandla_IN,Fujairah_AE,900,high_wave_wind,76595.0,74.4,Kamsarmax Bulk Carrier,82000,methanol,15.5,9700.0,58.06,248900.3,136895.16,272038.06,1,1,1
SCN_0016,R4_Kandla_Fujairah,Kandla_IN,Fujairah_AE,900,high_wave_wind,76595.0,74.4,Kamsarmax Bulk Carrier,82000,ammonia,8.5,3520.17,105.88,284188.7,269979.22,0.0,1,0,0
SCN_0016,R4_Kandla_Fujairah,Kandla_IN,Fujairah_AE,900,high_wave_wind,76595.0,74.4,Kamsarmax Bulk Carrier,82000,ammonia,12.0,9700.0,75.0,554692.1,526957.48,0.0,1,0,0
SCN_0016,R4_Kandla_Fujairah,Kandla_IN,Fujairah_AE,900,high_wave_wind,76595.0,74.4,Kamsarmax Bulk Carrier,82000,ammonia,15.5,9700.0,58.06,429439.0,407967.08,0.0,1,1,1
SCN_0016,R4_Kandla_Fujairah,Kandla_IN,Fujairah_AE,900,high_wave_wind,76595.0,74.4,Kamsarmax Bulk Carrier,82000,hydrogen,8.5,3520.17,105.88,341226.5,631269.06,0.0,1,0,0
SCN_0016,R4_Kandla_Fujairah,Kandla_IN,Fujairah_AE,900,high_wave_wind,76595.0,74.4,Kamsarmax Bulk Carrier,82000,hydrogen,12.0,9700.0,75.0,666021.1,1232139.08,0.0,1,0,0
SCN_0016,R4_Kandla_Fujairah,Kandla_IN,Fujairah_AE,900,high_wave_wind,76595.0,74.4,Kamsarmax Bulk Carrier,82000,hydrogen,15.5,9700.0,58.06,515629.3,953914.13,0.0,1,1,1
SCN_0016,R4_Kandla_Fujairah,Kandla_IN,Fujairah_AE,900,high_wave_wind,76595.0,74.4,Capesize Bulk Carrier,180000,conventional,8.5,5559.38,105.88,112971.4,67782.84,369077.57,1,0,0
SCN_0016,R4_Kandla_Fujairah,Kandla_IN,Fujairah_AE,900,high_wave_wind,76595.0,74.4,Capesize Bulk Carrier,180000,conventional,12.0,14000.0,75.0,201515.2,120909.09,658350.0,1,0,0
SCN_0016,R4_Kandla_Fujairah,Kandla_IN,Fujairah_AE,900,high_wave_wind,76595.0,74.4,Capesize Bulk Carrier,180000,conventional,15.5,14000.0,58.06,156011.7,93607.04,509690.32,1,1,1
SCN_0016,R4_Kandla_Fujairah,Kandla_IN,Fujairah_AE,900,high_wave_wind,76595.0,74.4,Capesize Bulk Carrier,180000,lng,8.5,5559.38,105.88,202753.9,91239.27,250908.0,1,0,0
SCN_0016,R4_Kandla_Fujairah,Kandla_IN,Fujairah_AE,900,high_wave_wind,76595.0,74.4,Capesize Bulk Carrier,180000,lng,12.0,14000.0,75.0,361666.7,162750.0,447562.5,1,0,0
SCN_0016,R4_Kandla_Fujairah,Kandla_IN,Fujairah_AE,900,high_wave_wind,76595.0,74.4,Capesize Bulk Carrier,180000,lng,15.5,14000.0,58.06,280000.0,126000.0,346500.0,1,1,1
SCN_0016,R4_Kandla_Fujairah,Kandla_IN,Fujairah_AE,900,high_wave_wind,76595.0,74.4,Capesize Bulk Carrier,180000,ammonia,8.5,5559.38,105.88,448816.8,426375.93,0.0,1,0,0
SCN_0016,R4_Kandla_Fujairah,Kandla_IN,Fujairah_AE,900,high_wave_wind,76595.0,74.4,Capesize Bulk Carrier,180000,ammonia,12.0,14000.0,75.0,800586.5,760557.18,0.0,1,0,0
SCN_0016,R4_Kandla_Fujairah,Kandla_IN,Fujairah_AE,900,high_wave_wind,76595.0,74.4,Capesize Bulk Carrier,180000,ammonia,15.5,14000.0,58.06,619808.9,588818.47,0.0,1,1,1
SCN_0016,R4_Kandla_Fujairah,Kandla_IN,Fujairah_AE,900,high_wave_wind,76595.0,74.4,Aframax Tanker,115000,conventional,8.5,4307.7,105.88,87536.2,52521.74,285980.88,1,0,0
SCN_0016,R4_Kandla_Fujairah,Kandla_IN,Fujairah_AE,900,high_wave_wind,76595.0,74.4,Aframax Tanker,115000,conventional,11.75,11378.96,76.6,167273.0,100363.78,546480.76,1,0,0
SCN_0016,R4_Kandla_Fujairah,Kandla_IN,Fujairah_AE,900,high_wave_wind,76595.0,74.4,Aframax Tanker,115000,conventional,15.0,13000.0,60.0,149697.0,89818.18,489060.0,1,1,1
SCN_0016,R4_Kandla_Fujairah,Kandla_IN,Fujairah_AE,900,high_wave_wind,76595.0,74.4,Aframax Tanker,115000,lng,8.5,4307.7,105.88,157104.5,70697.03,194416.83,1,0,0
SCN_0016,R4_Kandla_Fujairah,Kandla_IN,Fujairah_AE,900,high_wave_wind,76595.0,74.4,Aframax Tanker,115000,lng,11.75,11378.96,76.6,300210.9,135094.93,371511.04,1,0,0
SCN_0016,R4_Kandla_Fujairah,Kandla_IN,Fujairah_AE,900,high_wave_wind,76595.0,74.4,Aframax Tanker,115000,lng,15.0,13000.0,60.0,268666.7,120900.0,332475.0,1,1,1
SCN_0016,R4_Kandla_Fujairah,Kandla_IN,Fujairah_AE,900,high_wave_wind,76595.0,74.4,Aframax Tanker,115000,ammonia,8.5,4307.7,105.88,347767.0,330378.69,0.0,1,0,0
SCN_0016,R4_Kandla_Fujairah,Kandla_IN,Fujairah_AE,900,high_wave_wind,76595.0,74.4,Aframax Tanker,115000,ammonia,11.75,11378.96,76.6,664547.9,631320.53,0.0,1,0,0
SCN_0016,R4_Kandla_Fujairah,Kandla_IN,Fujairah_AE,900,high_wave_wind,76595.0,74.4,Aframax Tanker,115000,ammonia,15.0,13000.0,60.0,594721.4,564985.34,0.0,1,1,1
SCN_0017,R5_Mormugao_Newcastle,Mormugao_IN,Newcastle_AU,5200,normal,48396.0,535.2,Handysize Bulk Carrier,35000,conventional,8.5,2062.85,611.76,242197.7,145318.64,791260.01,0,0,0
SCN_0017,R5_Mormugao_Newcastle,Mormugao_IN,Newcastle_AU,5200,normal,48396.0,535.2,Handysize Bulk Carrier,35000,conventional,11.25,4782.64,462.22,424265.1,254559.04,1386073.98,0,1,0
SCN_0017,R5_Mormugao_Newcastle,Mormugao_IN,Newcastle_AU,5200,normal,48396.0,535.2,Handysize Bulk Carrier,35000,conventional,14.0,6000.0,371.43,427705.6,256623.38,1397314.29,0,1,0
SCN_0017,R5_Mormugao_Newcastle,Mormugao_IN,Newcastle_AU,5200,normal,48396.0,535.2,Handysize Bulk Carrier,35000,lng,8.5,2062.85,611.76,434681.2,195606.54,537917.99,0,0,0
SCN_0017,R5_Mormugao_Newcastle,Mormugao_IN,Newcastle_AU,5200,normal,48396.0,535.2,Handysize Bulk Carrier,35000,lng,11.25,4782.64,462.22,761444.1,342649.87,942287.13,0,1,0
SCN_0017,R5_Mormugao_Newcastle,Mormugao_IN,Newcastle_AU,5200,normal,48396.0,535.2,Handysize Bulk Carrier,35000,lng,14.0,6000.0,371.43,767619.0,345428.57,949928.57,0,1,0
SCN_0017,R5_Mormugao_Newcastle,Mormugao_IN,Newcastle_AU,5200,normal,48396.0,535.2,Handysize Bulk Carrier,35000,methanol,8.5,2062.85,611.76,557692.2,306730.69,609535.22,0,0,0
SCN_0017,R5_Mormugao_Newcastle,Mormugao_IN,Newcastle_AU,5200,normal,48396.0,535.2,Handysize Bulk Carrier,35000,methanol,11.25,4782.64,462.22,976926.1,537309.38,1067741.2,0,1,0
SCN_0017,R5_Mormugao_Newcastle,Mormugao_IN,Newcastle_AU,5200,normal,48396.0,535.2,Handysize Bulk Carrier,35000,methanol,14.0,6000.0,371.43,984848.5,541666.67,1076400.0,0,1,0
SCN_0017,R5_Mormugao_Newcastle,Mormugao_IN,Newcastle_AU,5200,normal,48396.0,535.2,Supramax Bulk Carrier,58000,conventional,8.5,2657.94,611.76,312067.4,187240.46,1019524.28,1,0,0
SCN_0017,R5_Mormugao_Newcastle,Mormugao_IN,Newcastle_AU,5200,normal,48396.0,535.2,Supramax Bulk Carrier,58000,conventional,11.5,6582.37,452.17,571223.8,342734.26,1866188.04,1,1,1
SCN_0017,R5_Mormugao_Newcastle,Mormugao_IN,Newcastle_AU,5200,normal,48396.0,535.2,Supramax Bulk Carrier,58000,conventional,14.5,8000.0,358.62,550609.5,330365.73,1798841.38,1,1,1
SCN_0017,R5_Mormugao_Newcastle,Mormugao_IN,Newcastle_AU,5200,normal,48396.0,535.2,Supramax Bulk Carrier,58000,lng,8.5,2657.94,611.76,560078.9,252035.51,693097.65,1,0,0
SCN_0017,R5_Mormugao_Newcastle,Mormugao_IN,Newcastle_AU,5200,normal,48396.0,535.2,Supramax Bulk Carrier,58000,lng,11.5,6582.37,452.17,1025196.3,461338.35,1268680.47,1,1,1
SCN_0017,R5_Mormugao_Newcastle,Mormugao_IN,Newcastle_AU,5200,normal,48396.0,535.2,Supramax Bulk Carrier,58000,lng,14.5,8000.0,358.62,988199.2,444689.66,1222896.55,1,1,1
SCN_0017,R5_Mormugao_Newcastle,Mormugao_IN,Newcastle_AU,5200,normal,48396.0,535.2,Supramax Bulk Carrier,58000,methanol,8.5,2657.94,611.76,718576.3,395216.97,785375.16,1,0,0
SCN_0017,R5_Mormugao_Newcastle,Mormugao_IN,Newcastle_AU,5200,normal,48396.0,535.2,Supramax Bulk Carrier,58000,methanol,11.5,6582.37,452.17,1315317.9,723424.84,1437589.83,1,1,1
SCN_0017,R5_Mormugao_Newcastle,Mormugao_IN,Newcastle_AU,5200,normal,48396.0,535.2,Supramax Bulk Carrier,58000,methanol,14.5,8000.0,358.62,1267850.9,697318.01,1385710.34,1,1,1
SCN_0017,R5_Mormugao_Newcastle,Mormugao_IN,Newcastle_AU,5200,normal,48396.0,535.2,Panamax Bulk Carrier,75000,conventional,8.5,3034.96,611.76,356333.4,213800.02,1164141.09,1,0,0
SCN_0017,R5_Mormugao_Newcastle,Mormugao_IN,Newcastle_AU,5200,normal,48396.0,535.2,Panamax Bulk Carrier,75000,conventional,11.5,7516.06,452.17,652250.3,391350.2,2130901.86,1,1,1
SCN_0017,R5_Mormugao_Newcastle,Mormugao_IN,Newcastle_AU,5200,normal,48396.0,535.2,Panamax Bulk Carrier,75000,conventional,14.5,9500.0,358.62,653848.8,392309.3,2136124.14,1,1,1
SCN_0017,R5_Mormugao_Newcastle,Mormugao_IN,Newcastle_AU,5200,normal,48396.0,535.2,Panamax Bulk Carrier,75000,lng,8.5,3034.96,611.76,639524.6,287786.08,791411.71,1,0,0
SCN_0017,R5_Mormugao_Newcastle,Mormugao_IN,Newcastle_AU,5200,normal,48396.0,535.2,Panamax Bulk Carrier,75000,lng,11.5,7516.06,452.17,1170617.7,526777.97,1448639.42,1,1,1
SCN_0017,R5_Mormugao_Newcastle,Mormugao_IN,Newcastle_AU,5200,normal,48396.0,535.2,Panamax Bulk Carrier,75000,lng,14.5,9500.0,358.62,1173486.6,528068.97,1452189.66,1,1,1
SCN_0017,R5_Mormugao_Newcastle,Mormugao_IN,Newcastle_AU,5200,normal,48396.0,535.2,Panamax Bulk Carrier,75000,methanol,8.5,3034.96,611.76,820504.5,451277.45,896778.55,1,0,0
SCN_0017,R5_Mormugao_Newcastle,Mormugao_IN,Newcastle_AU,5200,normal,48396.0,535.2,Panamax Bulk Carrier,75000,methanol,11.5,7516.06,452.17,1501892.2,826040.73,1641508.13,1,1,1
SCN_0017,R5_Mormugao_Newcastle,Mormugao_IN,Newcastle_AU,5200,normal,48396.0,535.2,Panamax Bulk Carrier,75000,methanol,14.5,9500.0,358.62,1505573.0,828065.13,1645531.03,1,1,1
SCN_0017,R5_Mormugao_Newcastle,Mormugao_IN,Newcastle_AU,5200,normal,48396.0,535.2,Panamax Bulk Carrier,75000,ammonia,8.5,3034.96,611.76,1415653.8,1344871.08,0.0,1,0,0
SCN_0017,R5_Mormugao_Newcastle,Mormugao_IN,Newcastle_AU,5200,normal,48396.0,535.2,Panamax Bulk Carrier,75000,ammonia,11.5,7516.06,452.17,2591283.2,2461719.03,0.0,1,1,1
SCN_0017,R5_Mormugao_Newcastle,Mormugao_IN,Newcastle_AU,5200,normal,48396.0,535.2,Panamax Bulk Carrier,75000,ammonia,14.5,9500.0,358.62,2597633.7,2467752.05,0.0,1,1,1
SCN_0017,R5_Mormugao_Newcastle,Mormugao_IN,Newcastle_AU,5200,normal,48396.0,535.2,Kamsarmax Bulk Carrier,82000,conventional,8.5,3188.5,611.76,374359.3,224615.6,1223031.96,1,0,0
SCN_0017,R5_Mormugao_Newcastle,Mormugao_IN,Newcastle_AU,5200,normal,48396.0,535.2,Kamsarmax Bulk Carrier,82000,conventional,12.0,8971.66,433.33,746128.0,447676.77,2437600.04,1,1,1
SCN_0017,R5_Mormugao_Newcastle,Mormugao_IN,Newcastle_AU,5200,normal,48396.0,535.2,Kamsarmax Bulk Carrier,82000,conventional,15.5,9700.0,335.48,624542.2,374725.32,2040379.35,1,1,1
SCN_0017,R5_Mormugao_Newcastle,Mormugao_IN,Newcastle_AU,5200,normal,48396.0,535.2,Kamsarmax Bulk Carrier,82000,lng,8.5,3188.5,611.76,671876.5,302344.42,831447.17,1,0,0
SCN_0017,R5_Mormugao_Newcastle,Mormugao_IN,Newcastle_AU,5200,normal,48396.0,535.2,Kamsarmax Bulk Carrier,82000,lng,12.0,8971.66,433.33,1339103.3,602596.5,1657140.38,1,1,1
SCN_0017,R5_Mormugao_Newcastle,Mormugao_IN,Newcastle_AU,5200,normal,48396.0,535.2,Kamsarmax Bulk Carrier,82000,lng,15.5,9700.0,335.48,1120888.9,504400.0,1387100.0,1,1,1
SCN_0017,R5_Mormugao_Newcastle,Mormugao_IN,Newcastle_AU,5200,normal,48396.0,535.2,Kamsarmax Bulk Carrier,82000,methanol,8.5,3188.5,611.76,862011.6,474106.4,942144.24,1,0,0
SCN_0017,R5_Mormugao_Newcastle,Mormugao_IN,Newcastle_AU,5200,normal,48396.0,535.2,Kamsarmax Bulk Carrier,82000,methanol,12.0,8971.66,433.33,1718057.8,944931.79,1877768.45,1,1,1
SCN_0017,R5_Mormugao_Newcastle,Mormugao_IN,Newcastle_AU,5200,normal,48396.0,535.2,Kamsarmax Bulk Carrier,82000,methanol,15.5,9700.0,335.48,1438090.6,790949.82,1571775.48,1,1,1
SCN_0017,R5_Mormugao_Newcastle,Mormugao_IN,Newcastle_AU,5200,normal,48396.0,535.2,Kamsarmax Bulk Carrier,82000,ammonia,8.5,3188.5,611.76,1487268.0,1412904.61,0.0,1,0,0
SCN_0017,R5_Mormugao_Newcastle,Mormugao_IN,Newcastle_AU,5200,normal,48396.0,535.2,Kamsarmax Bulk Carrier,82000,ammonia,12.0,8971.66,433.33,2964243.5,2816031.32,0.0,1,1,1
SCN_0017,R5_Mormugao_Newcastle,Mormugao_IN,Newcastle_AU,5200,normal,48396.0,535.2,Kamsarmax Bulk Carrier,82000,ammonia,15.5,9700.0,335.48,2481203.3,2357143.13,0.0,1,1,1
SCN_0017,R5_Mormugao_Newcastle,Mormugao_IN,Newcastle_AU,5200,normal,48396.0,535.2,Kamsarmax Bulk Carrier,82000,hydrogen,8.5,3188.5,611.76,1785769.0,3303672.61,0.0,1,0,0
SCN_0017,R5_Mormugao_Newcastle,Mormugao_IN,Newcastle_AU,5200,normal,48396.0,535.2,Kamsarmax Bulk Carrier,82000,hydrogen,12.0,8971.66,433.33,3559179.7,6584482.44,0.0,1,1,1
SCN_0017,R5_Mormugao_Newcastle,Mormugao_IN,Newcastle_AU,5200,normal,48396.0,535.2,Kamsarmax Bulk Carrier,82000,hydrogen,15.5,9700.0,335.48,2979191.3,5511503.86,0.0,1,1,1
SCN_0017,R5_Mormugao_Newcastle,Mormugao_IN,Newcastle_AU,5200,normal,48396.0,535.2,Capesize Bulk Carrier,180000,conventional,8.5,5035.56,611.76,591222.6,354733.55,1931524.19,1,0,0
SCN_0017,R5_Mormugao_Newcastle,Mormugao_IN,Newcastle_AU,5200,normal,48396.0,535.2,Capesize Bulk Carrier,180000,conventional,12.0,14000.0,433.33,1164309.8,698585.86,3803800.0,1,1,1
SCN_0017,R5_Mormugao_Newcastle,Mormugao_IN,Newcastle_AU,5200,normal,48396.0,535.2,Capesize Bulk Carrier,180000,conventional,15.5,14000.0,335.48,901401.1,540840.66,2944877.42,1,1,1
SCN_0017,R5_Mormugao_Newcastle,Mormugao_IN,Newcastle_AU,5200,normal,48396.0,535.2,Capesize Bulk Carrier,180000,lng,8.5,5035.56,611.76,1061089.0,477490.03,1313097.59,1,0,0
SCN_0017,R5_Mormugao_Newcastle,Mormugao_IN,Newcastle_AU,5200,normal,48396.0,535.2,Capesize Bulk Carrier,180000,lng,12.0,14000.0,433.33,2089629.6,940333.33,2585916.67,1,1,1
SCN_0017,R5_Mormugao_Newcastle,Mormugao_IN,Newcastle_AU,5200,normal,48396.0,535.2,Capesize Bulk Carrier,180000,lng,15.5,14000.0,335.48,1617777.8,728000.0,2002000.0,1,1,1
SCN_0017,R5_Mormugao_Newcastle,Mormugao_IN,Newcastle_AU,5200,normal,48396.0,535.2,Capesize Bulk Carrier,180000,ammonia,8.5,5035.56,611.76,2348830.0,2231388.48,0.0,1,0,0
SCN_0017,R5_Mormugao_Newcastle,Mormugao_IN,Newcastle_AU,5200,normal,48396.0,535.2,Capesize Bulk Carrier,180000,ammonia,12.0,14000.0,433.33,4625610.9,4394330.4,0.0,1,1,1
SCN_0017,R5_Mormugao_Newcastle,Mormugao_IN,Newcastle_AU,5200,normal,48396.0,535.2,Capesize Bulk Carrier,180000,ammonia,15.5,14000.0,335.48,3581118.2,3402062.25,0.0,1,1,1
SCN_0017,R5_Mormugao_Newcastle,Mormugao_IN,Newcastle_AU,5200,normal,48396.0,535.2,Aframax Tanker,115000,conventional,8.5,3901.82,611.76,458110.6,274866.37,1496647.41,1,0,0
SCN_0017,R5_Mormugao_Newcastle,Mormugao_IN,Newcastle_AU,5200,normal,48396.0,535.2,Aframax Tanker,115000,conventional,11.75,10306.81,442.55,875403.4,525242.06,2859943.02,1,1,1
SCN_0017,R5_Mormugao_Newcastle,Mormugao_IN,Newcastle_AU,5200,normal,48396.0,535.2,Aframax Tanker,115000,conventional,15.0,13000.0,346.67,864915.8,518949.49,2825680.0,1,1,1
SCN_0017,R5_Mormugao_Newcastle,Mormugao_IN,Newcastle_AU,5200,normal,48396.0,535.2,Aframax Tanker,115000,lng,8.5,3901.82,611.76,822188.0,369984.61,1017457.67,1,0,0
SCN_0017,R5_Mormugao_Newcastle,Mormugao_IN,Newcastle_AU,5200,normal,48396.0,535.2,Aframax Tanker,115000,lng,11.75,10306.81,442.55,1571118.8,707003.46,1944259.51,1,1,1
SCN_0017,R5_Mormugao_Newcastle,Mormugao_IN,Newcastle_AU,5200,normal,48396.0,535.2,Aframax Tanker,115000,lng,15.0,13000.0,346.67,1552296.3,698533.33,1920966.67,1,1,1
SCN_0017,R5_Mormugao_Newcastle,Mormugao_IN,Newcastle_AU,5200,normal,48396.0,535.2,Aframax Tanker,115000,ammonia,8.5,3901.82,611.76,1819998.1,1728998.16,0.0,1,0,0
SCN_0017,R5_Mormugao_Newcastle,Mormugao_IN,Newcastle_AU,5200,normal,48396.0,535.2,Aframax Tanker,115000,ammonia,11.75,10306.81,442.55,3477833.7,3303941.99,0.0,1,1,1
SCN_0017,R5_Mormugao_Newcastle,Mormugao_IN,Newcastle_AU,5200,normal,48396.0,535.2,Aframax Tanker,115000,ammonia,15.0,13000.0,346.67,3436168.1,3264359.73,0.0,1,1,1
SCN_0018,R5_Mormugao_Newcastle,Mormugao_IN,Newcastle_AU,5200,moderate_weather,57321.0,410.4,Handysize Bulk Carrier,35000,conventional,8.5,2164.23,611.76,254100.6,152460.33,830146.51,0,0,0
SCN_0018,R5_Mormugao_Newcastle,Mormugao_IN,Newcastle_AU,5200,moderate_weather,57321.0,410.4,Handysize Bulk Carrier,35000,conventional,11.25,5017.69,462.22,445115.6,267069.35,1454192.63,0,0,0
SCN_0018,R5_Mormugao_Newcastle,Mormugao_IN,Newcastle_AU,5200,moderate_weather,57321.0,410.4,Handysize Bulk Carrier,35000,conventional,14.0,6000.0,371.43,427705.6,256623.38,1397314.29,0,1,0
SCN_0018,R5_Mormugao_Newcastle,Mormugao_IN,Newcastle_AU,5200,moderate_weather,57321.0,410.4,Handysize Bulk Carrier,35000,lng,8.5,2164.23,611.76,456043.6,205219.63,564353.98,0,0,0
SCN_0018,R5_Mormugao_Newcastle,Mormugao_IN,Newcastle_AU,5200,moderate_weather,57321.0,410.4,Handysize Bulk Carrier,35000,lng,11.25,5017.69,462.22,798865.3,359489.41,988595.86,0,0,0
SCN_0018,R5_Mormugao_Newcastle,Mormugao_IN,Newcastle_AU,5200,moderate_weather,57321.0,410.4,Handysize Bulk Carrier,35000,lng,14.0,6000.0,371.43,767619.0,345428.57,949928.57,0,1,0
SCN_0018,R5_Mormugao_Newcastle,Mormugao_IN,Newcastle_AU,5200,moderate_weather,57321.0,410.4,Handysize Bulk Carrier,35000,methanol,8.5,2164.23,611.76,585100.0,321804.98,639490.85,0,0,0
SCN_0018,R5_Mormugao_Newcastle,Mormugao_IN,Newcastle_AU,5200,moderate_weather,57321.0,410.4,Handysize Bulk Carrier,35000,methanol,11.25,5017.69,462.22,1024937.2,563715.47,1120215.37,0,0,0
SCN_0018,R5_Mormugao_Newcastle,Mormugao_IN,Newcastle_AU,5200,moderate_weather,57321.0,410.4,Handysize Bulk Carrier,35000,methanol,14.0,6000.0,371.43,984848.5,541666.67,1076400.0,0,1,0
SCN_0018,R5_Mormugao_Newcastle,Mormugao_IN,Newcastle_AU,5200,moderate_weather,57321.0,410.4,Supramax Bulk Carrier,58000,conventional,8.5,2788.57,611.76,327404.0,196442.39,1069628.84,1,0,0
SCN_0018,R5_Mormugao_Newcastle,Mormugao_IN,Newcastle_AU,5200,moderate_weather,57321.0,410.4,Supramax Bulk Carrier,58000,conventional,11.5,6905.86,452.17,599296.6,359577.95,1957901.92,1,0,0
SCN_0018,R5_Mormugao_Newcastle,Mormugao_IN,Newcastle_AU,5200,moderate_weather,57321.0,410.4,Supramax Bulk Carrier,58000,conventional,14.5,8000.0,358.62,550609.5,330365.73,1798841.38,1,1,1
SCN_0018,R5_Mormugao_Newcastle,Mormugao_IN,Newcastle_AU,5200,moderate_weather,57321.0,410.4,Supramax Bulk Carrier,58000,lng,8.5,2788.57,611.76,587604.0,264421.8,727159.95,1,0,0
SCN_0018,R5_Mormugao_Newcastle,Mormugao_IN,Newcastle_AU,5200,moderate_weather,57321.0,410.4,Supramax Bulk Carrier,58000,lng,11.5,6905.86,452.17,1075579.6,484010.84,1331029.81,1,0,0
SCN_0018,R5_Mormugao_Newcastle,Mormugao_IN,Newcastle_AU,5200,moderate_weather,57321.0,410.4,Supramax Bulk Carrier,58000,lng,14.5,8000.0,358.62,988199.2,444689.66,1222896.55,1,1,1
SCN_0018,R5_Mormugao_Newcastle,Mormugao_IN,Newcastle_AU,5200,moderate_weather,57321.0,410.4,Supramax Bulk Carrier,58000,methanol,8.5,2788.57,611.76,753890.8,414639.92,823972.45,1,0,0
SCN_0018,R5_Mormugao_Newcastle,Mormugao_IN,Newcastle_AU,5200,moderate_weather,57321.0,410.4,Supramax Bulk Carrier,58000,methanol,11.5,6905.86,452.17,1379959.2,758977.57,1508240.23,1,0,0
SCN_0018,R5_Mormugao_Newcastle,Mormugao_IN,Newcastle_AU,5200,moderate_weather,57321.0,410.4,Supramax Bulk Carrier,58000,methanol,14.5,8000.0,358.62,1267850.9,697318.01,1385710.34,1,1,1
SCN_0018,R5_Mormugao_Newcastle,Mormugao_IN,Newcastle_AU,5200,moderate_weather,57321.0,410.4,Panamax Bulk Carrier,75000,conventional,8.5,3184.12,611.76,373845.4,224307.23,1221352.85,1,0,0
SCN_0018,R5_Mormugao_Newcastle,Mormugao_IN,Newcastle_AU,5200,moderate_weather,57321.0,410.4,Panamax Bulk Carrier,75000,conventional,11.5,7885.44,452.17,684305.2,410583.12,2235625.1,1,0,0
SCN_0018,R5_Mormugao_Newcastle,Mormugao_IN,Newcastle_AU,5200,moderate_weather,57321.0,410.4,Panamax Bulk Carrier,75000,conventional,14.5,9500.0,358.62,653848.8,392309.3,2136124.14,1,1,1
SCN_0018,R5_Mormugao_Newcastle,Mormugao_IN,Newcastle_AU,5200,moderate_weather,57321.0,410.4,Panamax Bulk Carrier,75000,lng,8.5,3184.12,611.76,670954.1,301929.33,830305.66,1,0,0
SCN_0018,R5_Mormugao_Newcastle,Mormugao_IN,Newcastle_AU,5200,moderate_weather,57321.0,410.4,Panamax Bulk Carrier,75000,lng,11.5,7885.44,452.17,1228147.8,552666.49,1519832.86,1,0,0
SCN_0018,R5_Mormugao_Newcastle,Mormugao_IN,Newcastle_AU,5200,moderate_weather,57321.0,410.4,Panamax Bulk Carrier,75000,lng,14.5,9500.0,358.62,1173486.6,528068.97,1452189.66,1,1,1
SCN_0018,R5_Mormugao_Newcastle,Mormugao_IN,Newcastle_AU,5200,moderate_weather,57321.0,410.4,Panamax Bulk Carrier,75000,methanol,8.5,3184.12,611.76,860828.2,473455.49,940850.76,1,0,0
SCN_0018,R5_Mormugao_Newcastle,Mormugao_IN,Newcastle_AU,5200,moderate_weather,57321.0,410.4,Panamax Bulk Carrier,75000,methanol,11.5,7885.44,452.17,1575702.8,866636.53,1722180.1,1,0,0
SCN_0018,R5_Mormugao_Newcastle,Mormugao_IN,Newcastle_AU,5200,moderate_weather,57321.0,410.4,Panamax Bulk Carrier,75000,methanol,14.5,9500.0,358.62,1505573.0,828065.13,1645531.03,1,1,1
SCN_0018,R5_Mormugao_Newcastle,Mormugao_IN,Newcastle_AU,5200,moderate_weather,57321.0,410.4,Panamax Bulk Carrier,75000,ammonia,8.5,3184.12,611.76,1485226.1,1410964.81,0.0,1,0,0
SCN_0018,R5_Mormugao_Newcastle,Mormugao_IN,Newcastle_AU,5200,moderate_weather,57321.0,410.4,Panamax Bulk Carrier,75000,ammonia,11.5,7885.44,452.17,2718631.9,2582700.29,0.0,1,0,0
SCN_0018,R5_Mormugao_Newcastle,Mormugao_IN,Newcastle_AU,5200,moderate_weather,57321.0,410.4,Panamax Bulk Carrier,75000,ammonia,14.5,9500.0,358.62,2597633.7,2467752.05,0.0,1,1,1
SCN_0018,R5_Mormugao_Newcastle,Mormugao_IN,Newcastle_AU,5200,moderate_weather,57321.0,410.4,Kamsarmax Bulk Carrier,82000,conventional,8.5,3345.19,611.76,392757.2,235654.35,1283137.91,1,0,0
SCN_0018,R5_Mormugao_Newcastle,Mormugao_IN,Newcastle_AU,5200,moderate_weather,57321.0,410.4,Kamsarmax Bulk Carrier,82000,conventional,12.0,9412.57,433.33,782796.4,469677.86,2557395.97,1,0,0
SCN_0018,R5_Mormugao_Newcastle,Mormugao_IN,Newcastle_AU,5200,moderate_weather,57321.0,410.4,Kamsarmax Bulk Carrier,82000,conventional,15.5,9700.0,335.48,624542.2,374725.32,2040379.35,1,1,1
SCN_0018,R5_Mormugao_Newcastle,Mormugao_IN,Newcastle_AU,5200,moderate_weather,57321.0,410.4,Kamsarmax Bulk Carrier,82000,lng,8.5,3345.19,611.76,704895.9,317203.15,872308.67,1,0,0
SCN_0018,R5_Mormugao_Newcastle,Mormugao_IN,Newcastle_AU,5200,moderate_weather,57321.0,410.4,Kamsarmax Bulk Carrier,82000,lng,12.0,9412.57,433.33,1404913.6,632211.13,1738580.59,1,0,0
SCN_0018,R5_Mormugao_Newcastle,Mormugao_IN,Newcastle_AU,5200,moderate_weather,57321.0,410.4,Kamsarmax Bulk Carrier,82000,lng,15.5,9700.0,335.48,1120888.9,504400.0,1387100.0,1,1,1
SCN_0018,R5_Mormugao_Newcastle,Mormugao_IN,Newcastle_AU,5200,moderate_weather,57321.0,410.4,Kamsarmax Bulk Carrier,82000,methanol,8.5,3345.19,611.76,904375.2,497406.38,988445.95,1,0,0
SCN_0018,R5_Mormugao_Newcastle,Mormugao_IN,Newcastle_AU,5200,moderate_weather,57321.0,410.4,Kamsarmax Bulk Carrier,82000,methanol,12.0,9412.57,433.33,1802491.8,991370.49,1970051.44,1,0,0
SCN_0018,R5_Mormugao_Newcastle,Mormugao_IN,Newcastle_AU,5200,moderate_weather,57321.0,410.4,Kamsarmax Bulk Carrier,82000,methanol,15.5,9700.0,335.48,1438090.6,790949.82,1571775.48,1,1,1
SCN_0018,R5_Mormugao_Newcastle,Mormugao_IN,Newcastle_AU,5200,moderate_weather,57321.0,410.4,Kamsarmax Bulk Carrier,82000,ammonia,8.5,3345.19,611.76,1560359.8,1482341.85,0.0,1,0,0
SCN_0018,R5_Mormugao_Newcastle,Mormugao_IN,Newcastle_AU,5200,moderate_weather,57321.0,410.4,Kamsarmax Bulk Carrier,82000,ammonia,12.0,9412.57,433.33,3109921.3,2954425.28,0.0,1,0,0
SCN_0018,R5_Mormugao_Newcastle,Mormugao_IN,Newcastle_AU,5200,moderate_weather,57321.0,410.4,Kamsarmax Bulk Carrier,82000,ammonia,15.5,9700.0,335.48,2481203.3,2357143.13,0.0,1,1,1
SCN_0018,R5_Mormugao_Newcastle,Mormugao_IN,Newcastle_AU,5200,moderate_weather,57321.0,410.4,Kamsarmax Bulk Carrier,82000,hydrogen,8.5,3345.19,611.76,1873530.7,3466031.71,0.0,1,0,0
SCN_0018,R5_Mormugao_Newcastle,Mormugao_IN,Newcastle_AU,5200,moderate_weather,57321.0,410.4,Kamsarmax Bulk Carrier,82000,hydrogen,12.0,9412.57,433.33,3734095.7,6908077.04,0.0,1,0,0
SCN_0018,R5_Mormugao_Newcastle,Mormugao_IN,Newcastle_AU,5200,moderate_weather,57321.0,410.4,Kamsarmax Bulk Carrier,82000,hydrogen,15.5,9700.0,335.48,2979191.3,5511503.86,0.0,1,1,1
SCN_0018,R5_Mormugao_Newcastle,Mormugao_IN,Newcastle_AU,5200,moderate_weather,57321.0,410.4,Capesize Bulk Carrier,180000,conventional,8.5,5283.04,611.76,620278.2,372166.94,2026449.01,1,0,0
SCN_0018,R5_Mormugao_Newcastle,Mormugao_IN,Newcastle_AU,5200,moderate_weather,57321.0,410.4,Capesize Bulk Carrier,180000,conventional,12.0,14000.0,433.33,1164309.8,698585.86,3803800.0,1,0,0
SCN_0018,R5_Mormugao_Newcastle,Mormugao_IN,Newcastle_AU,5200,moderate_weather,57321.0,410.4,Capesize Bulk Carrier,180000,conventional,15.5,14000.0,335.48,901401.1,540840.66,2944877.42,1,1,1
SCN_0018,R5_Mormugao_Newcastle,Mormugao_IN,Newcastle_AU,5200,moderate_weather,57321.0,410.4,Capesize Bulk Carrier,180000,lng,8.5,5283.04,611.76,1113236.2,500956.3,1377629.81,1,0,0
SCN_0018,R5_Mormugao_Newcastle,Mormugao_IN,Newcastle_AU,5200,moderate_weather,57321.0,410.4,Capesize Bulk Carrier,180000,lng,12.0,14000.0,433.33,2089629.6,940333.33,2585916.67,1,0,0
SCN_0018,R5_Mormugao_Newcastle,Mormugao_IN,Newcastle_AU,5200,moderate_weather,57321.0,410.4,Capesize Bulk Carrier,180000,lng,15.5,14000.0,335.48,1617777.8,728000.0,2002000.0,1,1,1
SCN_0018,R5_Mormugao_Newcastle,Mormugao_IN,Newcastle_AU,5200,moderate_weather,57321.0,410.4,Capesize Bulk Carrier,180000,ammonia,8.5,5283.04,611.76,2464263.3,2341050.14,0.0,1,0,0
SCN_0018,R5_Mormugao_Newcastle,Mormugao_IN,Newcastle_AU,5200,moderate_weather,57321.0,410.4,Capesize Bulk Carrier,180000,ammonia,12.0,14000.0,433.33,4625610.9,4394330.4,0.0,1,0,0
SCN_0018,R5_Mormugao_Newcastle,Mormugao_IN,Newcastle_AU,5200,moderate_weather,57321.0,410.4,Capesize Bulk Carrier,180000,ammonia,15.5,14000.0,335.48,3581118.2,3402062.25,0.0,1,1,1
SCN_0018,R5_Mormugao_Newcastle,Mormugao_IN,Newcastle_AU,5200,moderate_weather,57321.0,410.4,Aframax Tanker,115000,conventional,8.5,4093.58,611.76,480624.5,288374.69,1570200.2,1,0,0
SCN_0018,R5_Mormugao_Newcastle,Mormugao_IN,Newcastle_AU,5200,moderate_weather,57321.0,410.4,Aframax Tanker,115000,conventional,11.75,10813.34,442.55,918425.2,551055.1,3000495.01,1,0,0
SCN_0018,R5_Mormugao_Newcastle,Mormugao_IN,Newcastle_AU,5200,moderate_weather,57321.0,410.4,Aframax Tanker,115000,conventional,15.0,13000.0,346.67,864915.8,518949.49,2825680.0,1,1,1
SCN_0018,R5_Mormugao_Newcastle,Mormugao_IN,Newcastle_AU,5200,moderate_weather,57321.0,410.4,Aframax Tanker,115000,lng,8.5,4093.58,611.76,862594.5,388167.51,1067460.66,1,0,0
SCN_0018,R5_Mormugao_Newcastle,Mormugao_IN,Newcastle_AU,5200,moderate_weather,57321.0,410.4,Aframax Tanker,115000,lng,11.75,10813.34,442.55,1648331.5,741749.17,2039810.21,1,0,0
SCN_0018,R5_Mormugao_Newcastle,Mormugao_IN,Newcastle_AU,5200,moderate_weather,57321.0,410.4,Aframax Tanker,115000,lng,15.0,13000.0,346.67,1552296.3,698533.33,1920966.67,1,1,1
SCN_0018,R5_Mormugao_Newcastle,Mormugao_IN,Newcastle_AU,5200,moderate_weather,57321.0,410.4,Aframax Tanker,115000,ammonia,8.5,4093.58,611.76,1909441.9,1813969.84,0.0,1,0,0
SCN_0018,R5_Mormugao_Newcastle,Mormugao_IN,Newcastle_AU,5200,moderate_weather,57321.0,410.4,Aframax Tanker,115000,ammonia,11.75,10813.34,442.55,3648751.9,3466314.33,0.0,1,0,0
SCN_0018,R5_Mormugao_Newcastle,Mormugao_IN,Newcastle_AU,5200,moderate_weather,57321.0,410.4,Aframax Tanker,115000,ammonia,15.0,13000.0,346.67,3436168.1,3264359.73,0.0,1,1,1
SCN_0019,R5_Mormugao_Newcastle,Mormugao_IN,Newcastle_AU,5200,normal,109988.0,415.2,Handysize Bulk Carrier,35000,conventional,8.5,2041.37,611.76,239675.8,143805.45,783020.69,0,0,0
SCN_0019,R5_Mormugao_Newcastle,Mormugao_IN,Newcastle_AU,5200,normal,109988.0,415.2,Handysize Bulk Carrier,35000,conventional,11.25,4732.84,462.22,419847.2,251908.34,1371640.91,0,0,0
SCN_0019,R5_Mormugao_Newcastle,Mormugao_IN,Newcastle_AU,5200,normal,109988.0,415.2,Handysize Bulk Carrier,35000,conventional,14.0,6000.0,371.43,427705.6,256623.38,1397314.29,0,1,0
SCN_0019,R5_Mormugao_Newcastle,Mormugao_IN,Newcastle_AU,5200,normal,109988.0,415.2,Handysize Bulk Carrier,35000,lng,8.5,2041.37,611.76,430154.9,193569.71,532316.69,0,0,0
SCN_0019,R5_Mormugao_Newcastle,Mormugao_IN,Newcastle_AU,5200,normal,109988.0,415.2,Handysize Bulk Carrier,35000,lng,11.25,4732.84,462.22,753515.3,339081.88,932475.18,0,0,0
SCN_0019,R5_Mormugao_Newcastle,Mormugao_IN,Newcastle_AU,5200,normal,109988.0,415.2,Handysize Bulk Carrier,35000,lng,14.0,6000.0,371.43,767619.0,345428.57,949928.57,0,1,0
SCN_0019,R5_Mormugao_Newcastle,Mormugao_IN,Newcastle_AU,5200,normal,109988.0,415.2,Handysize Bulk Carrier,35000,methanol,8.5,2041.37,611.76,551885.0,303536.73,603188.18,0,0,0
SCN_0019,R5_Mormugao_Newcastle,Mormugao_IN,Newcastle_AU,5200,normal,109988.0,415.2,Handysize Bulk Carrier,35000,methanol,11.25,4732.84,462.22,966753.5,531714.42,1056622.9,0,0,0
SCN_0019,R5_Mormugao_Newcastle,Mormugao_IN,Newcastle_AU,5200,normal,109988.0,415.2,Handysize Bulk Carrier,35000,methanol,14.0,6000.0,371.43,984848.5,541666.67,1076400.0,0,1,0
SCN_0019,R5_Mormugao_Newcastle,Mormugao_IN,Newcastle_AU,5200,normal,109988.0,415.2,Supramax Bulk Carrier,58000,conventional,8.5,2630.27,611.76,308817.9,185290.74,1008908.06,0,0,0
SCN_0019,R5_Mormugao_Newcastle,Mormugao_IN,Newcastle_AU,5200,normal,109988.0,415.2,Supramax Bulk Carrier,58000,conventional,11.5,6513.83,452.17,565275.7,339165.4,1846755.59,0,0,0
SCN_0019,R5_Mormugao_Newcastle,Mormugao_IN,Newcastle_AU,5200,normal,109988.0,415.2,Supramax Bulk Carrier,58000,conventional,14.5,8000.0,358.62,550609.5,330365.73,1798841.38,0,1,0
SCN_0019,R5_Mormugao_Newcastle,Mormugao_IN,Newcastle_AU,5200,normal,109988.0,415.2,Supramax Bulk Carrier,58000,lng,8.5,2630.27,611.76,554246.9,249411.08,685880.48,0,0,0
SCN_0019,R5_Mormugao_Newcastle,Mormugao_IN,Newcastle_AU,5200,normal,109988.0,415.2,Supramax Bulk Carrier,58000,lng,11.5,6513.83,452.17,1014521.1,456534.48,1255469.81,0,0,0
SCN_0019,R5_Mormugao_Newcastle,Mormugao_IN,Newcastle_AU,5200,normal,109988.0,415.2,Supramax Bulk Carrier,58000,lng,14.5,8000.0,358.62,988199.2,444689.66,1222896.55,0,1,0
SCN_0019,R5_Mormugao_Newcastle,Mormugao_IN,Newcastle_AU,5200,normal,109988.0,415.2,Supramax Bulk Carrier,58000,methanol,8.5,2630.27,611.76,711093.8,391101.61,777197.12,0,0,0
SCN_0019,R5_Mormugao_Newcastle,Mormugao_IN,Newcastle_AU,5200,normal,109988.0,415.2,Supramax Bulk Carrier,58000,methanol,11.5,6513.83,452.17,1301621.6,715891.88,1422620.33,0,0,0
SCN_0019,R5_Mormugao_Newcastle,Mormugao_IN,Newcastle_AU,5200,normal,109988.0,415.2,Supramax Bulk Carrier,58000,methanol,14.5,8000.0,358.62,1267850.9,697318.01,1385710.34,0,1,0
SCN_0019,R5_Mormugao_Newcastle,Mormugao_IN,Newcastle_AU,5200,normal,109988.0,415.2,Panamax Bulk Carrier,75000,conventional,8.5,3003.36,611.76,352622.9,211573.74,1152018.99,0,0,0
SCN_0019,R5_Mormugao_Newcastle,Mormugao_IN,Newcastle_AU,5200,normal,109988.0,415.2,Panamax Bulk Carrier,75000,conventional,11.5,7437.8,452.17,645458.5,387275.11,2108712.97,0,0,0
SCN_0019,R5_Mormugao_Newcastle,Mormugao_IN,Newcastle_AU,5200,normal,109988.0,415.2,Panamax Bulk Carrier,75000,conventional,14.5,9500.0,358.62,653848.8,392309.3,2136124.14,0,1,0
SCN_0019,R5_Mormugao_Newcastle,Mormugao_IN,Newcastle_AU,5200,normal,109988.0,415.2,Panamax Bulk Carrier,75000,lng,8.5,3003.36,611.76,632865.3,284789.38,783170.81,0,0,0
SCN_0019,R5_Mormugao_Newcastle,Mormugao_IN,Newcastle_AU,5200,normal,109988.0,415.2,Panamax Bulk Carrier,75000,lng,11.5,7437.8,452.17,1158428.2,521292.68,1433554.87,0,0,0
SCN_0019,R5_Mormugao_Newcastle,Mormugao_IN,Newcastle_AU,5200,normal,109988.0,415.2,Panamax Bulk Carrier,75000,lng,14.5,9500.0,358.62,1173486.6,528068.97,1452189.66,0,1,0
SCN_0019,R5_Mormugao_Newcastle,Mormugao_IN,Newcastle_AU,5200,normal,109988.0,415.2,Panamax Bulk Carrier,75000,methanol,8.5,3003.36,611.76,811960.6,446578.34,887440.47,0,0,0
SCN_0019,R5_Mormugao_Newcastle,Mormugao_IN,Newcastle_AU,5200,normal,109988.0,415.2,Panamax Bulk Carrier,75000,methanol,11.5,7437.8,452.17,1486253.2,817439.24,1624415.25,0,0,0
SCN_0019,R5_Mormugao_Newcastle,Mormugao_IN,Newcastle_AU,5200,normal,109988.0,415.2,Panamax Bulk Carrier,75000,methanol,14.5,9500.0,358.62,1505573.0,828065.13,1645531.03,0,1,0
SCN_0019,R5_Mormugao_Newcastle,Mormugao_IN,Newcastle_AU,5200,normal,109988.0,415.2,Panamax Bulk Carrier,75000,ammonia,8.5,3003.36,611.76,1400912.7,1330867.05,0.0,0,0,0
SCN_0019,R5_Mormugao_Newcastle,Mormugao_IN,Newcastle_AU,5200,normal,109988.0,415.2,Panamax Bulk Carrier,75000,ammonia,11.5,7437.8,452.17,2564300.4,2436085.36,0.0,0,0,0
SCN_0019,R5_Mormugao_Newcastle,Mormugao_IN,Newcastle_AU,5200,normal,109988.0,415.2,Panamax Bulk Carrier,75000,ammonia,14.5,9500.0,358.62,2597633.7,2467752.05,0.0,0,1,0
SCN_0019,R5_Mormugao_Newcastle,Mormugao_IN,Newcastle_AU,5200,normal,109988.0,415.2,Kamsarmax Bulk Carrier,82000,conventional,8.5,3155.29,611.76,370461.2,222276.7,1210296.64,0,0,0
SCN_0019,R5_Mormugao_Newcastle,Mormugao_IN,Newcastle_AU,5200,normal,109988.0,415.2,Kamsarmax Bulk Carrier,82000,conventional,12.0,8878.24,433.33,738358.6,443015.16,2412217.52,0,0,0
SCN_0019,R5_Mormugao_Newcastle,Mormugao_IN,Newcastle_AU,5200,normal,109988.0,415.2,Kamsarmax Bulk Carrier,82000,conventional,15.5,9700.0,335.48,624542.2,374725.32,2040379.35,0,1,0
SCN_0019,R5_Mormugao_Newcastle,Mormugao_IN,Newcastle_AU,5200,normal,109988.0,415.2,Kamsarmax Bulk Carrier,82000,lng,8.5,3155.29,611.76,664880.3,299196.14,822789.38,0,0,0
SCN_0019,R5_Mormugao_Newcastle,Mormugao_IN,Newcastle_AU,5200,normal,109988.0,415.2,Kamsarmax Bulk Carrier,82000,lng,12.0,8878.24,433.33,1325159.4,596321.72,1639884.72,0,0,0
SCN_0019,R5_Mormugao_Newcastle,Mormugao_IN,Newcastle_AU,5200,normal,109988.0,415.2,Kamsarmax Bulk Carrier,82000,lng,15.5,9700.0,335.48,1120888.9,504400.0,1387100.0,0,1,0
SCN_0019,R5_Mormugao_Newcastle,Mormugao_IN,Newcastle_AU,5200,normal,109988.0,415.2,Kamsarmax Bulk Carrier,82000,methanol,8.5,3155.29,611.76,853035.6,469169.57,932333.77,0,0,0
SCN_0019,R5_Mormugao_Newcastle,Mormugao_IN,Newcastle_AU,5200,normal,109988.0,415.2,Kamsarmax Bulk Carrier,82000,methanol,12.0,8878.24,433.33,1700167.8,935092.3,1858215.41,0,0,0
SCN_0019,R5_Mormugao_Newcastle,Mormugao_IN,Newcastle_AU,5200,normal,109988.0,415.2,Kamsarmax Bulk Carrier,82000,methanol,15.5,9700.0,335.48,1438090.6,790949.82,1571775.48,0,1,0
SCN_0019,R5_Mormugao_Newcastle,Mormugao_IN,Newcastle_AU,5200,normal,109988.0,415.2,Kamsarmax Bulk Carrier,82000,ammonia,8.5,3155.29,611.76,1471781.2,1398192.15,0.0,0,0,0
SCN_0019,R5_Mormugao_Newcastle,Mormugao_IN,Newcastle_AU,5200,normal,109988.0,415.2,Kamsarmax Bulk Carrier,82000,ammonia,12.0,8878.24,433.33,2933377.1,2786708.23,0.0,0,0,0
SCN_0019,R5_Mormugao_Newcastle,Mormugao_IN,Newcastle_AU,5200,normal,109988.0,415.2,Kamsarmax Bulk Carrier,82000,ammonia,15.5,9700.0,335.48,2481203.3,2357143.13,0.0,0,1,0
SCN_0019,R5_Mormugao_Newcastle,Mormugao_IN,Newcastle_AU,5200,normal,109988.0,415.2,Kamsarmax Bulk Carrier,82000,hydrogen,8.5,3155.29,611.76,1767173.9,3269271.75,0.0,0,0,0
SCN_0019,R5_Mormugao_Newcastle,Mormugao_IN,Newcastle_AU,5200,normal,109988.0,415.2,Kamsarmax Bulk Carrier,82000,hydrogen,12.0,8878.24,433.33,3522118.3,6515918.79,0.0,0,0,0
SCN_0019,R5_Mormugao_Newcastle,Mormugao_IN,Newcastle_AU,5200,normal,109988.0,415.2,Kamsarmax Bulk Carrier,82000,hydrogen,15.5,9700.0,335.48,2979191.3,5511503.86,0.0,0,1,0
SCN_0019,R5_Mormugao_Newcastle,Mormugao_IN,Newcastle_AU,5200,normal,109988.0,415.2,Capesize Bulk Carrier,180000,conventional,8.5,4983.13,611.76,585066.2,351039.74,1911411.4,1,0,0
SCN_0019,R5_Mormugao_Newcastle,Mormugao_IN,Newcastle_AU,5200,normal,109988.0,415.2,Capesize Bulk Carrier,180000,conventional,12.0,14000.0,433.33,1164309.8,698585.86,3803800.0,1,0,0
SCN_0019,R5_Mormugao_Newcastle,Mormugao_IN,Newcastle_AU,5200,normal,109988.0,415.2,Capesize Bulk Carrier,180000,conventional,15.5,14000.0,335.48,901401.1,540840.66,2944877.42,1,1,1
SCN_0019,R5_Mormugao_Newcastle,Mormugao_IN,Newcastle_AU,5200,normal,109988.0,415.2,Capesize Bulk Carrier,180000,lng,8.5,4983.13,611.76,1050039.9,472517.97,1299424.42,1,0,0
SCN_0019,R5_Mormugao_Newcastle,Mormugao_IN,Newcastle_AU,5200,normal,109988.0,415.2,Capesize Bulk Carrier,180000,lng,12.0,14000.0,433.33,2089629.6,940333.33,2585916.67,1,0,0
SCN_0019,R5_Mormugao_Newcastle,Mormugao_IN,Newcastle_AU,5200,normal,109988.0,415.2,Capesize Bulk Carrier,180000,lng,15.5,14000.0,335.48,1617777.8,728000.0,2002000.0,1,1,1
SCN_0019,R5_Mormugao_Newcastle,Mormugao_IN,Newcastle_AU,5200,normal,109988.0,415.2,Capesize Bulk Carrier,180000,ammonia,8.5,4983.13,611.76,2324371.8,2208153.22,0.0,1,0,0
SCN_0019,R5_Mormugao_Newcastle,Mormugao_IN,Newcastle_AU,5200,normal,109988.0,415.2,Capesize Bulk Carrier,180000,ammonia,12.0,14000.0,433.33,4625610.9,4394330.4,0.0,1,0,0
SCN_0019,R5_Mormugao_Newcastle,Mormugao_IN,Newcastle_AU,5200,normal,109988.0,415.2,Capesize Bulk Carrier,180000,ammonia,15.5,14000.0,335.48,3581118.2,3402062.25,0.0,1,1,1
SCN_0019,R5_Mormugao_Newcastle,Mormugao_IN,Newcastle_AU,5200,normal,109988.0,415.2,Aframax Tanker,115000,conventional,8.5,3861.19,611.76,453340.4,272004.22,1481062.95,1,0,0
SCN_0019,R5_Mormugao_Newcastle,Mormugao_IN,Newcastle_AU,5200,normal,109988.0,415.2,Aframax Tanker,115000,conventional,11.75,10199.49,442.55,866287.9,519772.76,2830162.68,1,0,0
SCN_0019,R5_Mormugao_Newcastle,Mormugao_IN,Newcastle_AU,5200,normal,109988.0,415.2,Aframax Tanker,115000,conventional,15.0,13000.0,346.67,864915.8,518949.49,2825680.0,1,1,1
SCN_0019,R5_Mormugao_Newcastle,Mormugao_IN,Newcastle_AU,5200,normal,109988.0,415.2,Aframax Tanker,115000,lng,8.5,3861.19,611.76,813626.6,366131.99,1006862.97,1,0,0
SCN_0019,R5_Mormugao_Newcastle,Mormugao_IN,Newcastle_AU,5200,normal,109988.0,415.2,Aframax Tanker,115000,lng,11.75,10199.49,442.55,1554758.9,699641.49,1924014.1,1,0,0
SCN_0019,R5_Mormugao_Newcastle,Mormugao_IN,Newcastle_AU,5200,normal,109988.0,415.2,Aframax Tanker,115000,lng,15.0,13000.0,346.67,1552296.3,698533.33,1920966.67,1,1,1
SCN_0019,R5_Mormugao_Newcastle,Mormugao_IN,Newcastle_AU,5200,normal,109988.0,415.2,Aframax Tanker,115000,ammonia,8.5,3861.19,611.76,1801046.6,1710994.26,0.0,1,0,0
SCN_0019,R5_Mormugao_Newcastle,Mormugao_IN,Newcastle_AU,5200,normal,109988.0,415.2,Aframax Tanker,115000,ammonia,11.75,10199.49,442.55,3441619.3,3269538.33,0.0,1,0,0
SCN_0019,R5_Mormugao_Newcastle,Mormugao_IN,Newcastle_AU,5200,normal,109988.0,415.2,Aframax Tanker,115000,ammonia,15.0,13000.0,346.67,3436168.1,3264359.73,0.0,1,1,1
SCN_0020,R5_Mormugao_Newcastle,Mormugao_IN,Newcastle_AU,5200,moderate_weather,97650.0,451.2,Handysize Bulk Carrier,35000,conventional,8.5,2146.97,611.76,252074.6,151244.76,823527.71,0,0,0
SCN_0020,R5_Mormugao_Newcastle,Mormugao_IN,Newcastle_AU,5200,moderate_weather,97650.0,451.2,Handysize Bulk Carrier,35000,conventional,11.25,4977.68,462.22,441566.7,264940.0,1442598.28,0,0,0
SCN_0020,R5_Mormugao_Newcastle,Mormugao_IN,Newcastle_AU,5200,moderate_weather,97650.0,451.2,Handysize Bulk Carrier,35000,conventional,14.0,6000.0,371.43,427705.6,256623.38,1397314.29,0,1,0
SCN_0020,R5_Mormugao_Newcastle,Mormugao_IN,Newcastle_AU,5200,moderate_weather,97650.0,451.2,Handysize Bulk Carrier,35000,lng,8.5,2146.97,611.76,452407.6,203583.41,559854.36,0,0,0
SCN_0020,R5_Mormugao_Newcastle,Mormugao_IN,Newcastle_AU,5200,moderate_weather,97650.0,451.2,Handysize Bulk Carrier,35000,lng,11.25,4977.68,462.22,792496.0,356623.18,980713.74,0,0,0
SCN_0020,R5_Mormugao_Newcastle,Mormugao_IN,Newcastle_AU,5200,moderate_weather,97650.0,451.2,Handysize Bulk Carrier,35000,lng,14.0,6000.0,371.43,767619.0,345428.57,949928.57,0,1,0
SCN_0020,R5_Mormugao_Newcastle,Mormugao_IN,Newcastle_AU,5200,moderate_weather,97650.0,451.2,Handysize Bulk Carrier,35000,methanol,8.5,2146.97,611.76,580434.9,319239.21,634392.16,0,0,0
SCN_0020,R5_Mormugao_Newcastle,Mormugao_IN,Newcastle_AU,5200,moderate_weather,97650.0,451.2,Handysize Bulk Carrier,35000,methanol,11.25,4977.68,462.22,1016765.3,559220.94,1111283.84,0,0,0
SCN_0020,R5_Mormugao_Newcastle,Mormugao_IN,Newcastle_AU,5200,moderate_weather,97650.0,451.2,Handysize Bulk Carrier,35000,methanol,14.0,6000.0,371.43,984848.5,541666.67,1076400.0,0,1,0
SCN_0020,R5_Mormugao_Newcastle,Mormugao_IN,Newcastle_AU,5200,moderate_weather,97650.0,451.2,Supramax Bulk Carrier,58000,conventional,8.5,2766.33,611.76,324793.6,194876.15,1061100.64,0,0,0
SCN_0020,R5_Mormugao_Newcastle,Mormugao_IN,Newcastle_AU,5200,moderate_weather,97650.0,451.2,Supramax Bulk Carrier,58000,conventional,11.5,6850.8,452.17,594518.4,356711.01,1942291.48,0,0,0
SCN_0020,R5_Mormugao_Newcastle,Mormugao_IN,Newcastle_AU,5200,moderate_weather,97650.0,451.2,Supramax Bulk Carrier,58000,conventional,14.5,8000.0,358.62,550609.5,330365.73,1798841.38,0,1,0
SCN_0020,R5_Mormugao_Newcastle,Mormugao_IN,Newcastle_AU,5200,moderate_weather,97650.0,451.2,Supramax Bulk Carrier,58000,lng,8.5,2766.33,611.76,582919.0,262313.55,721362.27,0,0,0
SCN_0020,R5_Mormugao_Newcastle,Mormugao_IN,Newcastle_AU,5200,moderate_weather,97650.0,451.2,Supramax Bulk Carrier,58000,lng,11.5,6850.8,452.17,1067004.0,480151.8,1320417.45,0,0,0
SCN_0020,R5_Mormugao_Newcastle,Mormugao_IN,Newcastle_AU,5200,moderate_weather,97650.0,451.2,Supramax Bulk Carrier,58000,lng,14.5,8000.0,358.62,988199.2,444689.66,1222896.55,0,1,0
SCN_0020,R5_Mormugao_Newcastle,Mormugao_IN,Newcastle_AU,5200,moderate_weather,97650.0,451.2,Supramax Bulk Carrier,58000,methanol,8.5,2766.33,611.76,747880.0,411333.98,817402.88,0,0,0
SCN_0020,R5_Mormugao_Newcastle,Mormugao_IN,Newcastle_AU,5200,moderate_weather,97650.0,451.2,Supramax Bulk Carrier,58000,methanol,11.5,6850.8,452.17,1368956.7,752926.21,1496214.96,0,0,0
SCN_0020,R5_Mormugao_Newcastle,Mormugao_IN,Newcastle_AU,5200,moderate_weather,97650.0,451.2,Supramax Bulk Carrier,58000,methanol,14.5,8000.0,358.62,1267850.9,697318.01,1385710.34,0,1,0
SCN_0020,R5_Mormugao_Newcastle,Mormugao_IN,Newcastle_AU,5200,moderate_weather,97650.0,451.2,Panamax Bulk Carrier,75000,conventional,8.5,3158.73,611.76,370864.7,222518.81,1211614.94,0,0,0
SCN_0020,R5_Mormugao_Newcastle,Mormugao_IN,Newcastle_AU,5200,moderate_weather,97650.0,451.2,Panamax Bulk Carrier,75000,conventional,11.5,7822.57,452.17,678849.2,407309.52,2217800.36,0,0,0
SCN_0020,R5_Mormugao_Newcastle,Mormugao_IN,Newcastle_AU,5200,moderate_weather,97650.0,451.2,Panamax Bulk Carrier,75000,conventional,14.5,9500.0,358.62,653848.8,392309.3,2136124.14,0,1,0
SCN_0020,R5_Mormugao_Newcastle,Mormugao_IN,Newcastle_AU,5200,moderate_weather,97650.0,451.2,Panamax Bulk Carrier,75000,lng,8.5,3158.73,611.76,665604.5,299522.04,823685.6,0,0,0
SCN_0020,R5_Mormugao_Newcastle,Mormugao_IN,Newcastle_AU,5200,moderate_weather,97650.0,451.2,Panamax Bulk Carrier,75000,lng,11.5,7822.57,452.17,1218355.7,548260.06,1507715.16,0,0,0
SCN_0020,R5_Mormugao_Newcastle,Mormugao_IN,Newcastle_AU,5200,moderate_weather,97650.0,451.2,Panamax Bulk Carrier,75000,lng,14.5,9500.0,358.62,1173486.6,528068.97,1452189.66,0,1,0
SCN_0020,R5_Mormugao_Newcastle,Mormugao_IN,Newcastle_AU,5200,moderate_weather,97650.0,451.2,Panamax Bulk Carrier,75000,methanol,8.5,3158.73,611.76,853964.7,469680.61,933349.31,0,0,0
SCN_0020,R5_Mormugao_Newcastle,Mormugao_IN,Newcastle_AU,5200,moderate_weather,97650.0,451.2,Panamax Bulk Carrier,75000,methanol,11.5,7822.57,452.17,1563139.6,859726.79,1708449.08,0,0,0
SCN_0020,R5_Mormugao_Newcastle,Mormugao_IN,Newcastle_AU,5200,moderate_weather,97650.0,451.2,Panamax Bulk Carrier,75000,methanol,14.5,9500.0,358.62,1505573.0,828065.13,1645531.03,0,1,0
SCN_0020,R5_Mormugao_Newcastle,Mormugao_IN,Newcastle_AU,5200,moderate_weather,97650.0,451.2,Panamax Bulk Carrier,75000,ammonia,8.5,3158.73,611.76,1473384.3,1399715.12,0.0,0,0,0
SCN_0020,R5_Mormugao_Newcastle,Mormugao_IN,Newcastle_AU,5200,moderate_weather,97650.0,451.2,Panamax Bulk Carrier,75000,ammonia,11.5,7822.57,452.17,2696956.1,2562108.3,0.0,0,0,0
SCN_0020,R5_Mormugao_Newcastle,Mormugao_IN,Newcastle_AU,5200,moderate_weather,97650.0,451.2,Panamax Bulk Carrier,75000,ammonia,14.5,9500.0,358.62,2597633.7,2467752.05,0.0,0,1,0
SCN_0020,R5_Mormugao_Newcastle,Mormugao_IN,Newcastle_AU,5200,moderate_weather,97650.0,451.2,Kamsarmax Bulk Carrier,82000,conventional,8.5,3318.52,611.76,389625.8,233775.46,1272907.39,0,0,0
SCN_0020,R5_Mormugao_Newcastle,Mormugao_IN,Newcastle_AU,5200,moderate_weather,97650.0,451.2,Kamsarmax Bulk Carrier,82000,conventional,12.0,9337.53,433.33,776555.2,465933.1,2537005.74,0,1,0
SCN_0020,R5_Mormugao_Newcastle,Mormugao_IN,Newcastle_AU,5200,moderate_weather,97650.0,451.2,Kamsarmax Bulk Carrier,82000,conventional,15.5,9700.0,335.48,624542.2,374725.32,2040379.35,0,1,0
SCN_0020,R5_Mormugao_Newcastle,Mormugao_IN,Newcastle_AU,5200,moderate_weather,97650.0,451.2,Kamsarmax Bulk Carrier,82000,lng,8.5,3318.52,611.76,699275.7,314674.08,865353.71,0,0,0
SCN_0020,R5_Mormugao_Newcastle,Mormugao_IN,Newcastle_AU,5200,moderate_weather,97650.0,451.2,Kamsarmax Bulk Carrier,82000,lng,12.0,9337.53,433.33,1393712.2,627170.48,1724718.81,0,1,0
SCN_0020,R5_Mormugao_Newcastle,Mormugao_IN,Newcastle_AU,5200,moderate_weather,97650.0,451.2,Kamsarmax Bulk Carrier,82000,lng,15.5,9700.0,335.48,1120888.9,504400.0,1387100.0,0,1,0
SCN_0020,R5_Mormugao_Newcastle,Mormugao_IN,Newcastle_AU,5200,moderate_weather,97650.0,451.2,Kamsarmax Bulk Carrier,82000,methanol,8.5,3318.52,611.76,897164.6,493440.53,980565.02,0,0,0
SCN_0020,R5_Mormugao_Newcastle,Mormugao_IN,Newcastle_AU,5200,moderate_weather,97650.0,451.2,Kamsarmax Bulk Carrier,82000,methanol,12.0,9337.53,433.33,1788120.5,983466.25,1954344.13,0,1,0
SCN_0020,R5_Mormugao_Newcastle,Mormugao_IN,Newcastle_AU,5200,moderate_weather,97650.0,451.2,Kamsarmax Bulk Carrier,82000,methanol,15.5,9700.0,335.48,1438090.6,790949.82,1571775.48,0,1,0
SCN_0020,R5_Mormugao_Newcastle,Mormugao_IN,Newcastle_AU,5200,moderate_weather,97650.0,451.2,Kamsarmax Bulk Carrier,82000,ammonia,8.5,3318.52,611.76,1547919.0,1470523.07,0.0,0,0,0
SCN_0020,R5_Mormugao_Newcastle,Mormugao_IN,Newcastle_AU,5200,moderate_weather,97650.0,451.2,Kamsarmax Bulk Carrier,82000,ammonia,12.0,9337.53,433.33,3085125.8,2930869.51,0.0,0,1,0
SCN_0020,R5_Mormugao_Newcastle,Mormugao_IN,Newcastle_AU,5200,moderate_weather,97650.0,451.2,Kamsarmax Bulk Carrier,82000,ammonia,15.5,9700.0,335.48,2481203.3,2357143.13,0.0,0,1,0
SCN_0020,R5_Mormugao_Newcastle,Mormugao_IN,Newcastle_AU,5200,moderate_weather,97650.0,451.2,Kamsarmax Bulk Carrier,82000,hydrogen,8.5,3318.52,611.76,1858592.9,3438396.88,0.0,0,0,0
SCN_0020,R5_Mormugao_Newcastle,Mormugao_IN,Newcastle_AU,5200,moderate_weather,97650.0,451.2,Kamsarmax Bulk Carrier,82000,hydrogen,12.0,9337.53,433.33,3704323.6,6852998.62,0.0,0,1,0
SCN_0020,R5_Mormugao_Newcastle,Mormugao_IN,Newcastle_AU,5200,moderate_weather,97650.0,451.2,Kamsarmax Bulk Carrier,82000,hydrogen,15.5,9700.0,335.48,2979191.3,5511503.86,0.0,0,1,0
SCN_0020,R5_Mormugao_Newcastle,Mormugao_IN,Newcastle_AU,5200,moderate_weather,97650.0,451.2,Capesize Bulk Carrier,180000,conventional,8.5,5240.92,611.76,615332.7,369199.64,2010292.04,1,0,0
SCN_0020,R5_Mormugao_Newcastle,Mormugao_IN,Newcastle_AU,5200,moderate_weather,97650.0,451.2,Capesize Bulk Carrier,180000,conventional,12.0,14000.0,433.33,1164309.8,698585.86,3803800.0,1,1,1
SCN_0020,R5_Mormugao_Newcastle,Mormugao_IN,Newcastle_AU,5200,moderate_weather,97650.0,451.2,Capesize Bulk Carrier,180000,conventional,15.5,14000.0,335.48,901401.1,540840.66,2944877.42,1,1,1
SCN_0020,R5_Mormugao_Newcastle,Mormugao_IN,Newcastle_AU,5200,moderate_weather,97650.0,451.2,Capesize Bulk Carrier,180000,lng,8.5,5240.92,611.76,1104360.3,496962.15,1366645.91,1,0,0
SCN_0020,R5_Mormugao_Newcastle,Mormugao_IN,Newcastle_AU,5200,moderate_weather,97650.0,451.2,Capesize Bulk Carrier,180000,lng,12.0,14000.0,433.33,2089629.6,940333.33,2585916.67,1,1,1
SCN_0020,R5_Mormugao_Newcastle,Mormugao_IN,Newcastle_AU,5200,moderate_weather,97650.0,451.2,Capesize Bulk Carrier,180000,lng,15.5,14000.0,335.48,1617777.8,728000.0,2002000.0,1,1,1
SCN_0020,R5_Mormugao_Newcastle,Mormugao_IN,Newcastle_AU,5200,moderate_weather,97650.0,451.2,Capesize Bulk Carrier,180000,ammonia,8.5,5240.92,611.76,2444615.6,2322384.84,0.0,1,0,0
SCN_0020,R5_Mormugao_Newcastle,Mormugao_IN,Newcastle_AU,5200,moderate_weather,97650.0,451.2,Capesize Bulk Carrier,180000,ammonia,12.0,14000.0,433.33,4625610.9,4394330.4,0.0,1,1,1
SCN_0020,R5_Mormugao_Newcastle,Mormugao_IN,Newcastle_AU,5200,moderate_weather,97650.0,451.2,Capesize Bulk Carrier,180000,ammonia,15.5,14000.0,335.48,3581118.2,3402062.25,0.0,1,1,1
SCN_0020,R5_Mormugao_Newcastle,Mormugao_IN,Newcastle_AU,5200,moderate_weather,97650.0,451.2,Aframax Tanker,115000,conventional,8.5,4060.94,611.76,476792.4,286075.47,1557680.92,1,0,0
SCN_0020,R5_Mormugao_Newcastle,Mormugao_IN,Newcastle_AU,5200,moderate_weather,97650.0,451.2,Aframax Tanker,115000,conventional,11.75,10727.13,442.55,911102.5,546661.51,2976571.93,1,1,1
SCN_0020,R5_Mormugao_Newcastle,Mormugao_IN,Newcastle_AU,5200,moderate_weather,97650.0,451.2,Aframax Tanker,115000,conventional,15.0,13000.0,346.67,864915.8,518949.49,2825680.0,1,1,1
SCN_0020,R5_Mormugao_Newcastle,Mormugao_IN,Newcastle_AU,5200,moderate_weather,97650.0,451.2,Aframax Tanker,115000,lng,8.5,4060.94,611.76,855717.0,385072.64,1058949.75,1,0,0
SCN_0020,R5_Mormugao_Newcastle,Mormugao_IN,Newcastle_AU,5200,moderate_weather,97650.0,451.2,Aframax Tanker,115000,lng,11.75,10727.13,442.55,1635189.3,735835.17,2023546.71,1,1,1
SCN_0020,R5_Mormugao_Newcastle,Mormugao_IN,Newcastle_AU,5200,moderate_weather,97650.0,451.2,Aframax Tanker,115000,lng,15.0,13000.0,346.67,1552296.3,698533.33,1920966.67,1,1,1
SCN_0020,R5_Mormugao_Newcastle,Mormugao_IN,Newcastle_AU,5200,moderate_weather,97650.0,451.2,Aframax Tanker,115000,ammonia,8.5,4060.94,611.76,1894217.9,1799506.97,0.0,1,0,0
SCN_0020,R5_Mormugao_Newcastle,Mormugao_IN,Newcastle_AU,5200,moderate_weather,97650.0,451.2,Aframax Tanker,115000,ammonia,11.75,10727.13,442.55,3619660.3,3438677.25,0.0,1,1,1
SCN_0020,R5_Mormugao_Newcastle,Mormugao_IN,Newcastle_AU,5200,moderate_weather,97650.0,451.2,Aframax Tanker,115000,ammonia,15.0,13000.0,346.67,3436168.1,3264359.73,0.0,1,1,1
SCN_0021,R6_Chennai_Colombo,Chennai_IN,Colombo_LK,300,normal,66920.0,26.4,Handysize Bulk Carrier,35000,conventional,8.5,2019.55,35.29,13679.7,8207.8,44691.46,0,0,0
SCN_0021,R6_Chennai_Colombo,Chennai_IN,Colombo_LK,300,normal,66920.0,26.4,Handysize Bulk Carrier,35000,conventional,11.25,4682.26,26.67,23963.1,14377.85,78287.38,0,0,0
SCN_0021,R6_Chennai_Colombo,Chennai_IN,Colombo_LK,300,normal,66920.0,26.4,Handysize Bulk Carrier,35000,conventional,14.0,6000.0,21.43,24675.3,14805.19,80614.29,0,1,0
SCN_0021,R6_Chennai_Colombo,Chennai_IN,Colombo_LK,300,normal,66920.0,26.4,Handysize Bulk Carrier,35000,lng,8.5,2019.55,35.29,24551.4,11048.13,30382.35,0,0,0
SCN_0021,R6_Chennai_Colombo,Chennai_IN,Colombo_LK,300,normal,66920.0,26.4,Handysize Bulk Carrier,35000,lng,11.25,4682.26,26.67,43007.4,19353.34,53221.68,0,0,0
SCN_0021,R6_Chennai_Colombo,Chennai_IN,Colombo_LK,300,normal,66920.0,26.4,Handysize Bulk Carrier,35000,lng,14.0,6000.0,21.43,44285.7,19928.57,54803.57,0,1,0
SCN_0021,R6_Chennai_Colombo,Chennai_IN,Colombo_LK,300,normal,66920.0,26.4,Handysize Bulk Carrier,35000,methanol,8.5,2019.55,35.29,31499.2,17324.57,34427.39,0,0,0
SCN_0021,R6_Chennai_Colombo,Chennai_IN,Colombo_LK,300,normal,66920.0,26.4,Handysize Bulk Carrier,35000,methanol,11.25,4682.26,26.67,55178.1,30347.98,60307.5,0,0,0
SCN_0021,R6_Chennai_Colombo,Chennai_IN,Colombo_LK,300,normal,66920.0,26.4,Handysize Bulk Carrier,35000,methanol,14.0,6000.0,21.43,56818.2,31250.0,62100.0,0,1,0
SCN_0021,R6_Chennai_Colombo,Chennai_IN,Colombo_LK,300,normal,66920.0,26.4,Supramax Bulk Carrier,58000,conventional,8.5,2602.15,35.29,17626.0,10575.6,57584.14,0,0,0
SCN_0021,R6_Chennai_Colombo,Chennai_IN,Colombo_LK,300,normal,66920.0,26.4,Supramax Bulk Carrier,58000,conventional,11.5,6444.21,26.09,32263.5,19358.11,105404.89,0,1,0
SCN_0021,R6_Chennai_Colombo,Chennai_IN,Colombo_LK,300,normal,66920.0,26.4,Supramax Bulk Carrier,58000,conventional,14.5,8000.0,20.69,31765.9,19059.56,103779.31,0,1,0
SCN_0021,R6_Chennai_Colombo,Chennai_IN,Colombo_LK,300,normal,66920.0,26.4,Supramax Bulk Carrier,58000,lng,8.5,2602.15,35.29,31634.0,14235.31,39147.11,0,0,0
SCN_0021,R6_Chennai_Colombo,Chennai_IN,Colombo_LK,300,normal,66920.0,26.4,Supramax Bulk Carrier,58000,lng,11.5,6444.21,26.09,57904.5,26057.03,71656.83,0,1,0
SCN_0021,R6_Chennai_Colombo,Chennai_IN,Colombo_LK,300,normal,66920.0,26.4,Supramax Bulk Carrier,58000,lng,14.5,8000.0,20.69,57011.5,25655.17,70551.72,0,1,0
SCN_0021,R6_Chennai_Colombo,Chennai_IN,Colombo_LK,300,normal,66920.0,26.4,Supramax Bulk Carrier,58000,methanol,8.5,2602.15,35.29,40586.2,22322.4,44359.08,0,0,0
SCN_0021,R6_Chennai_Colombo,Chennai_IN,Colombo_LK,300,normal,66920.0,26.4,Supramax Bulk Carrier,58000,methanol,11.5,6444.21,26.09,74291.0,40860.04,81197.06,0,1,0
SCN_0021,R6_Chennai_Colombo,Chennai_IN,Colombo_LK,300,normal,66920.0,26.4,Supramax Bulk Carrier,58000,methanol,14.5,8000.0,20.69,73145.2,40229.89,79944.83,0,1,0
SCN_0021,R6_Chennai_Colombo,Chennai_IN,Colombo_LK,300,normal,66920.0,26.4,Panamax Bulk Carrier,75000,conventional,8.5,2971.26,35.29,20126.2,12075.72,65752.3,1,0,0
SCN_0021,R6_Chennai_Colombo,Chennai_IN,Colombo_LK,300,normal,66920.0,26.4,Panamax Bulk Carrier,75000,conventional,11.5,7358.31,26.09,36840.0,22104.0,120356.29,1,1,1
SCN_0021,R6_Chennai_Colombo,Chennai_IN,Colombo_LK,300,normal,66920.0,26.4,Panamax Bulk Carrier,75000,conventional,14.5,9500.0,20.69,37722.0,22633.23,123237.93,1,1,1
SCN_0021,R6_Chennai_Colombo,Chennai_IN,Colombo_LK,300,normal,66920.0,26.4,Panamax Bulk Carrier,75000,lng,8.5,2971.26,35.29,36121.2,16254.56,44700.03,1,0,0
SCN_0021,R6_Chennai_Colombo,Chennai_IN,Colombo_LK,300,normal,66920.0,26.4,Panamax Bulk Carrier,75000,lng,11.5,7358.31,26.09,66118.1,29753.15,81821.16,1,1,1
SCN_0021,R6_Chennai_Colombo,Chennai_IN,Colombo_LK,300,normal,66920.0,26.4,Panamax Bulk Carrier,75000,lng,14.5,9500.0,20.69,67701.1,30465.52,83780.17,1,1,1
SCN_0021,R6_Chennai_Colombo,Chennai_IN,Colombo_LK,300,normal,66920.0,26.4,Panamax Bulk Carrier,75000,methanol,8.5,2971.26,35.29,46343.2,25488.78,50651.29,1,0,0
SCN_0021,R6_Chennai_Colombo,Chennai_IN,Colombo_LK,300,normal,66920.0,26.4,Panamax Bulk Carrier,75000,methanol,11.5,7358.31,26.09,84829.0,46655.92,92714.65,1,1,1
SCN_0021,R6_Chennai_Colombo,Chennai_IN,Colombo_LK,300,normal,66920.0,26.4,Panamax Bulk Carrier,75000,methanol,14.5,9500.0,20.69,86860.0,47772.99,94934.48,1,1,1
SCN_0021,R6_Chennai_Colombo,Chennai_IN,Colombo_LK,300,normal,66920.0,26.4,Panamax Bulk Carrier,75000,ammonia,8.5,2971.26,35.29,79958.1,75960.18,0.0,1,0,0
SCN_0021,R6_Chennai_Colombo,Chennai_IN,Colombo_LK,300,normal,66920.0,26.4,Panamax Bulk Carrier,75000,ammonia,11.5,7358.31,26.09,146359.3,139041.3,0.0,1,1,1
SCN_0021,R6_Chennai_Colombo,Chennai_IN,Colombo_LK,300,normal,66920.0,26.4,Panamax Bulk Carrier,75000,ammonia,14.5,9500.0,20.69,149863.5,142370.31,0.0,1,1,1
SCN_0021,R6_Chennai_Colombo,Chennai_IN,Colombo_LK,300,normal,66920.0,26.4,Kamsarmax Bulk Carrier,82000,conventional,8.5,3121.57,35.29,21144.3,12686.6,69078.54,1,0,0
SCN_0021,R6_Chennai_Colombo,Chennai_IN,Colombo_LK,300,normal,66920.0,26.4,Kamsarmax Bulk Carrier,82000,conventional,12.0,8783.35,25.0,42142.3,25285.4,137679.03,1,1,1
SCN_0021,R6_Chennai_Colombo,Chennai_IN,Colombo_LK,300,normal,66920.0,26.4,Kamsarmax Bulk Carrier,82000,conventional,15.5,9700.0,19.35,36031.3,21618.77,117714.19,1,1,1
SCN_0021,R6_Chennai_Colombo,Chennai_IN,Colombo_LK,300,normal,66920.0,26.4,Kamsarmax Bulk Carrier,82000,lng,8.5,3121.57,35.29,37948.5,17076.83,46961.29,1,0,0
SCN_0021,R6_Chennai_Colombo,Chennai_IN,Colombo_LK,300,normal,66920.0,26.4,Kamsarmax Bulk Carrier,82000,lng,12.0,8783.35,25.0,75634.4,34035.48,93597.58,1,1,1
SCN_0021,R6_Chennai_Colombo,Chennai_IN,Colombo_LK,300,normal,66920.0,26.4,Kamsarmax Bulk Carrier,82000,lng,15.5,9700.0,19.35,64666.7,29100.0,80025.0,1,1,1
SCN_0021,R6_Chennai_Colombo,Chennai_IN,Colombo_LK,300,normal,66920.0,26.4,Kamsarmax Bulk Carrier,82000,methanol,8.5,3121.57,35.29,48687.6,26778.19,53213.61,1,0,0
SCN_0021,R6_Chennai_Colombo,Chennai_IN,Colombo_LK,300,normal,66920.0,26.4,Kamsarmax Bulk Carrier,82000,methanol,12.0,8783.35,25.0,97038.3,53371.06,106058.96,1,1,1
SCN_0021,R6_Chennai_Colombo,Chennai_IN,Colombo_LK,300,normal,66920.0,26.4,Kamsarmax Bulk Carrier,82000,methanol,15.5,9700.0,19.35,82966.8,45631.72,90679.35,1,1,1
SCN_0021,R6_Chennai_Colombo,Chennai_IN,Colombo_LK,300,normal,66920.0,26.4,Kamsarmax Bulk Carrier,82000,ammonia,8.5,3121.57,35.29,84003.0,79802.81,0.0,1,0,0
SCN_0021,R6_Chennai_Colombo,Chennai_IN,Colombo_LK,300,normal,66920.0,26.4,Kamsarmax Bulk Carrier,82000,ammonia,12.0,8783.35,25.0,167424.6,159053.35,0.0,1,1,1
SCN_0021,R6_Chennai_Colombo,Chennai_IN,Colombo_LK,300,normal,66920.0,26.4,Kamsarmax Bulk Carrier,82000,ammonia,15.5,9700.0,19.35,143146.3,135989.03,0.0,1,1,1
SCN_0021,R6_Chennai_Colombo,Chennai_IN,Colombo_LK,300,normal,66920.0,26.4,Kamsarmax Bulk Carrier,82000,hydrogen,8.5,3121.57,35.29,100862.7,186596.0,0.0,1,0,0
SCN_0021,R6_Chennai_Colombo,Chennai_IN,Colombo_LK,300,normal,66920.0,26.4,Kamsarmax Bulk Carrier,82000,hydrogen,12.0,8783.35,25.0,201027.4,371900.69,0.0,1,1,1
SCN_0021,R6_Chennai_Colombo,Chennai_IN,Colombo_LK,300,normal,66920.0,26.4,Kamsarmax Bulk Carrier,82000,hydrogen,15.5,9700.0,19.35,171876.4,317971.38,0.0,1,1,1
SCN_0021,R6_Chennai_Colombo,Chennai_IN,Colombo_LK,300,normal,66920.0,26.4,Capesize Bulk Carrier,180000,conventional,8.5,4929.87,35.29,33393.1,20035.84,109095.16,1,0,0
SCN_0021,R6_Chennai_Colombo,Chennai_IN,Colombo_LK,300,normal,66920.0,26.4,Capesize Bulk Carrier,180000,conventional,12.0,13871.47,25.0,66555.0,39933.03,217435.34,1,1,1
SCN_0021,R6_Chennai_Colombo,Chennai_IN,Colombo_LK,300,normal,66920.0,26.4,Capesize Bulk Carrier,180000,conventional,15.5,14000.0,19.35,52003.9,31202.35,169896.77,1,1,1
SCN_0021,R6_Chennai_Colombo,Chennai_IN,Colombo_LK,300,normal,66920.0,26.4,Capesize Bulk Carrier,180000,lng,8.5,4929.87,35.29,59931.8,26969.3,74165.57,1,0,0
SCN_0021,R6_Chennai_Colombo,Chennai_IN,Colombo_LK,300,normal,66920.0,26.4,Capesize Bulk Carrier,180000,lng,12.0,13871.47,25.0,119448.8,53751.96,147817.88,1,1,1
SCN_0021,R6_Chennai_Colombo,Chennai_IN,Colombo_LK,300,normal,66920.0,26.4,Capesize Bulk Carrier,180000,lng,15.5,14000.0,19.35,93333.3,42000.0,115500.0,1,1,1
SCN_0021,R6_Chennai_Colombo,Chennai_IN,Colombo_LK,300,normal,66920.0,26.4,Capesize Bulk Carrier,180000,ammonia,8.5,4929.87,35.29,132665.2,126031.91,0.0,1,0,0
SCN_0021,R6_Chennai_Colombo,Chennai_IN,Colombo_LK,300,normal,66920.0,26.4,Capesize Bulk Carrier,180000,ammonia,12.0,13871.47,25.0,264412.2,251191.63,0.0,1,1,1
SCN_0021,R6_Chennai_Colombo,Chennai_IN,Colombo_LK,300,normal,66920.0,26.4,Capesize Bulk Carrier,180000,ammonia,15.5,14000.0,19.35,206603.0,196272.82,0.0,1,1,1
SCN_0021,R6_Chennai_Colombo,Chennai_IN,Colombo_LK,300,normal,66920.0,26.4,Aframax Tanker,115000,conventional,8.5,3819.93,35.29,25874.7,15524.83,84532.72,1,0,0
SCN_0021,R6_Chennai_Colombo,Chennai_IN,Colombo_LK,300,normal,66920.0,26.4,Aframax Tanker,115000,conventional,11.75,10090.48,25.53,49444.0,29666.4,161533.54,1,1,1
SCN_0021,R6_Chennai_Colombo,Chennai_IN,Colombo_LK,300,normal,66920.0,26.4,Aframax Tanker,115000,conventional,15.0,13000.0,20.0,49899.0,29939.39,163020.0,1,1,1
SCN_0021,R6_Chennai_Colombo,Chennai_IN,Colombo_LK,300,normal,66920.0,26.4,Aframax Tanker,115000,lng,8.5,3819.93,35.29,46438.3,20897.24,57467.42,1,0,0
SCN_0021,R6_Chennai_Colombo,Chennai_IN,Colombo_LK,300,normal,66920.0,26.4,Aframax Tanker,115000,lng,11.75,10090.48,25.53,88739.0,39932.53,109814.47,1,1,1
SCN_0021,R6_Chennai_Colombo,Chennai_IN,Colombo_LK,300,normal,66920.0,26.4,Aframax Tanker,115000,lng,15.0,13000.0,20.0,89555.6,40300.0,110825.0,1,1,1
SCN_0021,R6_Chennai_Colombo,Chennai_IN,Colombo_LK,300,normal,66920.0,26.4,Aframax Tanker,115000,ammonia,8.5,3819.93,35.29,102796.0,97656.21,0.0,1,0,0
SCN_0021,R6_Chennai_Colombo,Chennai_IN,Colombo_LK,300,normal,66920.0,26.4,Aframax Tanker,115000,ammonia,11.75,10090.48,25.53,196432.9,186611.22,0.0,1,1,1
SCN_0021,R6_Chennai_Colombo,Chennai_IN,Colombo_LK,300,normal,66920.0,26.4,Aframax Tanker,115000,ammonia,15.0,13000.0,20.0,198240.5,188328.45,0.0,1,1,1
SCN_0022,R6_Chennai_Colombo,Chennai_IN,Colombo_LK,300,normal,65347.0,31.2,Handysize Bulk Carrier,35000,conventional,8.5,2063.81,35.29,13979.5,8387.68,45670.89,0,0,0
SCN_0022,R6_Chennai_Colombo,Chennai_IN,Colombo_LK,300,normal,65347.0,31.2,Handysize Bulk Carrier,35000,conventional,11.25,4784.87,26.67,24488.2,14692.94,80003.08,0,1,0
SCN_0022,R6_Chennai_Colombo,Chennai_IN,Colombo_LK,300,normal,65347.0,31.2,Handysize Bulk Carrier,35000,conventional,14.0,6000.0,21.43,24675.3,14805.19,80614.29,0,1,0
SCN_0022,R6_Chennai_Colombo,Chennai_IN,Colombo_LK,300,normal,65347.0,31.2,Handysize Bulk Carrier,35000,lng,8.5,2063.81,35.29,25089.5,11290.25,31048.19,0,0,0
SCN_0022,R6_Chennai_Colombo,Chennai_IN,Colombo_LK,300,normal,65347.0,31.2,Handysize Bulk Carrier,35000,lng,11.25,4784.87,26.67,43949.9,19777.48,54388.06,0,1,0
SCN_0022,R6_Chennai_Colombo,Chennai_IN,Colombo_LK,300,normal,65347.0,31.2,Handysize Bulk Carrier,35000,lng,14.0,6000.0,21.43,44285.7,19928.57,54803.57,0,1,0
SCN_0022,R6_Chennai_Colombo,Chennai_IN,Colombo_LK,300,normal,65347.0,31.2,Handysize Bulk Carrier,35000,methanol,8.5,2063.81,35.29,32189.5,17704.25,35181.88,0,0,0
SCN_0022,R6_Chennai_Colombo,Chennai_IN,Colombo_LK,300,normal,65347.0,31.2,Handysize Bulk Carrier,35000,methanol,11.25,4784.87,26.67,56387.4,31013.07,61629.16,0,1,0
SCN_0022,R6_Chennai_Colombo,Chennai_IN,Colombo_LK,300,normal,65347.0,31.2,Handysize Bulk Carrier,35000,methanol,14.0,6000.0,21.43,56818.2,31250.0,62100.0,0,1,0
SCN_0022,R6_Chennai_Colombo,Chennai_IN,Colombo_LK,300,normal,65347.0,31.2,Supramax Bulk Carrier,58000,conventional,8.5,2659.18,35.29,18012.3,10807.37,58846.12,0,0,0
SCN_0022,R6_Chennai_Colombo,Chennai_IN,Colombo_LK,300,normal,65347.0,31.2,Supramax Bulk Carrier,58000,conventional,11.5,6585.44,26.09,32970.6,19782.35,107714.88,0,1,0
SCN_0022,R6_Chennai_Colombo,Chennai_IN,Colombo_LK,300,normal,65347.0,31.2,Supramax Bulk Carrier,58000,conventional,14.5,8000.0,20.69,31765.9,19059.56,103779.31,0,1,0
SCN_0022,R6_Chennai_Colombo,Chennai_IN,Colombo_LK,300,normal,65347.0,31.2,Supramax Bulk Carrier,58000,lng,8.5,2659.18,35.29,32327.3,14547.29,40005.04,0,0,0
SCN_0022,R6_Chennai_Colombo,Chennai_IN,Colombo_LK,300,normal,65347.0,31.2,Supramax Bulk Carrier,58000,lng,11.5,6585.44,26.09,59173.5,26628.08,73227.22,0,1,0
SCN_0022,R6_Chennai_Colombo,Chennai_IN,Colombo_LK,300,normal,65347.0,31.2,Supramax Bulk Carrier,58000,lng,14.5,8000.0,20.69,57011.5,25655.17,70551.72,0,1,0
SCN_0022,R6_Chennai_Colombo,Chennai_IN,Colombo_LK,300,normal,65347.0,31.2,Supramax Bulk Carrier,58000,methanol,8.5,2659.18,35.29,41475.6,22811.61,45331.22,0,0,0
SCN_0022,R6_Chennai_Colombo,Chennai_IN,Colombo_LK,300,normal,65347.0,31.2,Supramax Bulk Carrier,58000,methanol,11.5,6585.44,26.09,75919.1,41755.5,82976.53,0,1,0
SCN_0022,R6_Chennai_Colombo,Chennai_IN,Colombo_LK,300,normal,65347.0,31.2,Supramax Bulk Carrier,58000,methanol,14.5,8000.0,20.69,73145.2,40229.89,79944.83,0,1,0
SCN_0022,R6_Chennai_Colombo,Chennai_IN,Colombo_LK,300,normal,65347.0,31.2,Panamax Bulk Carrier,75000,conventional,8.5,3036.38,35.29,20567.3,12340.37,67193.29,1,0,0
SCN_0022,R6_Chennai_Colombo,Chennai_IN,Colombo_LK,300,normal,65347.0,31.2,Panamax Bulk Carrier,75000,conventional,11.5,7519.57,26.09,37647.4,22588.42,122993.94,1,1,1
SCN_0022,R6_Chennai_Colombo,Chennai_IN,Colombo_LK,300,normal,65347.0,31.2,Panamax Bulk Carrier,75000,conventional,14.5,9500.0,20.69,37722.0,22633.23,123237.93,1,1,1
SCN_0022,R6_Chennai_Colombo,Chennai_IN,Colombo_LK,300,normal,65347.0,31.2,Panamax Bulk Carrier,75000,lng,8.5,3036.38,35.29,36912.8,16610.78,45679.65,1,0,0
SCN_0022,R6_Chennai_Colombo,Chennai_IN,Colombo_LK,300,normal,65347.0,31.2,Panamax Bulk Carrier,75000,lng,11.5,7519.57,26.09,67567.1,30405.2,83614.3,1,1,1
SCN_0022,R6_Chennai_Colombo,Chennai_IN,Colombo_LK,300,normal,65347.0,31.2,Panamax Bulk Carrier,75000,lng,14.5,9500.0,20.69,67701.1,30465.52,83780.17,1,1,1
SCN_0022,R6_Chennai_Colombo,Chennai_IN,Colombo_LK,300,normal,65347.0,31.2,Panamax Bulk Carrier,75000,methanol,8.5,3036.38,35.29,47358.9,26047.37,51761.34,1,0,0
SCN_0022,R6_Chennai_Colombo,Chennai_IN,Colombo_LK,300,normal,65347.0,31.2,Panamax Bulk Carrier,75000,methanol,11.5,7519.57,26.09,86688.0,47678.41,94746.53,1,1,1
SCN_0022,R6_Chennai_Colombo,Chennai_IN,Colombo_LK,300,normal,65347.0,31.2,Panamax Bulk Carrier,75000,methanol,14.5,9500.0,20.69,86860.0,47772.99,94934.48,1,1,1
SCN_0022,R6_Chennai_Colombo,Chennai_IN,Colombo_LK,300,normal,65347.0,31.2,Panamax Bulk Carrier,75000,ammonia,8.5,3036.38,35.29,81710.4,77624.88,0.0,1,0,0
SCN_0022,R6_Chennai_Colombo,Chennai_IN,Colombo_LK,300,normal,65347.0,31.2,Panamax Bulk Carrier,75000,ammonia,11.5,7519.57,26.09,149566.8,142088.45,0.0,1,1,1
SCN_0022,R6_Chennai_Colombo,Chennai_IN,Colombo_LK,300,normal,65347.0,31.2,Panamax Bulk Carrier,75000,ammonia,14.5,9500.0,20.69,149863.5,142370.31,0.0,1,1,1
SCN_0022,R6_Chennai_Colombo,Chennai_IN,Colombo_LK,300,normal,65347.0,31.2,Kamsarmax Bulk Carrier,82000,conventional,8.5,3189.98,35.29,21607.7,12964.63,70592.42,1,0,0
SCN_0022,R6_Chennai_Colombo,Chennai_IN,Colombo_LK,300,normal,65347.0,31.2,Kamsarmax Bulk Carrier,82000,conventional,12.0,8975.84,25.0,43065.9,25839.54,140696.32,1,1,1
SCN_0022,R6_Chennai_Colombo,Chennai_IN,Colombo_LK,300,normal,65347.0,31.2,Kamsarmax Bulk Carrier,82000,conventional,15.5,9700.0,19.35,36031.3,21618.77,117714.19,1,1,1
SCN_0022,R6_Chennai_Colombo,Chennai_IN,Colombo_LK,300,normal,65347.0,31.2,Kamsarmax Bulk Carrier,82000,lng,8.5,3189.98,35.29,38780.2,17451.08,47990.46,1,0,0
SCN_0022,R6_Chennai_Colombo,Chennai_IN,Colombo_LK,300,normal,65347.0,31.2,Kamsarmax Bulk Carrier,82000,lng,12.0,8975.84,25.0,77292.0,34781.39,95648.81,1,1,1
SCN_0022,R6_Chennai_Colombo,Chennai_IN,Colombo_LK,300,normal,65347.0,31.2,Kamsarmax Bulk Carrier,82000,lng,15.5,9700.0,19.35,64666.7,29100.0,80025.0,1,1,1
SCN_0022,R6_Chennai_Colombo,Chennai_IN,Colombo_LK,300,normal,65347.0,31.2,Kamsarmax Bulk Carrier,82000,methanol,8.5,3189.98,35.29,49754.6,27365.04,54379.81,1,0,0
SCN_0022,R6_Chennai_Colombo,Chennai_IN,Colombo_LK,300,normal,65347.0,31.2,Kamsarmax Bulk Carrier,82000,methanol,12.0,8975.84,25.0,99164.9,54540.7,108383.29,1,1,1
SCN_0022,R6_Chennai_Colombo,Chennai_IN,Colombo_LK,300,normal,65347.0,31.2,Kamsarmax Bulk Carrier,82000,methanol,15.5,9700.0,19.35,82966.8,45631.72,90679.35,1,1,1
SCN_0022,R6_Chennai_Colombo,Chennai_IN,Colombo_LK,300,normal,65347.0,31.2,Kamsarmax Bulk Carrier,82000,ammonia,8.5,3189.98,35.29,85843.9,81551.72,0.0,1,0,0
SCN_0022,R6_Chennai_Colombo,Chennai_IN,Colombo_LK,300,normal,65347.0,31.2,Kamsarmax Bulk Carrier,82000,ammonia,12.0,8975.84,25.0,171093.8,162539.07,0.0,1,1,1
SCN_0022,R6_Chennai_Colombo,Chennai_IN,Colombo_LK,300,normal,65347.0,31.2,Kamsarmax Bulk Carrier,82000,ammonia,15.5,9700.0,19.35,143146.3,135989.03,0.0,1,1,1
SCN_0022,R6_Chennai_Colombo,Chennai_IN,Colombo_LK,300,normal,65347.0,31.2,Kamsarmax Bulk Carrier,82000,hydrogen,8.5,3189.98,35.29,103073.2,190685.33,0.0,1,0,0
SCN_0022,R6_Chennai_Colombo,Chennai_IN,Colombo_LK,300,normal,65347.0,31.2,Kamsarmax Bulk Carrier,82000,hydrogen,12.0,8975.84,25.0,205433.0,380051.04,0.0,1,1,1
SCN_0022,R6_Chennai_Colombo,Chennai_IN,Colombo_LK,300,normal,65347.0,31.2,Kamsarmax Bulk Carrier,82000,hydrogen,15.5,9700.0,19.35,171876.4,317971.38,0.0,1,1,1
SCN_0022,R6_Chennai_Colombo,Chennai_IN,Colombo_LK,300,normal,65347.0,31.2,Capesize Bulk Carrier,180000,conventional,8.5,5037.91,35.29,34124.9,20474.94,111486.03,1,0,0
SCN_0022,R6_Chennai_Colombo,Chennai_IN,Colombo_LK,300,normal,65347.0,31.2,Capesize Bulk Carrier,180000,conventional,12.0,14000.0,25.0,67171.7,40303.03,219450.0,1,1,1
SCN_0022,R6_Chennai_Colombo,Chennai_IN,Colombo_LK,300,normal,65347.0,31.2,Capesize Bulk Carrier,180000,conventional,15.5,14000.0,19.35,52003.9,31202.35,169896.77,1,1,1
SCN_0022,R6_Chennai_Colombo,Chennai_IN,Colombo_LK,300,normal,65347.0,31.2,Capesize Bulk Carrier,180000,lng,8.5,5037.91,35.29,61245.2,27560.34,75790.94,1,0,0
SCN_0022,R6_Chennai_Colombo,Chennai_IN,Colombo_LK,300,normal,65347.0,31.2,Capesize Bulk Carrier,180000,lng,12.0,14000.0,25.0,120555.6,54250.0,149187.5,1,1,1
SCN_0022,R6_Chennai_Colombo,Chennai_IN,Colombo_LK,300,normal,65347.0,31.2,Capesize Bulk Carrier,180000,lng,15.5,14000.0,19.35,93333.3,42000.0,115500.0,1,1,1
SCN_0022,R6_Chennai_Colombo,Chennai_IN,Colombo_LK,300,normal,65347.0,31.2,Capesize Bulk Carrier,180000,ammonia,8.5,5037.91,35.29,135572.6,128793.95,0.0,1,0,0
SCN_0022,R6_Chennai_Colombo,Chennai_IN,Colombo_LK,300,normal,65347.0,31.2,Capesize Bulk Carrier,180000,ammonia,12.0,14000.0,25.0,266862.2,253519.06,0.0,1,1,1
SCN_0022,R6_Chennai_Colombo,Chennai_IN,Colombo_LK,300,normal,65347.0,31.2,Capesize Bulk Carrier,180000,ammonia,15.5,14000.0,19.35,206603.0,196272.82,0.0,1,1,1
SCN_0022,R6_Chennai_Colombo,Chennai_IN,Colombo_LK,300,normal,65347.0,31.2,Aframax Tanker,115000,conventional,8.5,3903.64,35.29,26441.8,15865.07,86385.29,1,0,0
SCN_0022,R6_Chennai_Colombo,Chennai_IN,Colombo_LK,300,normal,65347.0,31.2,Aframax Tanker,115000,conventional,11.75,10311.62,25.53,50527.6,30316.55,165073.62,1,1,1
SCN_0022,R6_Chennai_Colombo,Chennai_IN,Colombo_LK,300,normal,65347.0,31.2,Aframax Tanker,115000,conventional,15.0,13000.0,20.0,49899.0,29939.39,163020.0,1,1,1
SCN_0022,R6_Chennai_Colombo,Chennai_IN,Colombo_LK,300,normal,65347.0,31.2,Aframax Tanker,115000,lng,8.5,3903.64,35.29,47456.0,21355.21,58726.84,1,0,0
SCN_0022,R6_Chennai_Colombo,Chennai_IN,Colombo_LK,300,normal,65347.0,31.2,Aframax Tanker,115000,lng,11.75,10311.62,25.53,90683.7,40807.67,112221.1,1,1,1
SCN_0022,R6_Chennai_Colombo,Chennai_IN,Colombo_LK,300,normal,65347.0,31.2,Aframax Tanker,115000,lng,15.0,13000.0,20.0,89555.6,40300.0,110825.0,1,1,1
SCN_0022,R6_Chennai_Colombo,Chennai_IN,Colombo_LK,300,normal,65347.0,31.2,Aframax Tanker,115000,ammonia,8.5,3903.64,35.29,105048.8,99796.39,0.0,1,0,0
SCN_0022,R6_Chennai_Colombo,Chennai_IN,Colombo_LK,300,normal,65347.0,31.2,Aframax Tanker,115000,ammonia,11.75,10311.62,25.53,200737.8,190700.88,0.0,1,1,1
SCN_0022,R6_Chennai_Colombo,Chennai_IN,Colombo_LK,300,normal,65347.0,31.2,Aframax Tanker,115000,ammonia,15.0,13000.0,20.0,198240.5,188328.45,0.0,1,1,1
SCN_0023,R6_Chennai_Colombo,Chennai_IN,Colombo_LK,300,normal,80360.0,26.4,Handysize Bulk Carrier,35000,conventional,8.5,2041.54,35.29,13828.6,8297.17,45178.11,0,0,0
SCN_0023,R6_Chennai_Colombo,Chennai_IN,Colombo_LK,300,normal,80360.0,26.4,Handysize Bulk Carrier,35000,conventional,11.25,4733.25,26.67,24224.0,14534.41,79139.86,0,0,0
SCN_0023,R6_Chennai_Colombo,Chennai_IN,Colombo_LK,300,normal,80360.0,26.4,Handysize Bulk Carrier,35000,conventional,14.0,6000.0,21.43,24675.3,14805.19,80614.29,0,1,0
SCN_0023,R6_Chennai_Colombo,Chennai_IN,Colombo_LK,300,normal,80360.0,26.4,Handysize Bulk Carrier,35000,lng,8.5,2041.54,35.29,24818.7,11168.43,30713.19,0,0,0
SCN_0023,R6_Chennai_Colombo,Chennai_IN,Colombo_LK,300,normal,80360.0,26.4,Handysize Bulk Carrier,35000,lng,11.25,4733.25,26.67,43475.7,19564.08,53801.22,0,0,0
SCN_0023,R6_Chennai_Colombo,Chennai_IN,Colombo_LK,300,normal,80360.0,26.4,Handysize Bulk Carrier,35000,lng,14.0,6000.0,21.43,44285.7,19928.57,54803.57,0,1,0
SCN_0023,R6_Chennai_Colombo,Chennai_IN,Colombo_LK,300,normal,80360.0,26.4,Handysize Bulk Carrier,35000,methanol,8.5,2041.54,35.29,31842.2,17513.22,34802.28,0,0,0
SCN_0023,R6_Chennai_Colombo,Chennai_IN,Colombo_LK,300,normal,80360.0,26.4,Handysize Bulk Carrier,35000,methanol,11.25,4733.25,26.67,55779.0,30678.44,60964.2,0,0,0
SCN_0023,R6_Chennai_Colombo,Chennai_IN,Colombo_LK,300,normal,80360.0,26.4,Handysize Bulk Carrier,35000,methanol,14.0,6000.0,21.43,56818.2,31250.0,62100.0,0,1,0
SCN_0023,R6_Chennai_Colombo,Chennai_IN,Colombo_LK,300,normal,80360.0,26.4,Supramax Bulk Carrier,58000,conventional,8.5,2630.49,35.29,17817.9,10690.76,58211.18,0,0,0
SCN_0023,R6_Chennai_Colombo,Chennai_IN,Colombo_LK,300,normal,80360.0,26.4,Supramax Bulk Carrier,58000,conventional,11.5,6514.38,26.09,32614.8,19568.9,106552.65,0,1,0
SCN_0023,R6_Chennai_Colombo,Chennai_IN,Colombo_LK,300,normal,80360.0,26.4,Supramax Bulk Carrier,58000,conventional,14.5,8000.0,20.69,31765.9,19059.56,103779.31,0,1,0
SCN_0023,R6_Chennai_Colombo,Chennai_IN,Colombo_LK,300,normal,80360.0,26.4,Supramax Bulk Carrier,58000,lng,8.5,2630.49,35.29,31978.5,14390.32,39573.39,0,0,0
SCN_0023,R6_Chennai_Colombo,Chennai_IN,Colombo_LK,300,normal,80360.0,26.4,Supramax Bulk Carrier,58000,lng,11.5,6514.38,26.09,58535.0,26340.77,72437.11,0,1,0
SCN_0023,R6_Chennai_Colombo,Chennai_IN,Colombo_LK,300,normal,80360.0,26.4,Supramax Bulk Carrier,58000,lng,14.5,8000.0,20.69,57011.5,25655.17,70551.72,0,1,0
SCN_0023,R6_Chennai_Colombo,Chennai_IN,Colombo_LK,300,normal,80360.0,26.4,Supramax Bulk Carrier,58000,methanol,8.5,2630.49,35.29,41028.1,22565.47,44842.11,0,0,0
SCN_0023,R6_Chennai_Colombo,Chennai_IN,Colombo_LK,300,normal,80360.0,26.4,Supramax Bulk Carrier,58000,methanol,11.5,6514.38,26.09,75099.9,41304.97,82081.23,0,1,0
SCN_0023,R6_Chennai_Colombo,Chennai_IN,Colombo_LK,300,normal,80360.0,26.4,Supramax Bulk Carrier,58000,methanol,14.5,8000.0,20.69,73145.2,40229.89,79944.83,0,1,0
SCN_0023,R6_Chennai_Colombo,Chennai_IN,Colombo_LK,300,normal,80360.0,26.4,Panamax Bulk Carrier,75000,conventional,8.5,3003.62,35.29,20345.4,12207.21,66468.29,0,0,0
SCN_0023,R6_Chennai_Colombo,Chennai_IN,Colombo_LK,300,normal,80360.0,26.4,Panamax Bulk Carrier,75000,conventional,11.5,7438.43,26.09,37241.2,22344.69,121666.86,0,1,0
SCN_0023,R6_Chennai_Colombo,Chennai_IN,Colombo_LK,300,normal,80360.0,26.4,Panamax Bulk Carrier,75000,conventional,14.5,9500.0,20.69,37722.0,22633.23,123237.93,0,1,0
SCN_0023,R6_Chennai_Colombo,Chennai_IN,Colombo_LK,300,normal,80360.0,26.4,Panamax Bulk Carrier,75000,lng,8.5,3003.62,35.29,36514.6,16431.55,45186.77,0,0,0
SCN_0023,R6_Chennai_Colombo,Chennai_IN,Colombo_LK,300,normal,80360.0,26.4,Panamax Bulk Carrier,75000,lng,11.5,7438.43,26.09,66838.1,30077.13,82712.12,0,1,0
SCN_0023,R6_Chennai_Colombo,Chennai_IN,Colombo_LK,300,normal,80360.0,26.4,Panamax Bulk Carrier,75000,lng,14.5,9500.0,20.69,67701.1,30465.52,83780.17,0,1,0
SCN_0023,R6_Chennai_Colombo,Chennai_IN,Colombo_LK,300,normal,80360.0,26.4,Panamax Bulk Carrier,75000,methanol,8.5,3003.62,35.29,46847.9,25766.33,51202.84,0,0,0
SCN_0023,R6_Chennai_Colombo,Chennai_IN,Colombo_LK,300,normal,80360.0,26.4,Panamax Bulk Carrier,75000,methanol,11.5,7438.43,26.09,85752.7,47163.97,93724.23,0,1,0
SCN_0023,R6_Chennai_Colombo,Chennai_IN,Colombo_LK,300,normal,80360.0,26.4,Panamax Bulk Carrier,75000,methanol,14.5,9500.0,20.69,86860.0,47772.99,94934.48,0,1,0
SCN_0023,R6_Chennai_Colombo,Chennai_IN,Colombo_LK,300,normal,80360.0,26.4,Panamax Bulk Carrier,75000,ammonia,8.5,3003.62,35.29,80828.8,76787.32,0.0,0,0,0
SCN_0023,R6_Chennai_Colombo,Chennai_IN,Colombo_LK,300,normal,80360.0,26.4,Panamax Bulk Carrier,75000,ammonia,11.5,7438.43,26.09,147953.0,140555.34,0.0,0,1,0
SCN_0023,R6_Chennai_Colombo,Chennai_IN,Colombo_LK,300,normal,80360.0,26.4,Panamax Bulk Carrier,75000,ammonia,14.5,9500.0,20.69,149863.5,142370.31,0.0,0,1,0
SCN_0023,R6_Chennai_Colombo,Chennai_IN,Colombo_LK,300,normal,80360.0,26.4,Kamsarmax Bulk Carrier,82000,conventional,8.5,3155.56,35.29,21374.6,12824.75,69830.74,1,0,0
SCN_0023,R6_Chennai_Colombo,Chennai_IN,Colombo_LK,300,normal,80360.0,26.4,Kamsarmax Bulk Carrier,82000,conventional,12.0,8878.99,25.0,42601.2,25560.74,139178.23,1,1,1
SCN_0023,R6_Chennai_Colombo,Chennai_IN,Colombo_LK,300,normal,80360.0,26.4,Kamsarmax Bulk Carrier,82000,conventional,15.5,9700.0,19.35,36031.3,21618.77,117714.19,1,1,1
SCN_0023,R6_Chennai_Colombo,Chennai_IN,Colombo_LK,300,normal,80360.0,26.4,Kamsarmax Bulk Carrier,82000,lng,8.5,3155.56,35.29,38361.7,17262.78,47472.65,1,0,0
SCN_0023,R6_Chennai_Colombo,Chennai_IN,Colombo_LK,300,normal,80360.0,26.4,Kamsarmax Bulk Carrier,82000,lng,12.0,8878.99,25.0,76458.0,34406.1,94616.78,1,1,1
SCN_0023,R6_Chennai_Colombo,Chennai_IN,Colombo_LK,300,normal,80360.0,26.4,Kamsarmax Bulk Carrier,82000,lng,15.5,9700.0,19.35,64666.7,29100.0,80025.0,1,1,1
SCN_0023,R6_Chennai_Colombo,Chennai_IN,Colombo_LK,300,normal,80360.0,26.4,Kamsarmax Bulk Carrier,82000,methanol,8.5,3155.56,35.29,49217.8,27069.78,53793.06,1,0,0
SCN_0023,R6_Chennai_Colombo,Chennai_IN,Colombo_LK,300,normal,80360.0,26.4,Kamsarmax Bulk Carrier,82000,methanol,12.0,8878.99,25.0,98094.9,53952.22,107213.85,1,1,1
SCN_0023,R6_Chennai_Colombo,Chennai_IN,Colombo_LK,300,normal,80360.0,26.4,Kamsarmax Bulk Carrier,82000,methanol,15.5,9700.0,19.35,82966.8,45631.72,90679.35,1,1,1
SCN_0023,R6_Chennai_Colombo,Chennai_IN,Colombo_LK,300,normal,80360.0,26.4,Kamsarmax Bulk Carrier,82000,ammonia,8.5,3155.56,35.29,84917.7,80671.79,0.0,1,0,0
SCN_0023,R6_Chennai_Colombo,Chennai_IN,Colombo_LK,300,normal,80360.0,26.4,Kamsarmax Bulk Carrier,82000,ammonia,12.0,8878.99,25.0,169247.7,160785.3,0.0,1,1,1
SCN_0023,R6_Chennai_Colombo,Chennai_IN,Colombo_LK,300,normal,80360.0,26.4,Kamsarmax Bulk Carrier,82000,ammonia,15.5,9700.0,19.35,143146.3,135989.03,0.0,1,1,1
SCN_0023,R6_Chennai_Colombo,Chennai_IN,Colombo_LK,300,normal,80360.0,26.4,Kamsarmax Bulk Carrier,82000,hydrogen,8.5,3155.56,35.29,101961.0,188627.87,0.0,1,0,0
SCN_0023,R6_Chennai_Colombo,Chennai_IN,Colombo_LK,300,normal,80360.0,26.4,Kamsarmax Bulk Carrier,82000,hydrogen,12.0,8878.99,25.0,203216.4,375950.35,0.0,1,1,1
SCN_0023,R6_Chennai_Colombo,Chennai_IN,Colombo_LK,300,normal,80360.0,26.4,Kamsarmax Bulk Carrier,82000,hydrogen,15.5,9700.0,19.35,171876.4,317971.38,0.0,1,1,1
SCN_0023,R6_Chennai_Colombo,Chennai_IN,Colombo_LK,300,normal,80360.0,26.4,Capesize Bulk Carrier,180000,conventional,8.5,4983.55,35.29,33756.7,20254.01,110283.11,1,0,0
SCN_0023,R6_Chennai_Colombo,Chennai_IN,Colombo_LK,300,normal,80360.0,26.4,Capesize Bulk Carrier,180000,conventional,12.0,14000.0,25.0,67171.7,40303.03,219450.0,1,1,1
SCN_0023,R6_Chennai_Colombo,Chennai_IN,Colombo_LK,300,normal,80360.0,26.4,Capesize Bulk Carrier,180000,conventional,15.5,14000.0,19.35,52003.9,31202.35,169896.77,1,1,1
SCN_0023,R6_Chennai_Colombo,Chennai_IN,Colombo_LK,300,normal,80360.0,26.4,Capesize Bulk Carrier,180000,lng,8.5,4983.55,35.29,60584.4,27262.97,74973.17,1,0,0
SCN_0023,R6_Chennai_Colombo,Chennai_IN,Colombo_LK,300,normal,80360.0,26.4,Capesize Bulk Carrier,180000,lng,12.0,14000.0,25.0,120555.6,54250.0,149187.5,1,1,1
SCN_0023,R6_Chennai_Colombo,Chennai_IN,Colombo_LK,300,normal,80360.0,26.4,Capesize Bulk Carrier,180000,lng,15.5,14000.0,19.35,93333.3,42000.0,115500.0,1,1,1
SCN_0023,R6_Chennai_Colombo,Chennai_IN,Colombo_LK,300,normal,80360.0,26.4,Capesize Bulk Carrier,180000,ammonia,8.5,4983.55,35.29,134109.8,127404.29,0.0,1,0,0
SCN_0023,R6_Chennai_Colombo,Chennai_IN,Colombo_LK,300,normal,80360.0,26.4,Capesize Bulk Carrier,180000,ammonia,12.0,14000.0,25.0,266862.2,253519.06,0.0,1,1,1
SCN_0023,R6_Chennai_Colombo,Chennai_IN,Colombo_LK,300,normal,80360.0,26.4,Capesize Bulk Carrier,180000,ammonia,15.5,14000.0,19.35,206603.0,196272.82,0.0,1,1,1
SCN_0023,R6_Chennai_Colombo,Chennai_IN,Colombo_LK,300,normal,80360.0,26.4,Aframax Tanker,115000,conventional,8.5,3861.52,35.29,26156.5,15693.89,85453.2,1,0,0
SCN_0023,R6_Chennai_Colombo,Chennai_IN,Colombo_LK,300,normal,80360.0,26.4,Aframax Tanker,115000,conventional,11.75,10200.36,25.53,49982.4,29989.44,163292.5,1,1,1
SCN_0023,R6_Chennai_Colombo,Chennai_IN,Colombo_LK,300,normal,80360.0,26.4,Aframax Tanker,115000,conventional,15.0,13000.0,20.0,49899.0,29939.39,163020.0,1,1,1
SCN_0023,R6_Chennai_Colombo,Chennai_IN,Colombo_LK,300,normal,80360.0,26.4,Aframax Tanker,115000,lng,8.5,3861.52,35.29,46944.0,21124.8,58093.19,1,0,0
SCN_0023,R6_Chennai_Colombo,Chennai_IN,Colombo_LK,300,normal,80360.0,26.4,Aframax Tanker,115000,lng,11.75,10200.36,25.53,89705.3,40367.36,111010.25,1,1,1
SCN_0023,R6_Chennai_Colombo,Chennai_IN,Colombo_LK,300,normal,80360.0,26.4,Aframax Tanker,115000,lng,15.0,13000.0,20.0,89555.6,40300.0,110825.0,1,1,1
SCN_0023,R6_Chennai_Colombo,Chennai_IN,Colombo_LK,300,normal,80360.0,26.4,Aframax Tanker,115000,ammonia,8.5,3861.52,35.29,103915.4,98719.6,0.0,1,0,0
SCN_0023,R6_Chennai_Colombo,Chennai_IN,Colombo_LK,300,normal,80360.0,26.4,Aframax Tanker,115000,ammonia,11.75,10200.36,25.53,198571.8,188643.25,0.0,1,1,1
SCN_0023,R6_Chennai_Colombo,Chennai_IN,Colombo_LK,300,normal,80360.0,26.4,Aframax Tanker,115000,ammonia,15.0,13000.0,20.0,198240.5,188328.45,0.0,1,1,1
SCN_0024,R6_Chennai_Colombo,Chennai_IN,Colombo_LK,300,normal,58363.0,24.0,Handysize Bulk Carrier,35000,conventional,8.5,2061.87,35.29,13966.3,8379.8,45628.02,0,0,0
SCN_0024,R6_Chennai_Colombo,Chennai_IN,Colombo_LK,300,normal,58363.0,24.0,Handysize Bulk Carrier,35000,conventional,11.25,4780.38,26.67,24465.3,14679.15,79927.97,0,0,0
SCN_0024,R6_Chennai_Colombo,Chennai_IN,Colombo_LK,300,normal,58363.0,24.0,Handysize Bulk Carrier,35000,conventional,14.0,6000.0,21.43,24675.3,14805.19,80614.29,0,1,0
SCN_0024,R6_Chennai_Colombo,Chennai_IN,Colombo_LK,300,normal,58363.0,24.0,Handysize Bulk Carrier,35000,lng,8.5,2061.87,35.29,25065.9,11279.65,31019.05,0,0,0
SCN_0024,R6_Chennai_Colombo,Chennai_IN,Colombo_LK,300,normal,58363.0,24.0,Handysize Bulk Carrier,35000,lng,11.25,4780.38,26.67,43908.7,19758.91,54337.0,0,0,0
SCN_0024,R6_Chennai_Colombo,Chennai_IN,Colombo_LK,300,normal,58363.0,24.0,Handysize Bulk Carrier,35000,lng,14.0,6000.0,21.43,44285.7,19928.57,54803.57,0,1,0
SCN_0024,R6_Chennai_Colombo,Chennai_IN,Colombo_LK,300,normal,58363.0,24.0,Handysize Bulk Carrier,35000,methanol,8.5,2061.87,35.29,32159.3,17687.63,35148.86,0,0,0
SCN_0024,R6_Chennai_Colombo,Chennai_IN,Colombo_LK,300,normal,58363.0,24.0,Handysize Bulk Carrier,35000,methanol,11.25,4780.38,26.67,56334.5,30983.95,61571.31,0,0,0
SCN_0024,R6_Chennai_Colombo,Chennai_IN,Colombo_LK,300,normal,58363.0,24.0,Handysize Bulk Carrier,35000,methanol,14.0,6000.0,21.43,56818.2,31250.0,62100.0,0,1,0
SCN_0024,R6_Chennai_Colombo,Chennai_IN,Colombo_LK,300,normal,58363.0,24.0,Supramax Bulk Carrier,58000,conventional,8.5,2656.69,35.29,17995.4,10797.22,58790.88,0,0,0
SCN_0024,R6_Chennai_Colombo,Chennai_IN,Colombo_LK,300,normal,58363.0,24.0,Supramax Bulk Carrier,58000,conventional,11.5,6579.26,26.09,32939.6,19763.78,107613.76,0,0,0
SCN_0024,R6_Chennai_Colombo,Chennai_IN,Colombo_LK,300,normal,58363.0,24.0,Supramax Bulk Carrier,58000,conventional,14.5,8000.0,20.69,31765.9,19059.56,103779.31,0,1,0
SCN_0024,R6_Chennai_Colombo,Chennai_IN,Colombo_LK,300,normal,58363.0,24.0,Supramax Bulk Carrier,58000,lng,8.5,2656.69,35.29,32297.0,14533.63,39967.48,0,0,0
SCN_0024,R6_Chennai_Colombo,Chennai_IN,Colombo_LK,300,normal,58363.0,24.0,Supramax Bulk Carrier,58000,lng,11.5,6579.26,26.09,59118.0,26603.08,73158.47,0,0,0
SCN_0024,R6_Chennai_Colombo,Chennai_IN,Colombo_LK,300,normal,58363.0,24.0,Supramax Bulk Carrier,58000,lng,14.5,8000.0,20.69,57011.5,25655.17,70551.72,0,1,0
SCN_0024,R6_Chennai_Colombo,Chennai_IN,Colombo_LK,300,normal,58363.0,24.0,Supramax Bulk Carrier,58000,methanol,8.5,2656.69,35.29,41436.7,22790.19,45288.67,0,0,0
SCN_0024,R6_Chennai_Colombo,Chennai_IN,Colombo_LK,300,normal,58363.0,24.0,Supramax Bulk Carrier,58000,methanol,11.5,6579.26,26.09,75847.8,41716.3,82898.63,0,0,0
SCN_0024,R6_Chennai_Colombo,Chennai_IN,Colombo_LK,300,normal,58363.0,24.0,Supramax Bulk Carrier,58000,methanol,14.5,8000.0,20.69,73145.2,40229.89,79944.83,0,1,0
SCN_0024,R6_Chennai_Colombo,Chennai_IN,Colombo_LK,300,normal,58363.0,24.0,Panamax Bulk Carrier,75000,conventional,8.5,3033.53,35.29,20548.0,12328.78,67130.21,1,0,0
SCN_0024,R6_Chennai_Colombo,Chennai_IN,Colombo_LK,300,normal,58363.0,24.0,Panamax Bulk Carrier,75000,conventional,11.5,7512.51,26.09,37612.0,22567.21,122878.48,1,0,0
SCN_0024,R6_Chennai_Colombo,Chennai_IN,Colombo_LK,300,normal,58363.0,24.0,Panamax Bulk Carrier,75000,conventional,14.5,9500.0,20.69,37722.0,22633.23,123237.93,1,1,1
SCN_0024,R6_Chennai_Colombo,Chennai_IN,Colombo_LK,300,normal,58363.0,24.0,Panamax Bulk Carrier,75000,lng,8.5,3033.53,35.29,36878.2,16595.19,45636.77,1,0,0
SCN_0024,R6_Chennai_Colombo,Chennai_IN,Colombo_LK,300,normal,58363.0,24.0,Panamax Bulk Carrier,75000,lng,11.5,7512.51,26.09,67503.7,30376.66,83535.81,1,0,0
SCN_0024,R6_Chennai_Colombo,Chennai_IN,Colombo_LK,300,normal,58363.0,24.0,Panamax Bulk Carrier,75000,lng,14.5,9500.0,20.69,67701.1,30465.52,83780.17,1,1,1
SCN_0024,R6_Chennai_Colombo,Chennai_IN,Colombo_LK,300,normal,58363.0,24.0,Panamax Bulk Carrier,75000,methanol,8.5,3033.53,35.29,47314.4,26022.92,51712.75,1,0,0
SCN_0024,R6_Chennai_Colombo,Chennai_IN,Colombo_LK,300,normal,58363.0,24.0,Panamax Bulk Carrier,75000,methanol,11.5,7512.51,26.09,86606.6,47633.65,94657.59,1,0,0
SCN_0024,R6_Chennai_Colombo,Chennai_IN,Colombo_LK,300,normal,58363.0,24.0,Panamax Bulk Carrier,75000,methanol,14.5,9500.0,20.69,86860.0,47772.99,94934.48,1,1,1
SCN_0024,R6_Chennai_Colombo,Chennai_IN,Colombo_LK,300,normal,58363.0,24.0,Panamax Bulk Carrier,75000,ammonia,8.5,3033.53,35.29,81633.7,77552.01,0.0,1,0,0
SCN_0024,R6_Chennai_Colombo,Chennai_IN,Colombo_LK,300,normal,58363.0,24.0,Panamax Bulk Carrier,75000,ammonia,11.5,7512.51,26.09,149426.4,141955.06,0.0,1,0,0
SCN_0024,R6_Chennai_Colombo,Chennai_IN,Colombo_LK,300,normal,58363.0,24.0,Panamax Bulk Carrier,75000,ammonia,14.5,9500.0,20.69,149863.5,142370.31,0.0,1,1,1
SCN_0024,R6_Chennai_Colombo,Chennai_IN,Colombo_LK,300,normal,58363.0,24.0,Kamsarmax Bulk Carrier,82000,conventional,8.5,3186.99,35.29,21587.4,12952.46,70526.15,1,0,0
SCN_0024,R6_Chennai_Colombo,Chennai_IN,Colombo_LK,300,normal,58363.0,24.0,Kamsarmax Bulk Carrier,82000,conventional,12.0,8967.42,25.0,43025.5,25815.29,140564.23,1,0,0
SCN_0024,R6_Chennai_Colombo,Chennai_IN,Colombo_LK,300,normal,58363.0,24.0,Kamsarmax Bulk Carrier,82000,conventional,15.5,9700.0,19.35,36031.3,21618.77,117714.19,1,1,1
SCN_0024,R6_Chennai_Colombo,Chennai_IN,Colombo_LK,300,normal,58363.0,24.0,Kamsarmax Bulk Carrier,82000,lng,8.5,3186.99,35.29,38743.8,17434.69,47945.41,1,0,0
SCN_0024,R6_Chennai_Colombo,Chennai_IN,Colombo_LK,300,normal,58363.0,24.0,Kamsarmax Bulk Carrier,82000,lng,12.0,8967.42,25.0,77219.4,34748.73,95559.02,1,0,0
SCN_0024,R6_Chennai_Colombo,Chennai_IN,Colombo_LK,300,normal,58363.0,24.0,Kamsarmax Bulk Carrier,82000,lng,15.5,9700.0,19.35,64666.7,29100.0,80025.0,1,1,1
SCN_0024,R6_Chennai_Colombo,Chennai_IN,Colombo_LK,300,normal,58363.0,24.0,Kamsarmax Bulk Carrier,82000,methanol,8.5,3186.99,35.29,49707.9,27339.35,54328.76,1,0,0
SCN_0024,R6_Chennai_Colombo,Chennai_IN,Colombo_LK,300,normal,58363.0,24.0,Kamsarmax Bulk Carrier,82000,methanol,12.0,8967.42,25.0,99071.8,54489.5,108281.54,1,0,0
SCN_0024,R6_Chennai_Colombo,Chennai_IN,Colombo_LK,300,normal,58363.0,24.0,Kamsarmax Bulk Carrier,82000,methanol,15.5,9700.0,19.35,82966.8,45631.72,90679.35,1,1,1
SCN_0024,R6_Chennai_Colombo,Chennai_IN,Colombo_LK,300,normal,58363.0,24.0,Kamsarmax Bulk Carrier,82000,ammonia,8.5,3186.99,35.29,85763.3,81475.16,0.0,1,0,0
SCN_0024,R6_Chennai_Colombo,Chennai_IN,Colombo_LK,300,normal,58363.0,24.0,Kamsarmax Bulk Carrier,82000,ammonia,12.0,8967.42,25.0,170933.1,162386.48,0.0,1,0,0
SCN_0024,R6_Chennai_Colombo,Chennai_IN,Colombo_LK,300,normal,58363.0,24.0,Kamsarmax Bulk Carrier,82000,ammonia,15.5,9700.0,19.35,143146.3,135989.03,0.0,1,1,1
SCN_0024,R6_Chennai_Colombo,Chennai_IN,Colombo_LK,300,normal,58363.0,24.0,Kamsarmax Bulk Carrier,82000,hydrogen,8.5,3186.99,35.29,102976.4,190506.32,0.0,1,0,0
SCN_0024,R6_Chennai_Colombo,Chennai_IN,Colombo_LK,300,normal,58363.0,24.0,Kamsarmax Bulk Carrier,82000,hydrogen,12.0,8967.42,25.0,205240.1,379694.26,0.0,1,0,0
SCN_0024,R6_Chennai_Colombo,Chennai_IN,Colombo_LK,300,normal,58363.0,24.0,Kamsarmax Bulk Carrier,82000,hydrogen,15.5,9700.0,19.35,171876.4,317971.38,0.0,1,1,1
SCN_0024,R6_Chennai_Colombo,Chennai_IN,Colombo_LK,300,normal,58363.0,24.0,Capesize Bulk Carrier,180000,conventional,8.5,5033.18,35.29,34092.9,20455.71,111381.37,1,0,0
SCN_0024,R6_Chennai_Colombo,Chennai_IN,Colombo_LK,300,normal,58363.0,24.0,Capesize Bulk Carrier,180000,conventional,12.0,14000.0,25.0,67171.7,40303.03,219450.0,1,0,0
SCN_0024,R6_Chennai_Colombo,Chennai_IN,Colombo_LK,300,normal,58363.0,24.0,Capesize Bulk Carrier,180000,conventional,15.5,14000.0,19.35,52003.9,31202.35,169896.77,1,1,1
SCN_0024,R6_Chennai_Colombo,Chennai_IN,Colombo_LK,300,normal,58363.0,24.0,Capesize Bulk Carrier,180000,lng,8.5,5033.18,35.29,61187.7,27534.47,75719.79,1,0,0
SCN_0024,R6_Chennai_Colombo,Chennai_IN,Colombo_LK,300,normal,58363.0,24.0,Capesize Bulk Carrier,180000,lng,12.0,14000.0,25.0,120555.6,54250.0,149187.5,1,0,0
SCN_0024,R6_Chennai_Colombo,Chennai_IN,Colombo_LK,300,normal,58363.0,24.0,Capesize Bulk Carrier,180000,lng,15.5,14000.0,19.35,93333.3,42000.0,115500.0,1,1,1
SCN_0024,R6_Chennai_Colombo,Chennai_IN,Colombo_LK,300,normal,58363.0,24.0,Capesize Bulk Carrier,180000,ammonia,8.5,5033.18,35.29,135445.3,128673.04,0.0,1,0,0
SCN_0024,R6_Chennai_Colombo,Chennai_IN,Colombo_LK,300,normal,58363.0,24.0,Capesize Bulk Carrier,180000,ammonia,12.0,14000.0,25.0,266862.2,253519.06,0.0,1,0,0
SCN_0024,R6_Chennai_Colombo,Chennai_IN,Colombo_LK,300,normal,58363.0,24.0,Capesize Bulk Carrier,180000,ammonia,15.5,14000.0,19.35,206603.0,196272.82,0.0,1,1,1
SCN_0024,R6_Chennai_Colombo,Chennai_IN,Colombo_LK,300,normal,58363.0,24.0,Aframax Tanker,115000,conventional,8.5,3899.98,35.29,26417.0,15850.17,86304.19,1,0,0
SCN_0024,R6_Chennai_Colombo,Chennai_IN,Colombo_LK,300,normal,58363.0,24.0,Aframax Tanker,115000,conventional,11.75,10301.94,25.53,50480.1,30288.09,164918.65,1,0,0
SCN_0024,R6_Chennai_Colombo,Chennai_IN,Colombo_LK,300,normal,58363.0,24.0,Aframax Tanker,115000,conventional,15.0,13000.0,20.0,49899.0,29939.39,163020.0,1,1,1
SCN_0024,R6_Chennai_Colombo,Chennai_IN,Colombo_LK,300,normal,58363.0,24.0,Aframax Tanker,115000,lng,8.5,3899.98,35.29,47411.5,21335.17,58671.71,1,0,0
SCN_0024,R6_Chennai_Colombo,Chennai_IN,Colombo_LK,300,normal,58363.0,24.0,Aframax Tanker,115000,lng,11.75,10301.94,25.53,90598.6,40769.36,112115.75,1,0,0
SCN_0024,R6_Chennai_Colombo,Chennai_IN,Colombo_LK,300,normal,58363.0,24.0,Aframax Tanker,115000,lng,15.0,13000.0,20.0,89555.6,40300.0,110825.0,1,1,1
SCN_0024,R6_Chennai_Colombo,Chennai_IN,Colombo_LK,300,normal,58363.0,24.0,Aframax Tanker,115000,ammonia,8.5,3899.98,35.29,104950.2,99702.7,0.0,1,0,0
SCN_0024,R6_Chennai_Colombo,Chennai_IN,Colombo_LK,300,normal,58363.0,24.0,Aframax Tanker,115000,ammonia,11.75,10301.94,25.53,200549.3,190521.85,0.0,1,0,0
SCN_0024,R6_Chennai_Colombo,Chennai_IN,Colombo_LK,300,normal,58363.0,24.0,Aframax Tanker,115000,ammonia,15.0,13000.0,20.0,198240.5,188328.45,0.0,1,1,1
